[2026-07-20 14:21:50,187][flwr][INFO] - Starting Flower simulation, config: num_rounds=3, no round_timeout
[2026-07-20 14:22:00,320][flwr][INFO] - Flower VCE: Ray initialized with resources: {'CPU': 16.0, 'memory': 2034803098.0, 'node:127.0.0.1': 1.0, 'node:__internal_head__': 1.0, 'object_store_memory': 872058470.0}
[2026-07-20 14:22:00,321][flwr][INFO] - Optimize your simulation with Flower VCE: https://flower.ai/docs/framework/how-to-run-simulations.html
[2026-07-20 14:22:00,321][flwr][INFO] - Flower VCE: Resources for each Virtual Client: {'num_cpus': 1, 'num_gpus': 0.0}
[2026-07-20 14:22:00,820][flwr][INFO] - Flower VCE: Creating VirtualClientEngineActorPool with 16 actors
[2026-07-20 14:22:00,820][flwr][INFO] - [INIT]
[2026-07-20 14:22:00,820][flwr][INFO] - Requesting initial parameters from one random client
[2026-07-20 14:22:16,409][flwr][INFO] - Received initial parameters from one random client
[2026-07-20 14:22:16,409][flwr][INFO] - Evaluating initial global parameters
[2026-07-20 14:22:16,409][flwr][INFO] - 
[2026-07-20 14:22:16,409][flwr][INFO] - [ROUND 1]
[2026-07-20 14:22:16,410][flwr][INFO] - configure_fit: strategy sampled 3 clients (out of 3)
[2026-07-20 14:22:16,433][flwr][ERROR] - Traceback (most recent call last):
  File "C:\Users\prana\OneDrive\Desktop\federated\.venv\Lib\site-packages\flwr\simulation\ray_transport\ray_client_proxy.py", line 73, in _submit_job
    out_mssg, updated_context = self.actor_pool.get_client_result(
                                ^^^^^^^^^^^^^^^^^^^^^^^^^^^^^^^^^^
  File "C:\Users\prana\OneDrive\Desktop\federated\.venv\Lib\site-packages\flwr\simulation\ray_transport\ray_actor.py", line 399, in get_client_result
    return self._fetch_future_result(cid)
           ^^^^^^^^^^^^^^^^^^^^^^^^^^^^^^
  File "C:\Users\prana\OneDrive\Desktop\federated\.venv\Lib\site-packages\flwr\simulation\ray_transport\ray_actor.py", line 280, in _fetch_future_result
    res_cid, out_mssg, updated_context = ray.get(
                                         ^^^^^^^^
  File "C:\Users\prana\OneDrive\Desktop\federated\.venv\Lib\site-packages\ray\_private\auto_init_hook.py", line 22, in auto_init_wrapper
    return fn(*args, **kwargs)
           ^^^^^^^^^^^^^^^^^^^
  File "C:\Users\prana\OneDrive\Desktop\federated\.venv\Lib\site-packages\ray\_private\client_mode_hook.py", line 110, in wrapper
    return func(*args, **kwargs)
           ^^^^^^^^^^^^^^^^^^^^^
  File "C:\Users\prana\OneDrive\Desktop\federated\.venv\Lib\site-packages\ray\_private\worker.py", line 2968, in get
    values, debugger_breakpoint = worker.get_objects(
                                  ^^^^^^^^^^^^^^^^^^^
  File "C:\Users\prana\OneDrive\Desktop\federated\.venv\Lib\site-packages\ray\_private\worker.py", line 1050, in get_objects
    raise value.as_instanceof_cause()
ray.exceptions.RayTaskError(ClientAppException): [36mray::ClientAppActor.run()[39m (pid=39756, ip=127.0.0.1, actor_id=e60c3a11981d16e80157505b01000000, repr=<flwr.simulation.ray_transport.ray_actor.ClientAppActor object at 0x0000024C3A4F6BA0>)
                  ^^^^^^^^^^^^^^^^^^^^^^^^^^^^^^^^^^^^^
  File "C:\Users\prana\OneDrive\Desktop\federated\.venv\Lib\site-packages\flwr\client\client_app.py", line 98, in __call__
    return self._call(message, context)
           ^^^^^^^^^^^^^^^^^^^^^^^^^^^^
  File "C:\Users\prana\OneDrive\Desktop\federated\.venv\Lib\site-packages\flwr\client\client_app.py", line 81, in ffn
    out_message = handle_legacy_message_from_msgtype(
                  ^^^^^^^^^^^^^^^^^^^^^^^^^^^^^^^^^^^
  File "C:\Users\prana\OneDrive\Desktop\federated\.venv\Lib\site-packages\flwr\client\message_handler\message_handler.py", line 96, in handle_legacy_message_from_msgtype
    client = client_fn(str(message.metadata.partition_id))
             ^^^^^^^^^^^^^^^^^^^^^^^^^^^^^^^^^^^^^^^^^^^^^
  File "C:\Users\prana\OneDrive\Desktop\federated\scripts\federated_simulation.py", line 44, in client_fn
    train_loader = data_module.train_dataloader()
                   ^^^^^^^^^^^^^^^^^^^^^^^^^^^^^^
  File "C:\Users\prana\OneDrive\Desktop\federated\app\datasets\loader.py", line 31, in train_dataloader
    return DataLoader(self.train_dataset, batch_size=self.batch_size, shuffle=True)
           ^^^^^^^^^^^^^^^^^^^^^^^^^^^^^^^^^^^^^^^^^^^^^^^^^^^^^^^^^^^^^^^^^^^^^^^^
  File "C:\Users\prana\OneDrive\Desktop\federated\.venv\Lib\site-packages\torch\utils\data\dataloader.py", line 401, in __init__
    sampler = RandomSampler(dataset, generator=generator)  # type: ignore[arg-type]
              ^^^^^^^^^^^^^^^^^^^^^^^^^^^^^^^^^^^^^^^^^^^
  File "C:\Users\prana\OneDrive\Desktop\federated\.venv\Lib\site-packages\torch\utils\data\sampler.py", line 149, in __init__
    raise ValueError(
ValueError: num_samples should be a positive integer value, but got num_samples=0

The above exception was the direct cause of the following exception:

[36mray::ClientAppActor.run()[39m (pid=39756, ip=127.0.0.1, actor_id=e60c3a11981d16e80157505b01000000, repr=<flwr.simulation.ray_transport.ray_actor.ClientAppActor object at 0x0000024C3A4F6BA0>)
  File "python\\ray\\_raylet.pyx", line 1836, in ray._raylet.execute_task
  File "python\\ray\\_raylet.pyx", line 1947, in ray._raylet.execute_task
  File "python\\ray\\_raylet.pyx", line 1843, in ray._raylet.execute_task
  File "python\\ray\\_raylet.pyx", line 1786, in ray._raylet.execute_task.function_executor
  File "C:\Users\prana\OneDrive\Desktop\federated\.venv\Lib\site-packages\ray\_private\function_manager.py", line 740, in actor_method_executor
    return method(__ray_actor, *args, **kwargs)
           ^^^^^^^^^^^^^^^^^^^^^^^^^^^^^^^^^^^^
  File "C:\Users\prana\OneDrive\Desktop\federated\.venv\Lib\site-packages\ray\util\tracing\tracing_helper.py", line 487, in _resume_span
    return method(self, *_args, **_kwargs)
           ^^^^^^^^^^^^^^^^^^^^^^^^^^^^^^^
  File "C:\Users\prana\OneDrive\Desktop\federated\.venv\Lib\site-packages\flwr\simulation\ray_transport\ray_actor.py", line 64, in run
    raise ClientAppException(str(ex)) from ex
flwr.client.client_app.ClientAppException: 
Exception ClientAppException occurred. Message: num_samples should be a positive integer value, but got num_samples=0

[2026-07-20 14:22:16,434][flwr][ERROR] - [36mray::ClientAppActor.run()[39m (pid=39756, ip=127.0.0.1, actor_id=e60c3a11981d16e80157505b01000000, repr=<flwr.simulation.ray_transport.ray_actor.ClientAppActor object at 0x0000024C3A4F6BA0>)
                  ^^^^^^^^^^^^^^^^^^^^^^^^^^^^^^^^^^^^^
  File "C:\Users\prana\OneDrive\Desktop\federated\.venv\Lib\site-packages\flwr\client\client_app.py", line 98, in __call__
    return self._call(message, context)
           ^^^^^^^^^^^^^^^^^^^^^^^^^^^^
  File "C:\Users\prana\OneDrive\Desktop\federated\.venv\Lib\site-packages\flwr\client\client_app.py", line 81, in ffn
    out_message = handle_legacy_message_from_msgtype(
                  ^^^^^^^^^^^^^^^^^^^^^^^^^^^^^^^^^^^
  File "C:\Users\prana\OneDrive\Desktop\federated\.venv\Lib\site-packages\flwr\client\message_handler\message_handler.py", line 96, in handle_legacy_message_from_msgtype
    client = client_fn(str(message.metadata.partition_id))
             ^^^^^^^^^^^^^^^^^^^^^^^^^^^^^^^^^^^^^^^^^^^^^
  File "C:\Users\prana\OneDrive\Desktop\federated\scripts\federated_simulation.py", line 44, in client_fn
    train_loader = data_module.train_dataloader()
                   ^^^^^^^^^^^^^^^^^^^^^^^^^^^^^^
  File "C:\Users\prana\OneDrive\Desktop\federated\app\datasets\loader.py", line 31, in train_dataloader
    return DataLoader(self.train_dataset, batch_size=self.batch_size, shuffle=True)
           ^^^^^^^^^^^^^^^^^^^^^^^^^^^^^^^^^^^^^^^^^^^^^^^^^^^^^^^^^^^^^^^^^^^^^^^^
  File "C:\Users\prana\OneDrive\Desktop\federated\.venv\Lib\site-packages\torch\utils\data\dataloader.py", line 401, in __init__
    sampler = RandomSampler(dataset, generator=generator)  # type: ignore[arg-type]
              ^^^^^^^^^^^^^^^^^^^^^^^^^^^^^^^^^^^^^^^^^^^
  File "C:\Users\prana\OneDrive\Desktop\federated\.venv\Lib\site-packages\torch\utils\data\sampler.py", line 149, in __init__
    raise ValueError(
ValueError: num_samples should be a positive integer value, but got num_samples=0

The above exception was the direct cause of the following exception:

[36mray::ClientAppActor.run()[39m (pid=39756, ip=127.0.0.1, actor_id=e60c3a11981d16e80157505b01000000, repr=<flwr.simulation.ray_transport.ray_actor.ClientAppActor object at 0x0000024C3A4F6BA0>)
  File "python\\ray\\_raylet.pyx", line 1836, in ray._raylet.execute_task
  File "python\\ray\\_raylet.pyx", line 1947, in ray._raylet.execute_task
  File "python\\ray\\_raylet.pyx", line 1843, in ray._raylet.execute_task
  File "python\\ray\\_raylet.pyx", line 1786, in ray._raylet.execute_task.function_executor
  File "C:\Users\prana\OneDrive\Desktop\federated\.venv\Lib\site-packages\ray\_private\function_manager.py", line 740, in actor_method_executor
    return method(__ray_actor, *args, **kwargs)
           ^^^^^^^^^^^^^^^^^^^^^^^^^^^^^^^^^^^^
  File "C:\Users\prana\OneDrive\Desktop\federated\.venv\Lib\site-packages\ray\util\tracing\tracing_helper.py", line 487, in _resume_span
    return method(self, *_args, **_kwargs)
           ^^^^^^^^^^^^^^^^^^^^^^^^^^^^^^^
  File "C:\Users\prana\OneDrive\Desktop\federated\.venv\Lib\site-packages\flwr\simulation\ray_transport\ray_actor.py", line 64, in run
    raise ClientAppException(str(ex)) from ex
flwr.client.client_app.ClientAppException: 
Exception ClientAppException occurred. Message: num_samples should be a positive integer value, but got num_samples=0
[2026-07-20 14:22:25,329][flwr][ERROR] - Traceback (most recent call last):
  File "C:\Users\prana\OneDrive\Desktop\federated\.venv\Lib\site-packages\flwr\simulation\ray_transport\ray_client_proxy.py", line 73, in _submit_job
    out_mssg, updated_context = self.actor_pool.get_client_result(
                                ^^^^^^^^^^^^^^^^^^^^^^^^^^^^^^^^^^
  File "C:\Users\prana\OneDrive\Desktop\federated\.venv\Lib\site-packages\flwr\simulation\ray_transport\ray_actor.py", line 399, in get_client_result
    return self._fetch_future_result(cid)
           ^^^^^^^^^^^^^^^^^^^^^^^^^^^^^^
  File "C:\Users\prana\OneDrive\Desktop\federated\.venv\Lib\site-packages\flwr\simulation\ray_transport\ray_actor.py", line 280, in _fetch_future_result
    res_cid, out_mssg, updated_context = ray.get(
                                         ^^^^^^^^
  File "C:\Users\prana\OneDrive\Desktop\federated\.venv\Lib\site-packages\ray\_private\auto_init_hook.py", line 22, in auto_init_wrapper
    return fn(*args, **kwargs)
           ^^^^^^^^^^^^^^^^^^^
  File "C:\Users\prana\OneDrive\Desktop\federated\.venv\Lib\site-packages\ray\_private\client_mode_hook.py", line 110, in wrapper
    return func(*args, **kwargs)
           ^^^^^^^^^^^^^^^^^^^^^
  File "C:\Users\prana\OneDrive\Desktop\federated\.venv\Lib\site-packages\ray\_private\worker.py", line 2968, in get
    values, debugger_breakpoint = worker.get_objects(
                                  ^^^^^^^^^^^^^^^^^^^
  File "C:\Users\prana\OneDrive\Desktop\federated\.venv\Lib\site-packages\ray\_private\worker.py", line 1050, in get_objects
    raise value.as_instanceof_cause()
ray.exceptions.RayTaskError(ClientAppException): [36mray::ClientAppActor.run()[39m (pid=37792, ip=127.0.0.1, actor_id=09ceeba6a3e048cbb0f499e901000000, repr=<flwr.simulation.ray_transport.ray_actor.ClientAppActor object at 0x000001BF560D6C90>)
                  ^^^^^^^^^^^^^^^^^^^^^^^^^^^^^^^^^^^^^
  File "C:\Users\prana\OneDrive\Desktop\federated\.venv\Lib\site-packages\flwr\client\client_app.py", line 98, in __call__
    return self._call(message, context)
           ^^^^^^^^^^^^^^^^^^^^^^^^^^^^
  File "C:\Users\prana\OneDrive\Desktop\federated\.venv\Lib\site-packages\flwr\client\client_app.py", line 81, in ffn
    out_message = handle_legacy_message_from_msgtype(
                  ^^^^^^^^^^^^^^^^^^^^^^^^^^^^^^^^^^^
  File "C:\Users\prana\OneDrive\Desktop\federated\.venv\Lib\site-packages\flwr\client\message_handler\message_handler.py", line 130, in handle_legacy_message_from_msgtype
    fit_res = maybe_call_fit(
              ^^^^^^^^^^^^^^^
  File "C:\Users\prana\OneDrive\Desktop\federated\.venv\Lib\site-packages\flwr\client\client.py", line 234, in maybe_call_fit
    return client.fit(fit_ins)
           ^^^^^^^^^^^^^^^^^^^
  File "C:\Users\prana\OneDrive\Desktop\federated\.venv\Lib\site-packages\flwr\client\numpy_client.py", line 238, in _fit
    results = self.numpy_client.fit(parameters, ins.config)  # type: ignore
              ^^^^^^^^^^^^^^^^^^^^^^^^^^^^^^^^^^^^^^^^^^^^^
  File "C:\Users\prana\OneDrive\Desktop\federated\app\federated\client.py", line 52, in fit
    self.trainer.fit(self.train_loader, self.val_loader, epochs=self.epochs,
  File "C:\Users\prana\OneDrive\Desktop\federated\app\training\trainer.py", line 37, in fit
    train_logs = self._train_epoch(train_loader, epoch, proximal_mu, global_params)
                 ^^^^^^^^^^^^^^^^^^^^^^^^^^^^^^^^^^^^^^^^^^^^^^^^^^^^^^^^^^^^^^^^^^
  File "C:\Users\prana\OneDrive\Desktop\federated\app\training\trainer.py", line 83, in _train_epoch
    output = self.model(data)
             ^^^^^^^^^^^^^^^^
  File "C:\Users\prana\OneDrive\Desktop\federated\.venv\Lib\site-packages\torch\nn\modules\module.py", line 1778, in _wrapped_call_impl
    return self._call_impl(*args, **kwargs)
           ^^^^^^^^^^^^^^^^^^^^^^^^^^^^^^^^
  File "C:\Users\prana\OneDrive\Desktop\federated\.venv\Lib\site-packages\torch\nn\modules\module.py", line 1789, in _call_impl
    return forward_call(*args, **kwargs)
           ^^^^^^^^^^^^^^^^^^^^^^^^^^^^^
  File "C:\Users\prana\OneDrive\Desktop\federated\app\models\mlp.py", line 24, in forward
    return self.network(x)
           ^^^^^^^^^^^^^^^
  File "C:\Users\prana\OneDrive\Desktop\federated\.venv\Lib\site-packages\torch\nn\modules\module.py", line 1778, in _wrapped_call_impl
    return self._call_impl(*args, **kwargs)
           ^^^^^^^^^^^^^^^^^^^^^^^^^^^^^^^^
  File "C:\Users\prana\OneDrive\Desktop\federated\.venv\Lib\site-packages\torch\nn\modules\module.py", line 1789, in _call_impl
    return forward_call(*args, **kwargs)
           ^^^^^^^^^^^^^^^^^^^^^^^^^^^^^
  File "C:\Users\prana\OneDrive\Desktop\federated\.venv\Lib\site-packages\torch\nn\modules\container.py", line 253, in forward
    input = module(input)
            ^^^^^^^^^^^^^
  File "C:\Users\prana\OneDrive\Desktop\federated\.venv\Lib\site-packages\torch\nn\modules\module.py", line 1778, in _wrapped_call_impl
    return self._call_impl(*args, **kwargs)
           ^^^^^^^^^^^^^^^^^^^^^^^^^^^^^^^^
  File "C:\Users\prana\OneDrive\Desktop\federated\.venv\Lib\site-packages\torch\nn\modules\module.py", line 1789, in _call_impl
    return forward_call(*args, **kwargs)
           ^^^^^^^^^^^^^^^^^^^^^^^^^^^^^
  File "C:\Users\prana\OneDrive\Desktop\federated\.venv\Lib\site-packages\torch\nn\modules\batchnorm.py", line 210, in forward
    return F.batch_norm(
           ^^^^^^^^^^^^^
  File "C:\Users\prana\OneDrive\Desktop\federated\.venv\Lib\site-packages\torch\nn\functional.py", line 2889, in batch_norm
    _verify_batch_size(input.size())
  File "C:\Users\prana\OneDrive\Desktop\federated\.venv\Lib\site-packages\torch\nn\functional.py", line 2854, in _verify_batch_size
    raise ValueError(
ValueError: Expected more than 1 value per channel when training, got input size torch.Size([1, 128])

The above exception was the direct cause of the following exception:

[36mray::ClientAppActor.run()[39m (pid=37792, ip=127.0.0.1, actor_id=09ceeba6a3e048cbb0f499e901000000, repr=<flwr.simulation.ray_transport.ray_actor.ClientAppActor object at 0x000001BF560D6C90>)
  File "python\\ray\\_raylet.pyx", line 1836, in ray._raylet.execute_task
  File "python\\ray\\_raylet.pyx", line 1947, in ray._raylet.execute_task
  File "python\\ray\\_raylet.pyx", line 1843, in ray._raylet.execute_task
  File "python\\ray\\_raylet.pyx", line 1786, in ray._raylet.execute_task.function_executor
  File "C:\Users\prana\OneDrive\Desktop\federated\.venv\Lib\site-packages\ray\_private\function_manager.py", line 740, in actor_method_executor
    return method(__ray_actor, *args, **kwargs)
           ^^^^^^^^^^^^^^^^^^^^^^^^^^^^^^^^^^^^
  File "C:\Users\prana\OneDrive\Desktop\federated\.venv\Lib\site-packages\ray\util\tracing\tracing_helper.py", line 487, in _resume_span
    return method(self, *_args, **_kwargs)
           ^^^^^^^^^^^^^^^^^^^^^^^^^^^^^^^
  File "C:\Users\prana\OneDrive\Desktop\federated\.venv\Lib\site-packages\flwr\simulation\ray_transport\ray_actor.py", line 64, in run
    raise ClientAppException(str(ex)) from ex
flwr.client.client_app.ClientAppException: 
Exception ClientAppException occurred. Message: Expected more than 1 value per channel when training, got input size torch.Size([1, 128])

[2026-07-20 14:22:25,329][flwr][ERROR] - Traceback (most recent call last):
  File "C:\Users\prana\OneDrive\Desktop\federated\.venv\Lib\site-packages\flwr\simulation\ray_transport\ray_client_proxy.py", line 73, in _submit_job
    out_mssg, updated_context = self.actor_pool.get_client_result(
                                ^^^^^^^^^^^^^^^^^^^^^^^^^^^^^^^^^^
  File "C:\Users\prana\OneDrive\Desktop\federated\.venv\Lib\site-packages\flwr\simulation\ray_transport\ray_actor.py", line 399, in get_client_result
    return self._fetch_future_result(cid)
           ^^^^^^^^^^^^^^^^^^^^^^^^^^^^^^
  File "C:\Users\prana\OneDrive\Desktop\federated\.venv\Lib\site-packages\flwr\simulation\ray_transport\ray_actor.py", line 280, in _fetch_future_result
    res_cid, out_mssg, updated_context = ray.get(
                                         ^^^^^^^^
  File "C:\Users\prana\OneDrive\Desktop\federated\.venv\Lib\site-packages\ray\_private\auto_init_hook.py", line 22, in auto_init_wrapper
    return fn(*args, **kwargs)
           ^^^^^^^^^^^^^^^^^^^
  File "C:\Users\prana\OneDrive\Desktop\federated\.venv\Lib\site-packages\ray\_private\client_mode_hook.py", line 110, in wrapper
    return func(*args, **kwargs)
           ^^^^^^^^^^^^^^^^^^^^^
  File "C:\Users\prana\OneDrive\Desktop\federated\.venv\Lib\site-packages\ray\_private\worker.py", line 2968, in get
    values, debugger_breakpoint = worker.get_objects(
                                  ^^^^^^^^^^^^^^^^^^^
  File "C:\Users\prana\OneDrive\Desktop\federated\.venv\Lib\site-packages\ray\_private\worker.py", line 1050, in get_objects
    raise value.as_instanceof_cause()
ray.exceptions.RayTaskError(ClientAppException): [36mray::ClientAppActor.run()[39m (pid=37036, ip=127.0.0.1, actor_id=17f77260ac1ee682d8d248b501000000, repr=<flwr.simulation.ray_transport.ray_actor.ClientAppActor object at 0x0000026D91DF6C00>)
                  ^^^^^^^^^^^^^^^^^^^^^^^^^^^^^^^^^^^^^
  File "C:\Users\prana\OneDrive\Desktop\federated\.venv\Lib\site-packages\flwr\client\client_app.py", line 98, in __call__
    return self._call(message, context)
           ^^^^^^^^^^^^^^^^^^^^^^^^^^^^
  File "C:\Users\prana\OneDrive\Desktop\federated\.venv\Lib\site-packages\flwr\client\client_app.py", line 81, in ffn
    out_message = handle_legacy_message_from_msgtype(
                  ^^^^^^^^^^^^^^^^^^^^^^^^^^^^^^^^^^^
  File "C:\Users\prana\OneDrive\Desktop\federated\.venv\Lib\site-packages\flwr\client\message_handler\message_handler.py", line 130, in handle_legacy_message_from_msgtype
    fit_res = maybe_call_fit(
              ^^^^^^^^^^^^^^^
  File "C:\Users\prana\OneDrive\Desktop\federated\.venv\Lib\site-packages\flwr\client\client.py", line 234, in maybe_call_fit
    return client.fit(fit_ins)
           ^^^^^^^^^^^^^^^^^^^
  File "C:\Users\prana\OneDrive\Desktop\federated\.venv\Lib\site-packages\flwr\client\numpy_client.py", line 238, in _fit
    results = self.numpy_client.fit(parameters, ins.config)  # type: ignore
              ^^^^^^^^^^^^^^^^^^^^^^^^^^^^^^^^^^^^^^^^^^^^^
  File "C:\Users\prana\OneDrive\Desktop\federated\app\federated\client.py", line 52, in fit
    self.trainer.fit(self.train_loader, self.val_loader, epochs=self.epochs,
  File "C:\Users\prana\OneDrive\Desktop\federated\app\training\trainer.py", line 37, in fit
    train_logs = self._train_epoch(train_loader, epoch, proximal_mu, global_params)
                 ^^^^^^^^^^^^^^^^^^^^^^^^^^^^^^^^^^^^^^^^^^^^^^^^^^^^^^^^^^^^^^^^^^
  File "C:\Users\prana\OneDrive\Desktop\federated\app\training\trainer.py", line 83, in _train_epoch
    output = self.model(data)
             ^^^^^^^^^^^^^^^^
  File "C:\Users\prana\OneDrive\Desktop\federated\.venv\Lib\site-packages\torch\nn\modules\module.py", line 1778, in _wrapped_call_impl
    return self._call_impl(*args, **kwargs)
           ^^^^^^^^^^^^^^^^^^^^^^^^^^^^^^^^
  File "C:\Users\prana\OneDrive\Desktop\federated\.venv\Lib\site-packages\torch\nn\modules\module.py", line 1789, in _call_impl
    return forward_call(*args, **kwargs)
           ^^^^^^^^^^^^^^^^^^^^^^^^^^^^^
  File "C:\Users\prana\OneDrive\Desktop\federated\app\models\mlp.py", line 24, in forward
    return self.network(x)
           ^^^^^^^^^^^^^^^
  File "C:\Users\prana\OneDrive\Desktop\federated\.venv\Lib\site-packages\torch\nn\modules\module.py", line 1778, in _wrapped_call_impl
    return self._call_impl(*args, **kwargs)
           ^^^^^^^^^^^^^^^^^^^^^^^^^^^^^^^^
  File "C:\Users\prana\OneDrive\Desktop\federated\.venv\Lib\site-packages\torch\nn\modules\module.py", line 1789, in _call_impl
    return forward_call(*args, **kwargs)
           ^^^^^^^^^^^^^^^^^^^^^^^^^^^^^
  File "C:\Users\prana\OneDrive\Desktop\federated\.venv\Lib\site-packages\torch\nn\modules\container.py", line 253, in forward
    input = module(input)
            ^^^^^^^^^^^^^
  File "C:\Users\prana\OneDrive\Desktop\federated\.venv\Lib\site-packages\torch\nn\modules\module.py", line 1778, in _wrapped_call_impl
    return self._call_impl(*args, **kwargs)
           ^^^^^^^^^^^^^^^^^^^^^^^^^^^^^^^^
  File "C:\Users\prana\OneDrive\Desktop\federated\.venv\Lib\site-packages\torch\nn\modules\module.py", line 1789, in _call_impl
    return forward_call(*args, **kwargs)
           ^^^^^^^^^^^^^^^^^^^^^^^^^^^^^
  File "C:\Users\prana\OneDrive\Desktop\federated\.venv\Lib\site-packages\torch\nn\modules\batchnorm.py", line 210, in forward
    return F.batch_norm(
           ^^^^^^^^^^^^^
  File "C:\Users\prana\OneDrive\Desktop\federated\.venv\Lib\site-packages\torch\nn\functional.py", line 2889, in batch_norm
    _verify_batch_size(input.size())
  File "C:\Users\prana\OneDrive\Desktop\federated\.venv\Lib\site-packages\torch\nn\functional.py", line 2854, in _verify_batch_size
    raise ValueError(
ValueError: Expected more than 1 value per channel when training, got input size torch.Size([1, 128])

The above exception was the direct cause of the following exception:

[36mray::ClientAppActor.run()[39m (pid=37036, ip=127.0.0.1, actor_id=17f77260ac1ee682d8d248b501000000, repr=<flwr.simulation.ray_transport.ray_actor.ClientAppActor object at 0x0000026D91DF6C00>)
  File "python\\ray\\_raylet.pyx", line 1836, in ray._raylet.execute_task
  File "python\\ray\\_raylet.pyx", line 1947, in ray._raylet.execute_task
  File "python\\ray\\_raylet.pyx", line 1843, in ray._raylet.execute_task
  File "python\\ray\\_raylet.pyx", line 1786, in ray._raylet.execute_task.function_executor
  File "C:\Users\prana\OneDrive\Desktop\federated\.venv\Lib\site-packages\ray\_private\function_manager.py", line 740, in actor_method_executor
    return method(__ray_actor, *args, **kwargs)
           ^^^^^^^^^^^^^^^^^^^^^^^^^^^^^^^^^^^^
  File "C:\Users\prana\OneDrive\Desktop\federated\.venv\Lib\site-packages\ray\util\tracing\tracing_helper.py", line 487, in _resume_span
    return method(self, *_args, **_kwargs)
           ^^^^^^^^^^^^^^^^^^^^^^^^^^^^^^^
  File "C:\Users\prana\OneDrive\Desktop\federated\.venv\Lib\site-packages\flwr\simulation\ray_transport\ray_actor.py", line 64, in run
    raise ClientAppException(str(ex)) from ex
flwr.client.client_app.ClientAppException: 
Exception ClientAppException occurred. Message: Expected more than 1 value per channel when training, got input size torch.Size([1, 128])

[2026-07-20 14:22:25,330][flwr][ERROR] - [36mray::ClientAppActor.run()[39m (pid=37792, ip=127.0.0.1, actor_id=09ceeba6a3e048cbb0f499e901000000, repr=<flwr.simulation.ray_transport.ray_actor.ClientAppActor object at 0x000001BF560D6C90>)
                  ^^^^^^^^^^^^^^^^^^^^^^^^^^^^^^^^^^^^^
  File "C:\Users\prana\OneDrive\Desktop\federated\.venv\Lib\site-packages\flwr\client\client_app.py", line 98, in __call__
    return self._call(message, context)
           ^^^^^^^^^^^^^^^^^^^^^^^^^^^^
  File "C:\Users\prana\OneDrive\Desktop\federated\.venv\Lib\site-packages\flwr\client\client_app.py", line 81, in ffn
    out_message = handle_legacy_message_from_msgtype(
                  ^^^^^^^^^^^^^^^^^^^^^^^^^^^^^^^^^^^
  File "C:\Users\prana\OneDrive\Desktop\federated\.venv\Lib\site-packages\flwr\client\message_handler\message_handler.py", line 130, in handle_legacy_message_from_msgtype
    fit_res = maybe_call_fit(
              ^^^^^^^^^^^^^^^
  File "C:\Users\prana\OneDrive\Desktop\federated\.venv\Lib\site-packages\flwr\client\client.py", line 234, in maybe_call_fit
    return client.fit(fit_ins)
           ^^^^^^^^^^^^^^^^^^^
  File "C:\Users\prana\OneDrive\Desktop\federated\.venv\Lib\site-packages\flwr\client\numpy_client.py", line 238, in _fit
    results = self.numpy_client.fit(parameters, ins.config)  # type: ignore
              ^^^^^^^^^^^^^^^^^^^^^^^^^^^^^^^^^^^^^^^^^^^^^
  File "C:\Users\prana\OneDrive\Desktop\federated\app\federated\client.py", line 52, in fit
    self.trainer.fit(self.train_loader, self.val_loader, epochs=self.epochs,
  File "C:\Users\prana\OneDrive\Desktop\federated\app\training\trainer.py", line 37, in fit
    train_logs = self._train_epoch(train_loader, epoch, proximal_mu, global_params)
                 ^^^^^^^^^^^^^^^^^^^^^^^^^^^^^^^^^^^^^^^^^^^^^^^^^^^^^^^^^^^^^^^^^^
  File "C:\Users\prana\OneDrive\Desktop\federated\app\training\trainer.py", line 83, in _train_epoch
    output = self.model(data)
             ^^^^^^^^^^^^^^^^
  File "C:\Users\prana\OneDrive\Desktop\federated\.venv\Lib\site-packages\torch\nn\modules\module.py", line 1778, in _wrapped_call_impl
    return self._call_impl(*args, **kwargs)
           ^^^^^^^^^^^^^^^^^^^^^^^^^^^^^^^^
  File "C:\Users\prana\OneDrive\Desktop\federated\.venv\Lib\site-packages\torch\nn\modules\module.py", line 1789, in _call_impl
    return forward_call(*args, **kwargs)
           ^^^^^^^^^^^^^^^^^^^^^^^^^^^^^
  File "C:\Users\prana\OneDrive\Desktop\federated\app\models\mlp.py", line 24, in forward
    return self.network(x)
           ^^^^^^^^^^^^^^^
  File "C:\Users\prana\OneDrive\Desktop\federated\.venv\Lib\site-packages\torch\nn\modules\module.py", line 1778, in _wrapped_call_impl
    return self._call_impl(*args, **kwargs)
           ^^^^^^^^^^^^^^^^^^^^^^^^^^^^^^^^
  File "C:\Users\prana\OneDrive\Desktop\federated\.venv\Lib\site-packages\torch\nn\modules\module.py", line 1789, in _call_impl
    return forward_call(*args, **kwargs)
           ^^^^^^^^^^^^^^^^^^^^^^^^^^^^^
  File "C:\Users\prana\OneDrive\Desktop\federated\.venv\Lib\site-packages\torch\nn\modules\container.py", line 253, in forward
    input = module(input)
            ^^^^^^^^^^^^^
  File "C:\Users\prana\OneDrive\Desktop\federated\.venv\Lib\site-packages\torch\nn\modules\module.py", line 1778, in _wrapped_call_impl
    return self._call_impl(*args, **kwargs)
           ^^^^^^^^^^^^^^^^^^^^^^^^^^^^^^^^
  File "C:\Users\prana\OneDrive\Desktop\federated\.venv\Lib\site-packages\torch\nn\modules\module.py", line 1789, in _call_impl
    return forward_call(*args, **kwargs)
           ^^^^^^^^^^^^^^^^^^^^^^^^^^^^^
  File "C:\Users\prana\OneDrive\Desktop\federated\.venv\Lib\site-packages\torch\nn\modules\batchnorm.py", line 210, in forward
    return F.batch_norm(
           ^^^^^^^^^^^^^
  File "C:\Users\prana\OneDrive\Desktop\federated\.venv\Lib\site-packages\torch\nn\functional.py", line 2889, in batch_norm
    _verify_batch_size(input.size())
  File "C:\Users\prana\OneDrive\Desktop\federated\.venv\Lib\site-packages\torch\nn\functional.py", line 2854, in _verify_batch_size
    raise ValueError(
ValueError: Expected more than 1 value per channel when training, got input size torch.Size([1, 128])

The above exception was the direct cause of the following exception:

[36mray::ClientAppActor.run()[39m (pid=37792, ip=127.0.0.1, actor_id=09ceeba6a3e048cbb0f499e901000000, repr=<flwr.simulation.ray_transport.ray_actor.ClientAppActor object at 0x000001BF560D6C90>)
  File "python\\ray\\_raylet.pyx", line 1836, in ray._raylet.execute_task
  File "python\\ray\\_raylet.pyx", line 1947, in ray._raylet.execute_task
  File "python\\ray\\_raylet.pyx", line 1843, in ray._raylet.execute_task
  File "python\\ray\\_raylet.pyx", line 1786, in ray._raylet.execute_task.function_executor
  File "C:\Users\prana\OneDrive\Desktop\federated\.venv\Lib\site-packages\ray\_private\function_manager.py", line 740, in actor_method_executor
    return method(__ray_actor, *args, **kwargs)
           ^^^^^^^^^^^^^^^^^^^^^^^^^^^^^^^^^^^^
  File "C:\Users\prana\OneDrive\Desktop\federated\.venv\Lib\site-packages\ray\util\tracing\tracing_helper.py", line 487, in _resume_span
    return method(self, *_args, **_kwargs)
           ^^^^^^^^^^^^^^^^^^^^^^^^^^^^^^^
  File "C:\Users\prana\OneDrive\Desktop\federated\.venv\Lib\site-packages\flwr\simulation\ray_transport\ray_actor.py", line 64, in run
    raise ClientAppException(str(ex)) from ex
flwr.client.client_app.ClientAppException: 
Exception ClientAppException occurred. Message: Expected more than 1 value per channel when training, got input size torch.Size([1, 128])
[2026-07-20 14:22:25,330][flwr][ERROR] - [36mray::ClientAppActor.run()[39m (pid=37036, ip=127.0.0.1, actor_id=17f77260ac1ee682d8d248b501000000, repr=<flwr.simulation.ray_transport.ray_actor.ClientAppActor object at 0x0000026D91DF6C00>)
                  ^^^^^^^^^^^^^^^^^^^^^^^^^^^^^^^^^^^^^
  File "C:\Users\prana\OneDrive\Desktop\federated\.venv\Lib\site-packages\flwr\client\client_app.py", line 98, in __call__
    return self._call(message, context)
           ^^^^^^^^^^^^^^^^^^^^^^^^^^^^
  File "C:\Users\prana\OneDrive\Desktop\federated\.venv\Lib\site-packages\flwr\client\client_app.py", line 81, in ffn
    out_message = handle_legacy_message_from_msgtype(
                  ^^^^^^^^^^^^^^^^^^^^^^^^^^^^^^^^^^^
  File "C:\Users\prana\OneDrive\Desktop\federated\.venv\Lib\site-packages\flwr\client\message_handler\message_handler.py", line 130, in handle_legacy_message_from_msgtype
    fit_res = maybe_call_fit(
              ^^^^^^^^^^^^^^^
  File "C:\Users\prana\OneDrive\Desktop\federated\.venv\Lib\site-packages\flwr\client\client.py", line 234, in maybe_call_fit
    return client.fit(fit_ins)
           ^^^^^^^^^^^^^^^^^^^
  File "C:\Users\prana\OneDrive\Desktop\federated\.venv\Lib\site-packages\flwr\client\numpy_client.py", line 238, in _fit
    results = self.numpy_client.fit(parameters, ins.config)  # type: ignore
              ^^^^^^^^^^^^^^^^^^^^^^^^^^^^^^^^^^^^^^^^^^^^^
  File "C:\Users\prana\OneDrive\Desktop\federated\app\federated\client.py", line 52, in fit
    self.trainer.fit(self.train_loader, self.val_loader, epochs=self.epochs,
  File "C:\Users\prana\OneDrive\Desktop\federated\app\training\trainer.py", line 37, in fit
    train_logs = self._train_epoch(train_loader, epoch, proximal_mu, global_params)
                 ^^^^^^^^^^^^^^^^^^^^^^^^^^^^^^^^^^^^^^^^^^^^^^^^^^^^^^^^^^^^^^^^^^
  File "C:\Users\prana\OneDrive\Desktop\federated\app\training\trainer.py", line 83, in _train_epoch
    output = self.model(data)
             ^^^^^^^^^^^^^^^^
  File "C:\Users\prana\OneDrive\Desktop\federated\.venv\Lib\site-packages\torch\nn\modules\module.py", line 1778, in _wrapped_call_impl
    return self._call_impl(*args, **kwargs)
           ^^^^^^^^^^^^^^^^^^^^^^^^^^^^^^^^
  File "C:\Users\prana\OneDrive\Desktop\federated\.venv\Lib\site-packages\torch\nn\modules\module.py", line 1789, in _call_impl
    return forward_call(*args, **kwargs)
           ^^^^^^^^^^^^^^^^^^^^^^^^^^^^^
  File "C:\Users\prana\OneDrive\Desktop\federated\app\models\mlp.py", line 24, in forward
    return self.network(x)
           ^^^^^^^^^^^^^^^
  File "C:\Users\prana\OneDrive\Desktop\federated\.venv\Lib\site-packages\torch\nn\modules\module.py", line 1778, in _wrapped_call_impl
    return self._call_impl(*args, **kwargs)
           ^^^^^^^^^^^^^^^^^^^^^^^^^^^^^^^^
  File "C:\Users\prana\OneDrive\Desktop\federated\.venv\Lib\site-packages\torch\nn\modules\module.py", line 1789, in _call_impl
    return forward_call(*args, **kwargs)
           ^^^^^^^^^^^^^^^^^^^^^^^^^^^^^
  File "C:\Users\prana\OneDrive\Desktop\federated\.venv\Lib\site-packages\torch\nn\modules\container.py", line 253, in forward
    input = module(input)
            ^^^^^^^^^^^^^
  File "C:\Users\prana\OneDrive\Desktop\federated\.venv\Lib\site-packages\torch\nn\modules\module.py", line 1778, in _wrapped_call_impl
    return self._call_impl(*args, **kwargs)
           ^^^^^^^^^^^^^^^^^^^^^^^^^^^^^^^^
  File "C:\Users\prana\OneDrive\Desktop\federated\.venv\Lib\site-packages\torch\nn\modules\module.py", line 1789, in _call_impl
    return forward_call(*args, **kwargs)
           ^^^^^^^^^^^^^^^^^^^^^^^^^^^^^
  File "C:\Users\prana\OneDrive\Desktop\federated\.venv\Lib\site-packages\torch\nn\modules\batchnorm.py", line 210, in forward
    return F.batch_norm(
           ^^^^^^^^^^^^^
  File "C:\Users\prana\OneDrive\Desktop\federated\.venv\Lib\site-packages\torch\nn\functional.py", line 2889, in batch_norm
    _verify_batch_size(input.size())
  File "C:\Users\prana\OneDrive\Desktop\federated\.venv\Lib\site-packages\torch\nn\functional.py", line 2854, in _verify_batch_size
    raise ValueError(
ValueError: Expected more than 1 value per channel when training, got input size torch.Size([1, 128])

The above exception was the direct cause of the following exception:

[36mray::ClientAppActor.run()[39m (pid=37036, ip=127.0.0.1, actor_id=17f77260ac1ee682d8d248b501000000, repr=<flwr.simulation.ray_transport.ray_actor.ClientAppActor object at 0x0000026D91DF6C00>)
  File "python\\ray\\_raylet.pyx", line 1836, in ray._raylet.execute_task
  File "python\\ray\\_raylet.pyx", line 1947, in ray._raylet.execute_task
  File "python\\ray\\_raylet.pyx", line 1843, in ray._raylet.execute_task
  File "python\\ray\\_raylet.pyx", line 1786, in ray._raylet.execute_task.function_executor
  File "C:\Users\prana\OneDrive\Desktop\federated\.venv\Lib\site-packages\ray\_private\function_manager.py", line 740, in actor_method_executor
    return method(__ray_actor, *args, **kwargs)
           ^^^^^^^^^^^^^^^^^^^^^^^^^^^^^^^^^^^^
  File "C:\Users\prana\OneDrive\Desktop\federated\.venv\Lib\site-packages\ray\util\tracing\tracing_helper.py", line 487, in _resume_span
    return method(self, *_args, **_kwargs)
           ^^^^^^^^^^^^^^^^^^^^^^^^^^^^^^^
  File "C:\Users\prana\OneDrive\Desktop\federated\.venv\Lib\site-packages\flwr\simulation\ray_transport\ray_actor.py", line 64, in run
    raise ClientAppException(str(ex)) from ex
flwr.client.client_app.ClientAppException: 
Exception ClientAppException occurred. Message: Expected more than 1 value per channel when training, got input size torch.Size([1, 128])
[2026-07-20 14:22:25,331][flwr][INFO] - aggregate_fit: received 0 results and 3 failures
[2026-07-20 14:22:25,331][flwr][INFO] - configure_evaluate: strategy sampled 3 clients (out of 3)
[2026-07-20 14:22:25,357][flwr][ERROR] - Traceback (most recent call last):
  File "C:\Users\prana\OneDrive\Desktop\federated\.venv\Lib\site-packages\flwr\simulation\ray_transport\ray_client_proxy.py", line 73, in _submit_job
    out_mssg, updated_context = self.actor_pool.get_client_result(
                                ^^^^^^^^^^^^^^^^^^^^^^^^^^^^^^^^^^
  File "C:\Users\prana\OneDrive\Desktop\federated\.venv\Lib\site-packages\flwr\simulation\ray_transport\ray_actor.py", line 399, in get_client_result
    return self._fetch_future_result(cid)
           ^^^^^^^^^^^^^^^^^^^^^^^^^^^^^^
  File "C:\Users\prana\OneDrive\Desktop\federated\.venv\Lib\site-packages\flwr\simulation\ray_transport\ray_actor.py", line 280, in _fetch_future_result
    res_cid, out_mssg, updated_context = ray.get(
                                         ^^^^^^^^
  File "C:\Users\prana\OneDrive\Desktop\federated\.venv\Lib\site-packages\ray\_private\auto_init_hook.py", line 22, in auto_init_wrapper
    return fn(*args, **kwargs)
           ^^^^^^^^^^^^^^^^^^^
  File "C:\Users\prana\OneDrive\Desktop\federated\.venv\Lib\site-packages\ray\_private\client_mode_hook.py", line 110, in wrapper
    return func(*args, **kwargs)
           ^^^^^^^^^^^^^^^^^^^^^
  File "C:\Users\prana\OneDrive\Desktop\federated\.venv\Lib\site-packages\ray\_private\worker.py", line 2968, in get
    values, debugger_breakpoint = worker.get_objects(
                                  ^^^^^^^^^^^^^^^^^^^
  File "C:\Users\prana\OneDrive\Desktop\federated\.venv\Lib\site-packages\ray\_private\worker.py", line 1050, in get_objects
    raise value.as_instanceof_cause()
ray.exceptions.RayTaskError(ClientAppException): [36mray::ClientAppActor.run()[39m (pid=39756, ip=127.0.0.1, actor_id=e60c3a11981d16e80157505b01000000, repr=<flwr.simulation.ray_transport.ray_actor.ClientAppActor object at 0x0000024C3A4F6BA0>)
                  ^^^^^^^^^^^^^^^^^^^^^^^^^^^^^^^^^^^^^
  File "C:\Users\prana\OneDrive\Desktop\federated\.venv\Lib\site-packages\flwr\client\client_app.py", line 98, in __call__
    return self._call(message, context)
           ^^^^^^^^^^^^^^^^^^^^^^^^^^^^
  File "C:\Users\prana\OneDrive\Desktop\federated\.venv\Lib\site-packages\flwr\client\client_app.py", line 81, in ffn
    out_message = handle_legacy_message_from_msgtype(
                  ^^^^^^^^^^^^^^^^^^^^^^^^^^^^^^^^^^^
  File "C:\Users\prana\OneDrive\Desktop\federated\.venv\Lib\site-packages\flwr\client\message_handler\message_handler.py", line 96, in handle_legacy_message_from_msgtype
    client = client_fn(str(message.metadata.partition_id))
             ^^^^^^^^^^^^^^^^^^^^^^^^^^^^^^^^^^^^^^^^^^^^^
  File "C:\Users\prana\OneDrive\Desktop\federated\scripts\federated_simulation.py", line 44, in client_fn
    train_loader = data_module.train_dataloader()
                   ^^^^^^^^^^^^^^^^^^^^^^^^^^^^^^
  File "C:\Users\prana\OneDrive\Desktop\federated\app\datasets\loader.py", line 31, in train_dataloader
    return DataLoader(self.train_dataset, batch_size=self.batch_size, shuffle=True)
           ^^^^^^^^^^^^^^^^^^^^^^^^^^^^^^^^^^^^^^^^^^^^^^^^^^^^^^^^^^^^^^^^^^^^^^^^
  File "C:\Users\prana\OneDrive\Desktop\federated\.venv\Lib\site-packages\torch\utils\data\dataloader.py", line 401, in __init__
    sampler = RandomSampler(dataset, generator=generator)  # type: ignore[arg-type]
              ^^^^^^^^^^^^^^^^^^^^^^^^^^^^^^^^^^^^^^^^^^^
  File "C:\Users\prana\OneDrive\Desktop\federated\.venv\Lib\site-packages\torch\utils\data\sampler.py", line 149, in __init__
    raise ValueError(
ValueError: num_samples should be a positive integer value, but got num_samples=0

The above exception was the direct cause of the following exception:

[36mray::ClientAppActor.run()[39m (pid=39756, ip=127.0.0.1, actor_id=e60c3a11981d16e80157505b01000000, repr=<flwr.simulation.ray_transport.ray_actor.ClientAppActor object at 0x0000024C3A4F6BA0>)
  File "python\\ray\\_raylet.pyx", line 1836, in ray._raylet.execute_task
  File "python\\ray\\_raylet.pyx", line 1947, in ray._raylet.execute_task
  File "python\\ray\\_raylet.pyx", line 1843, in ray._raylet.execute_task
  File "python\\ray\\_raylet.pyx", line 1786, in ray._raylet.execute_task.function_executor
  File "C:\Users\prana\OneDrive\Desktop\federated\.venv\Lib\site-packages\ray\_private\function_manager.py", line 740, in actor_method_executor
    return method(__ray_actor, *args, **kwargs)
           ^^^^^^^^^^^^^^^^^^^^^^^^^^^^^^^^^^^^
  File "C:\Users\prana\OneDrive\Desktop\federated\.venv\Lib\site-packages\ray\util\tracing\tracing_helper.py", line 487, in _resume_span
    return method(self, *_args, **_kwargs)
           ^^^^^^^^^^^^^^^^^^^^^^^^^^^^^^^
  File "C:\Users\prana\OneDrive\Desktop\federated\.venv\Lib\site-packages\flwr\simulation\ray_transport\ray_actor.py", line 64, in run
    raise ClientAppException(str(ex)) from ex
flwr.client.client_app.ClientAppException: 
Exception ClientAppException occurred. Message: num_samples should be a positive integer value, but got num_samples=0

[2026-07-20 14:22:25,358][flwr][ERROR] - [36mray::ClientAppActor.run()[39m (pid=39756, ip=127.0.0.1, actor_id=e60c3a11981d16e80157505b01000000, repr=<flwr.simulation.ray_transport.ray_actor.ClientAppActor object at 0x0000024C3A4F6BA0>)
                  ^^^^^^^^^^^^^^^^^^^^^^^^^^^^^^^^^^^^^
  File "C:\Users\prana\OneDrive\Desktop\federated\.venv\Lib\site-packages\flwr\client\client_app.py", line 98, in __call__
    return self._call(message, context)
           ^^^^^^^^^^^^^^^^^^^^^^^^^^^^
  File "C:\Users\prana\OneDrive\Desktop\federated\.venv\Lib\site-packages\flwr\client\client_app.py", line 81, in ffn
    out_message = handle_legacy_message_from_msgtype(
                  ^^^^^^^^^^^^^^^^^^^^^^^^^^^^^^^^^^^
  File "C:\Users\prana\OneDrive\Desktop\federated\.venv\Lib\site-packages\flwr\client\message_handler\message_handler.py", line 96, in handle_legacy_message_from_msgtype
    client = client_fn(str(message.metadata.partition_id))
             ^^^^^^^^^^^^^^^^^^^^^^^^^^^^^^^^^^^^^^^^^^^^^
  File "C:\Users\prana\OneDrive\Desktop\federated\scripts\federated_simulation.py", line 44, in client_fn
    train_loader = data_module.train_dataloader()
                   ^^^^^^^^^^^^^^^^^^^^^^^^^^^^^^
  File "C:\Users\prana\OneDrive\Desktop\federated\app\datasets\loader.py", line 31, in train_dataloader
    return DataLoader(self.train_dataset, batch_size=self.batch_size, shuffle=True)
           ^^^^^^^^^^^^^^^^^^^^^^^^^^^^^^^^^^^^^^^^^^^^^^^^^^^^^^^^^^^^^^^^^^^^^^^^
  File "C:\Users\prana\OneDrive\Desktop\federated\.venv\Lib\site-packages\torch\utils\data\dataloader.py", line 401, in __init__
    sampler = RandomSampler(dataset, generator=generator)  # type: ignore[arg-type]
              ^^^^^^^^^^^^^^^^^^^^^^^^^^^^^^^^^^^^^^^^^^^
  File "C:\Users\prana\OneDrive\Desktop\federated\.venv\Lib\site-packages\torch\utils\data\sampler.py", line 149, in __init__
    raise ValueError(
ValueError: num_samples should be a positive integer value, but got num_samples=0

The above exception was the direct cause of the following exception:

[36mray::ClientAppActor.run()[39m (pid=39756, ip=127.0.0.1, actor_id=e60c3a11981d16e80157505b01000000, repr=<flwr.simulation.ray_transport.ray_actor.ClientAppActor object at 0x0000024C3A4F6BA0>)
  File "python\\ray\\_raylet.pyx", line 1836, in ray._raylet.execute_task
  File "python\\ray\\_raylet.pyx", line 1947, in ray._raylet.execute_task
  File "python\\ray\\_raylet.pyx", line 1843, in ray._raylet.execute_task
  File "python\\ray\\_raylet.pyx", line 1786, in ray._raylet.execute_task.function_executor
  File "C:\Users\prana\OneDrive\Desktop\federated\.venv\Lib\site-packages\ray\_private\function_manager.py", line 740, in actor_method_executor
    return method(__ray_actor, *args, **kwargs)
           ^^^^^^^^^^^^^^^^^^^^^^^^^^^^^^^^^^^^
  File "C:\Users\prana\OneDrive\Desktop\federated\.venv\Lib\site-packages\ray\util\tracing\tracing_helper.py", line 487, in _resume_span
    return method(self, *_args, **_kwargs)
           ^^^^^^^^^^^^^^^^^^^^^^^^^^^^^^^
  File "C:\Users\prana\OneDrive\Desktop\federated\.venv\Lib\site-packages\flwr\simulation\ray_transport\ray_actor.py", line 64, in run
    raise ClientAppException(str(ex)) from ex
flwr.client.client_app.ClientAppException: 
Exception ClientAppException occurred. Message: num_samples should be a positive integer value, but got num_samples=0
[2026-07-20 14:22:25,429][flwr][INFO] - aggregate_evaluate: received 2 results and 1 failures
[2026-07-20 14:22:25,495][flwr][INFO] - 
[2026-07-20 14:22:25,495][flwr][INFO] - [ROUND 2]
[2026-07-20 14:22:25,495][flwr][INFO] - configure_fit: strategy sampled 3 clients (out of 3)
[2026-07-20 14:22:25,522][flwr][ERROR] - Traceback (most recent call last):
  File "C:\Users\prana\OneDrive\Desktop\federated\.venv\Lib\site-packages\flwr\simulation\ray_transport\ray_client_proxy.py", line 73, in _submit_job
    out_mssg, updated_context = self.actor_pool.get_client_result(
                                ^^^^^^^^^^^^^^^^^^^^^^^^^^^^^^^^^^
  File "C:\Users\prana\OneDrive\Desktop\federated\.venv\Lib\site-packages\flwr\simulation\ray_transport\ray_actor.py", line 399, in get_client_result
    return self._fetch_future_result(cid)
           ^^^^^^^^^^^^^^^^^^^^^^^^^^^^^^
  File "C:\Users\prana\OneDrive\Desktop\federated\.venv\Lib\site-packages\flwr\simulation\ray_transport\ray_actor.py", line 280, in _fetch_future_result
    res_cid, out_mssg, updated_context = ray.get(
                                         ^^^^^^^^
  File "C:\Users\prana\OneDrive\Desktop\federated\.venv\Lib\site-packages\ray\_private\auto_init_hook.py", line 22, in auto_init_wrapper
    return fn(*args, **kwargs)
           ^^^^^^^^^^^^^^^^^^^
  File "C:\Users\prana\OneDrive\Desktop\federated\.venv\Lib\site-packages\ray\_private\client_mode_hook.py", line 110, in wrapper
    return func(*args, **kwargs)
           ^^^^^^^^^^^^^^^^^^^^^
  File "C:\Users\prana\OneDrive\Desktop\federated\.venv\Lib\site-packages\ray\_private\worker.py", line 2968, in get
    values, debugger_breakpoint = worker.get_objects(
                                  ^^^^^^^^^^^^^^^^^^^
  File "C:\Users\prana\OneDrive\Desktop\federated\.venv\Lib\site-packages\ray\_private\worker.py", line 1050, in get_objects
    raise value.as_instanceof_cause()
ray.exceptions.RayTaskError(ClientAppException): [36mray::ClientAppActor.run()[39m (pid=37792, ip=127.0.0.1, actor_id=09ceeba6a3e048cbb0f499e901000000, repr=<flwr.simulation.ray_transport.ray_actor.ClientAppActor object at 0x000001BF560D6C90>)
                  ^^^^^^^^^^^^^^^^^^^^^^^^^^^^^^^^^^^^^
  File "C:\Users\prana\OneDrive\Desktop\federated\.venv\Lib\site-packages\flwr\client\client_app.py", line 98, in __call__
    return self._call(message, context)
           ^^^^^^^^^^^^^^^^^^^^^^^^^^^^
  File "C:\Users\prana\OneDrive\Desktop\federated\.venv\Lib\site-packages\flwr\client\client_app.py", line 81, in ffn
    out_message = handle_legacy_message_from_msgtype(
                  ^^^^^^^^^^^^^^^^^^^^^^^^^^^^^^^^^^^
  File "C:\Users\prana\OneDrive\Desktop\federated\.venv\Lib\site-packages\flwr\client\message_handler\message_handler.py", line 96, in handle_legacy_message_from_msgtype
    client = client_fn(str(message.metadata.partition_id))
             ^^^^^^^^^^^^^^^^^^^^^^^^^^^^^^^^^^^^^^^^^^^^^
  File "C:\Users\prana\OneDrive\Desktop\federated\scripts\federated_simulation.py", line 44, in client_fn
    train_loader = data_module.train_dataloader()
                   ^^^^^^^^^^^^^^^^^^^^^^^^^^^^^^
  File "C:\Users\prana\OneDrive\Desktop\federated\app\datasets\loader.py", line 31, in train_dataloader
    return DataLoader(self.train_dataset, batch_size=self.batch_size, shuffle=True)
           ^^^^^^^^^^^^^^^^^^^^^^^^^^^^^^^^^^^^^^^^^^^^^^^^^^^^^^^^^^^^^^^^^^^^^^^^
  File "C:\Users\prana\OneDrive\Desktop\federated\.venv\Lib\site-packages\torch\utils\data\dataloader.py", line 401, in __init__
    sampler = RandomSampler(dataset, generator=generator)  # type: ignore[arg-type]
              ^^^^^^^^^^^^^^^^^^^^^^^^^^^^^^^^^^^^^^^^^^^
  File "C:\Users\prana\OneDrive\Desktop\federated\.venv\Lib\site-packages\torch\utils\data\sampler.py", line 149, in __init__
    raise ValueError(
ValueError: num_samples should be a positive integer value, but got num_samples=0

The above exception was the direct cause of the following exception:

[36mray::ClientAppActor.run()[39m (pid=37792, ip=127.0.0.1, actor_id=09ceeba6a3e048cbb0f499e901000000, repr=<flwr.simulation.ray_transport.ray_actor.ClientAppActor object at 0x000001BF560D6C90>)
  File "python\\ray\\_raylet.pyx", line 1836, in ray._raylet.execute_task
  File "python\\ray\\_raylet.pyx", line 1947, in ray._raylet.execute_task
  File "python\\ray\\_raylet.pyx", line 1843, in ray._raylet.execute_task
  File "python\\ray\\_raylet.pyx", line 1786, in ray._raylet.execute_task.function_executor
  File "C:\Users\prana\OneDrive\Desktop\federated\.venv\Lib\site-packages\ray\_private\function_manager.py", line 740, in actor_method_executor
    return method(__ray_actor, *args, **kwargs)
           ^^^^^^^^^^^^^^^^^^^^^^^^^^^^^^^^^^^^
  File "C:\Users\prana\OneDrive\Desktop\federated\.venv\Lib\site-packages\ray\util\tracing\tracing_helper.py", line 487, in _resume_span
    return method(self, *_args, **_kwargs)
           ^^^^^^^^^^^^^^^^^^^^^^^^^^^^^^^
  File "C:\Users\prana\OneDrive\Desktop\federated\.venv\Lib\site-packages\flwr\simulation\ray_transport\ray_actor.py", line 64, in run
    raise ClientAppException(str(ex)) from ex
flwr.client.client_app.ClientAppException: 
Exception ClientAppException occurred. Message: num_samples should be a positive integer value, but got num_samples=0

[2026-07-20 14:22:25,524][flwr][ERROR] - [36mray::ClientAppActor.run()[39m (pid=37792, ip=127.0.0.1, actor_id=09ceeba6a3e048cbb0f499e901000000, repr=<flwr.simulation.ray_transport.ray_actor.ClientAppActor object at 0x000001BF560D6C90>)
                  ^^^^^^^^^^^^^^^^^^^^^^^^^^^^^^^^^^^^^
  File "C:\Users\prana\OneDrive\Desktop\federated\.venv\Lib\site-packages\flwr\client\client_app.py", line 98, in __call__
    return self._call(message, context)
           ^^^^^^^^^^^^^^^^^^^^^^^^^^^^
  File "C:\Users\prana\OneDrive\Desktop\federated\.venv\Lib\site-packages\flwr\client\client_app.py", line 81, in ffn
    out_message = handle_legacy_message_from_msgtype(
                  ^^^^^^^^^^^^^^^^^^^^^^^^^^^^^^^^^^^
  File "C:\Users\prana\OneDrive\Desktop\federated\.venv\Lib\site-packages\flwr\client\message_handler\message_handler.py", line 96, in handle_legacy_message_from_msgtype
    client = client_fn(str(message.metadata.partition_id))
             ^^^^^^^^^^^^^^^^^^^^^^^^^^^^^^^^^^^^^^^^^^^^^
  File "C:\Users\prana\OneDrive\Desktop\federated\scripts\federated_simulation.py", line 44, in client_fn
    train_loader = data_module.train_dataloader()
                   ^^^^^^^^^^^^^^^^^^^^^^^^^^^^^^
  File "C:\Users\prana\OneDrive\Desktop\federated\app\datasets\loader.py", line 31, in train_dataloader
    return DataLoader(self.train_dataset, batch_size=self.batch_size, shuffle=True)
           ^^^^^^^^^^^^^^^^^^^^^^^^^^^^^^^^^^^^^^^^^^^^^^^^^^^^^^^^^^^^^^^^^^^^^^^^
  File "C:\Users\prana\OneDrive\Desktop\federated\.venv\Lib\site-packages\torch\utils\data\dataloader.py", line 401, in __init__
    sampler = RandomSampler(dataset, generator=generator)  # type: ignore[arg-type]
              ^^^^^^^^^^^^^^^^^^^^^^^^^^^^^^^^^^^^^^^^^^^
  File "C:\Users\prana\OneDrive\Desktop\federated\.venv\Lib\site-packages\torch\utils\data\sampler.py", line 149, in __init__
    raise ValueError(
ValueError: num_samples should be a positive integer value, but got num_samples=0

The above exception was the direct cause of the following exception:

[36mray::ClientAppActor.run()[39m (pid=37792, ip=127.0.0.1, actor_id=09ceeba6a3e048cbb0f499e901000000, repr=<flwr.simulation.ray_transport.ray_actor.ClientAppActor object at 0x000001BF560D6C90>)
  File "python\\ray\\_raylet.pyx", line 1836, in ray._raylet.execute_task
  File "python\\ray\\_raylet.pyx", line 1947, in ray._raylet.execute_task
  File "python\\ray\\_raylet.pyx", line 1843, in ray._raylet.execute_task
  File "python\\ray\\_raylet.pyx", line 1786, in ray._raylet.execute_task.function_executor
  File "C:\Users\prana\OneDrive\Desktop\federated\.venv\Lib\site-packages\ray\_private\function_manager.py", line 740, in actor_method_executor
    return method(__ray_actor, *args, **kwargs)
           ^^^^^^^^^^^^^^^^^^^^^^^^^^^^^^^^^^^^
  File "C:\Users\prana\OneDrive\Desktop\federated\.venv\Lib\site-packages\ray\util\tracing\tracing_helper.py", line 487, in _resume_span
    return method(self, *_args, **_kwargs)
           ^^^^^^^^^^^^^^^^^^^^^^^^^^^^^^^
  File "C:\Users\prana\OneDrive\Desktop\federated\.venv\Lib\site-packages\flwr\simulation\ray_transport\ray_actor.py", line 64, in run
    raise ClientAppException(str(ex)) from ex
flwr.client.client_app.ClientAppException: 
Exception ClientAppException occurred. Message: num_samples should be a positive integer value, but got num_samples=0
[2026-07-20 14:22:25,624][flwr][ERROR] - Traceback (most recent call last):
  File "C:\Users\prana\OneDrive\Desktop\federated\.venv\Lib\site-packages\flwr\simulation\ray_transport\ray_client_proxy.py", line 73, in _submit_job
    out_mssg, updated_context = self.actor_pool.get_client_result(
                                ^^^^^^^^^^^^^^^^^^^^^^^^^^^^^^^^^^
  File "C:\Users\prana\OneDrive\Desktop\federated\.venv\Lib\site-packages\flwr\simulation\ray_transport\ray_actor.py", line 399, in get_client_result
    return self._fetch_future_result(cid)
           ^^^^^^^^^^^^^^^^^^^^^^^^^^^^^^
  File "C:\Users\prana\OneDrive\Desktop\federated\.venv\Lib\site-packages\flwr\simulation\ray_transport\ray_actor.py", line 280, in _fetch_future_result
    res_cid, out_mssg, updated_context = ray.get(
                                         ^^^^^^^^
  File "C:\Users\prana\OneDrive\Desktop\federated\.venv\Lib\site-packages\ray\_private\auto_init_hook.py", line 22, in auto_init_wrapper
    return fn(*args, **kwargs)
           ^^^^^^^^^^^^^^^^^^^
  File "C:\Users\prana\OneDrive\Desktop\federated\.venv\Lib\site-packages\ray\_private\client_mode_hook.py", line 110, in wrapper
    return func(*args, **kwargs)
           ^^^^^^^^^^^^^^^^^^^^^
  File "C:\Users\prana\OneDrive\Desktop\federated\.venv\Lib\site-packages\ray\_private\worker.py", line 2968, in get
    values, debugger_breakpoint = worker.get_objects(
                                  ^^^^^^^^^^^^^^^^^^^
  File "C:\Users\prana\OneDrive\Desktop\federated\.venv\Lib\site-packages\ray\_private\worker.py", line 1050, in get_objects
    raise value.as_instanceof_cause()
ray.exceptions.RayTaskError(ClientAppException): [36mray::ClientAppActor.run()[39m (pid=37036, ip=127.0.0.1, actor_id=17f77260ac1ee682d8d248b501000000, repr=<flwr.simulation.ray_transport.ray_actor.ClientAppActor object at 0x0000026D91DF6C00>)
                  ^^^^^^^^^^^^^^^^^^^^^^^^^^^^^^^^^^^^^
  File "C:\Users\prana\OneDrive\Desktop\federated\.venv\Lib\site-packages\flwr\client\client_app.py", line 98, in __call__
    return self._call(message, context)
           ^^^^^^^^^^^^^^^^^^^^^^^^^^^^
  File "C:\Users\prana\OneDrive\Desktop\federated\.venv\Lib\site-packages\flwr\client\client_app.py", line 81, in ffn
    out_message = handle_legacy_message_from_msgtype(
                  ^^^^^^^^^^^^^^^^^^^^^^^^^^^^^^^^^^^
  File "C:\Users\prana\OneDrive\Desktop\federated\.venv\Lib\site-packages\flwr\client\message_handler\message_handler.py", line 130, in handle_legacy_message_from_msgtype
    fit_res = maybe_call_fit(
              ^^^^^^^^^^^^^^^
  File "C:\Users\prana\OneDrive\Desktop\federated\.venv\Lib\site-packages\flwr\client\client.py", line 234, in maybe_call_fit
    return client.fit(fit_ins)
           ^^^^^^^^^^^^^^^^^^^
  File "C:\Users\prana\OneDrive\Desktop\federated\.venv\Lib\site-packages\flwr\client\numpy_client.py", line 238, in _fit
    results = self.numpy_client.fit(parameters, ins.config)  # type: ignore
              ^^^^^^^^^^^^^^^^^^^^^^^^^^^^^^^^^^^^^^^^^^^^^
  File "C:\Users\prana\OneDrive\Desktop\federated\app\federated\client.py", line 52, in fit
    self.trainer.fit(self.train_loader, self.val_loader, epochs=self.epochs,
  File "C:\Users\prana\OneDrive\Desktop\federated\app\training\trainer.py", line 37, in fit
    train_logs = self._train_epoch(train_loader, epoch, proximal_mu, global_params)
                 ^^^^^^^^^^^^^^^^^^^^^^^^^^^^^^^^^^^^^^^^^^^^^^^^^^^^^^^^^^^^^^^^^^
  File "C:\Users\prana\OneDrive\Desktop\federated\app\training\trainer.py", line 83, in _train_epoch
    output = self.model(data)
             ^^^^^^^^^^^^^^^^
  File "C:\Users\prana\OneDrive\Desktop\federated\.venv\Lib\site-packages\torch\nn\modules\module.py", line 1778, in _wrapped_call_impl
    return self._call_impl(*args, **kwargs)
           ^^^^^^^^^^^^^^^^^^^^^^^^^^^^^^^^
  File "C:\Users\prana\OneDrive\Desktop\federated\.venv\Lib\site-packages\torch\nn\modules\module.py", line 1789, in _call_impl
    return forward_call(*args, **kwargs)
           ^^^^^^^^^^^^^^^^^^^^^^^^^^^^^
  File "C:\Users\prana\OneDrive\Desktop\federated\app\models\mlp.py", line 24, in forward
    return self.network(x)
           ^^^^^^^^^^^^^^^
  File "C:\Users\prana\OneDrive\Desktop\federated\.venv\Lib\site-packages\torch\nn\modules\module.py", line 1778, in _wrapped_call_impl
    return self._call_impl(*args, **kwargs)
           ^^^^^^^^^^^^^^^^^^^^^^^^^^^^^^^^
  File "C:\Users\prana\OneDrive\Desktop\federated\.venv\Lib\site-packages\torch\nn\modules\module.py", line 1789, in _call_impl
    return forward_call(*args, **kwargs)
           ^^^^^^^^^^^^^^^^^^^^^^^^^^^^^
  File "C:\Users\prana\OneDrive\Desktop\federated\.venv\Lib\site-packages\torch\nn\modules\container.py", line 253, in forward
    input = module(input)
            ^^^^^^^^^^^^^
  File "C:\Users\prana\OneDrive\Desktop\federated\.venv\Lib\site-packages\torch\nn\modules\module.py", line 1778, in _wrapped_call_impl
    return self._call_impl(*args, **kwargs)
           ^^^^^^^^^^^^^^^^^^^^^^^^^^^^^^^^
  File "C:\Users\prana\OneDrive\Desktop\federated\.venv\Lib\site-packages\torch\nn\modules\module.py", line 1789, in _call_impl
    return forward_call(*args, **kwargs)
           ^^^^^^^^^^^^^^^^^^^^^^^^^^^^^
  File "C:\Users\prana\OneDrive\Desktop\federated\.venv\Lib\site-packages\torch\nn\modules\batchnorm.py", line 210, in forward
    return F.batch_norm(
           ^^^^^^^^^^^^^
  File "C:\Users\prana\OneDrive\Desktop\federated\.venv\Lib\site-packages\torch\nn\functional.py", line 2889, in batch_norm
    _verify_batch_size(input.size())
  File "C:\Users\prana\OneDrive\Desktop\federated\.venv\Lib\site-packages\torch\nn\functional.py", line 2854, in _verify_batch_size
    raise ValueError(
ValueError: Expected more than 1 value per channel when training, got input size torch.Size([1, 128])

The above exception was the direct cause of the following exception:

[36mray::ClientAppActor.run()[39m (pid=37036, ip=127.0.0.1, actor_id=17f77260ac1ee682d8d248b501000000, repr=<flwr.simulation.ray_transport.ray_actor.ClientAppActor object at 0x0000026D91DF6C00>)
  File "python\\ray\\_raylet.pyx", line 1836, in ray._raylet.execute_task
  File "python\\ray\\_raylet.pyx", line 1947, in ray._raylet.execute_task
  File "python\\ray\\_raylet.pyx", line 1843, in ray._raylet.execute_task
  File "python\\ray\\_raylet.pyx", line 1786, in ray._raylet.execute_task.function_executor
  File "C:\Users\prana\OneDrive\Desktop\federated\.venv\Lib\site-packages\ray\_private\function_manager.py", line 740, in actor_method_executor
    return method(__ray_actor, *args, **kwargs)
           ^^^^^^^^^^^^^^^^^^^^^^^^^^^^^^^^^^^^
  File "C:\Users\prana\OneDrive\Desktop\federated\.venv\Lib\site-packages\ray\util\tracing\tracing_helper.py", line 487, in _resume_span
    return method(self, *_args, **_kwargs)
           ^^^^^^^^^^^^^^^^^^^^^^^^^^^^^^^
  File "C:\Users\prana\OneDrive\Desktop\federated\.venv\Lib\site-packages\flwr\simulation\ray_transport\ray_actor.py", line 64, in run
    raise ClientAppException(str(ex)) from ex
flwr.client.client_app.ClientAppException: 
Exception ClientAppException occurred. Message: Expected more than 1 value per channel when training, got input size torch.Size([1, 128])

[2026-07-20 14:22:25,624][flwr][ERROR] - [36mray::ClientAppActor.run()[39m (pid=37036, ip=127.0.0.1, actor_id=17f77260ac1ee682d8d248b501000000, repr=<flwr.simulation.ray_transport.ray_actor.ClientAppActor object at 0x0000026D91DF6C00>)
                  ^^^^^^^^^^^^^^^^^^^^^^^^^^^^^^^^^^^^^
  File "C:\Users\prana\OneDrive\Desktop\federated\.venv\Lib\site-packages\flwr\client\client_app.py", line 98, in __call__
    return self._call(message, context)
           ^^^^^^^^^^^^^^^^^^^^^^^^^^^^
  File "C:\Users\prana\OneDrive\Desktop\federated\.venv\Lib\site-packages\flwr\client\client_app.py", line 81, in ffn
    out_message = handle_legacy_message_from_msgtype(
                  ^^^^^^^^^^^^^^^^^^^^^^^^^^^^^^^^^^^
  File "C:\Users\prana\OneDrive\Desktop\federated\.venv\Lib\site-packages\flwr\client\message_handler\message_handler.py", line 130, in handle_legacy_message_from_msgtype
    fit_res = maybe_call_fit(
              ^^^^^^^^^^^^^^^
  File "C:\Users\prana\OneDrive\Desktop\federated\.venv\Lib\site-packages\flwr\client\client.py", line 234, in maybe_call_fit
    return client.fit(fit_ins)
           ^^^^^^^^^^^^^^^^^^^
  File "C:\Users\prana\OneDrive\Desktop\federated\.venv\Lib\site-packages\flwr\client\numpy_client.py", line 238, in _fit
    results = self.numpy_client.fit(parameters, ins.config)  # type: ignore
              ^^^^^^^^^^^^^^^^^^^^^^^^^^^^^^^^^^^^^^^^^^^^^
  File "C:\Users\prana\OneDrive\Desktop\federated\app\federated\client.py", line 52, in fit
    self.trainer.fit(self.train_loader, self.val_loader, epochs=self.epochs,
  File "C:\Users\prana\OneDrive\Desktop\federated\app\training\trainer.py", line 37, in fit
    train_logs = self._train_epoch(train_loader, epoch, proximal_mu, global_params)
                 ^^^^^^^^^^^^^^^^^^^^^^^^^^^^^^^^^^^^^^^^^^^^^^^^^^^^^^^^^^^^^^^^^^
  File "C:\Users\prana\OneDrive\Desktop\federated\app\training\trainer.py", line 83, in _train_epoch
    output = self.model(data)
             ^^^^^^^^^^^^^^^^
  File "C:\Users\prana\OneDrive\Desktop\federated\.venv\Lib\site-packages\torch\nn\modules\module.py", line 1778, in _wrapped_call_impl
    return self._call_impl(*args, **kwargs)
           ^^^^^^^^^^^^^^^^^^^^^^^^^^^^^^^^
  File "C:\Users\prana\OneDrive\Desktop\federated\.venv\Lib\site-packages\torch\nn\modules\module.py", line 1789, in _call_impl
    return forward_call(*args, **kwargs)
           ^^^^^^^^^^^^^^^^^^^^^^^^^^^^^
  File "C:\Users\prana\OneDrive\Desktop\federated\app\models\mlp.py", line 24, in forward
    return self.network(x)
           ^^^^^^^^^^^^^^^
  File "C:\Users\prana\OneDrive\Desktop\federated\.venv\Lib\site-packages\torch\nn\modules\module.py", line 1778, in _wrapped_call_impl
    return self._call_impl(*args, **kwargs)
           ^^^^^^^^^^^^^^^^^^^^^^^^^^^^^^^^
  File "C:\Users\prana\OneDrive\Desktop\federated\.venv\Lib\site-packages\torch\nn\modules\module.py", line 1789, in _call_impl
    return forward_call(*args, **kwargs)
           ^^^^^^^^^^^^^^^^^^^^^^^^^^^^^
  File "C:\Users\prana\OneDrive\Desktop\federated\.venv\Lib\site-packages\torch\nn\modules\container.py", line 253, in forward
    input = module(input)
            ^^^^^^^^^^^^^
  File "C:\Users\prana\OneDrive\Desktop\federated\.venv\Lib\site-packages\torch\nn\modules\module.py", line 1778, in _wrapped_call_impl
    return self._call_impl(*args, **kwargs)
           ^^^^^^^^^^^^^^^^^^^^^^^^^^^^^^^^
  File "C:\Users\prana\OneDrive\Desktop\federated\.venv\Lib\site-packages\torch\nn\modules\module.py", line 1789, in _call_impl
    return forward_call(*args, **kwargs)
           ^^^^^^^^^^^^^^^^^^^^^^^^^^^^^
  File "C:\Users\prana\OneDrive\Desktop\federated\.venv\Lib\site-packages\torch\nn\modules\batchnorm.py", line 210, in forward
    return F.batch_norm(
           ^^^^^^^^^^^^^
  File "C:\Users\prana\OneDrive\Desktop\federated\.venv\Lib\site-packages\torch\nn\functional.py", line 2889, in batch_norm
    _verify_batch_size(input.size())
  File "C:\Users\prana\OneDrive\Desktop\federated\.venv\Lib\site-packages\torch\nn\functional.py", line 2854, in _verify_batch_size
    raise ValueError(
ValueError: Expected more than 1 value per channel when training, got input size torch.Size([1, 128])

The above exception was the direct cause of the following exception:

[36mray::ClientAppActor.run()[39m (pid=37036, ip=127.0.0.1, actor_id=17f77260ac1ee682d8d248b501000000, repr=<flwr.simulation.ray_transport.ray_actor.ClientAppActor object at 0x0000026D91DF6C00>)
  File "python\\ray\\_raylet.pyx", line 1836, in ray._raylet.execute_task
  File "python\\ray\\_raylet.pyx", line 1947, in ray._raylet.execute_task
  File "python\\ray\\_raylet.pyx", line 1843, in ray._raylet.execute_task
  File "python\\ray\\_raylet.pyx", line 1786, in ray._raylet.execute_task.function_executor
  File "C:\Users\prana\OneDrive\Desktop\federated\.venv\Lib\site-packages\ray\_private\function_manager.py", line 740, in actor_method_executor
    return method(__ray_actor, *args, **kwargs)
           ^^^^^^^^^^^^^^^^^^^^^^^^^^^^^^^^^^^^
  File "C:\Users\prana\OneDrive\Desktop\federated\.venv\Lib\site-packages\ray\util\tracing\tracing_helper.py", line 487, in _resume_span
    return method(self, *_args, **_kwargs)
           ^^^^^^^^^^^^^^^^^^^^^^^^^^^^^^^
  File "C:\Users\prana\OneDrive\Desktop\federated\.venv\Lib\site-packages\flwr\simulation\ray_transport\ray_actor.py", line 64, in run
    raise ClientAppException(str(ex)) from ex
flwr.client.client_app.ClientAppException: 
Exception ClientAppException occurred. Message: Expected more than 1 value per channel when training, got input size torch.Size([1, 128])
[2026-07-20 14:22:25,936][flwr][ERROR] - Traceback (most recent call last):
  File "C:\Users\prana\OneDrive\Desktop\federated\.venv\Lib\site-packages\flwr\simulation\ray_transport\ray_client_proxy.py", line 73, in _submit_job
    out_mssg, updated_context = self.actor_pool.get_client_result(
                                ^^^^^^^^^^^^^^^^^^^^^^^^^^^^^^^^^^
  File "C:\Users\prana\OneDrive\Desktop\federated\.venv\Lib\site-packages\flwr\simulation\ray_transport\ray_actor.py", line 399, in get_client_result
    return self._fetch_future_result(cid)
           ^^^^^^^^^^^^^^^^^^^^^^^^^^^^^^
  File "C:\Users\prana\OneDrive\Desktop\federated\.venv\Lib\site-packages\flwr\simulation\ray_transport\ray_actor.py", line 280, in _fetch_future_result
    res_cid, out_mssg, updated_context = ray.get(
                                         ^^^^^^^^
  File "C:\Users\prana\OneDrive\Desktop\federated\.venv\Lib\site-packages\ray\_private\auto_init_hook.py", line 22, in auto_init_wrapper
    return fn(*args, **kwargs)
           ^^^^^^^^^^^^^^^^^^^
  File "C:\Users\prana\OneDrive\Desktop\federated\.venv\Lib\site-packages\ray\_private\client_mode_hook.py", line 110, in wrapper
    return func(*args, **kwargs)
           ^^^^^^^^^^^^^^^^^^^^^
  File "C:\Users\prana\OneDrive\Desktop\federated\.venv\Lib\site-packages\ray\_private\worker.py", line 2968, in get
    values, debugger_breakpoint = worker.get_objects(
                                  ^^^^^^^^^^^^^^^^^^^
  File "C:\Users\prana\OneDrive\Desktop\federated\.venv\Lib\site-packages\ray\_private\worker.py", line 1050, in get_objects
    raise value.as_instanceof_cause()
ray.exceptions.RayTaskError(ClientAppException): [36mray::ClientAppActor.run()[39m (pid=39756, ip=127.0.0.1, actor_id=e60c3a11981d16e80157505b01000000, repr=<flwr.simulation.ray_transport.ray_actor.ClientAppActor object at 0x0000024C3A4F6BA0>)
                  ^^^^^^^^^^^^^^^^^^^^^^^^^^^^^^^^^^^^^
  File "C:\Users\prana\OneDrive\Desktop\federated\.venv\Lib\site-packages\flwr\client\client_app.py", line 98, in __call__
    return self._call(message, context)
           ^^^^^^^^^^^^^^^^^^^^^^^^^^^^
  File "C:\Users\prana\OneDrive\Desktop\federated\.venv\Lib\site-packages\flwr\client\client_app.py", line 81, in ffn
    out_message = handle_legacy_message_from_msgtype(
                  ^^^^^^^^^^^^^^^^^^^^^^^^^^^^^^^^^^^
  File "C:\Users\prana\OneDrive\Desktop\federated\.venv\Lib\site-packages\flwr\client\message_handler\message_handler.py", line 130, in handle_legacy_message_from_msgtype
    fit_res = maybe_call_fit(
              ^^^^^^^^^^^^^^^
  File "C:\Users\prana\OneDrive\Desktop\federated\.venv\Lib\site-packages\flwr\client\client.py", line 234, in maybe_call_fit
    return client.fit(fit_ins)
           ^^^^^^^^^^^^^^^^^^^
  File "C:\Users\prana\OneDrive\Desktop\federated\.venv\Lib\site-packages\flwr\client\numpy_client.py", line 238, in _fit
    results = self.numpy_client.fit(parameters, ins.config)  # type: ignore
              ^^^^^^^^^^^^^^^^^^^^^^^^^^^^^^^^^^^^^^^^^^^^^
  File "C:\Users\prana\OneDrive\Desktop\federated\app\federated\client.py", line 52, in fit
    self.trainer.fit(self.train_loader, self.val_loader, epochs=self.epochs,
  File "C:\Users\prana\OneDrive\Desktop\federated\app\training\trainer.py", line 37, in fit
    train_logs = self._train_epoch(train_loader, epoch, proximal_mu, global_params)
                 ^^^^^^^^^^^^^^^^^^^^^^^^^^^^^^^^^^^^^^^^^^^^^^^^^^^^^^^^^^^^^^^^^^
  File "C:\Users\prana\OneDrive\Desktop\federated\app\training\trainer.py", line 83, in _train_epoch
    output = self.model(data)
             ^^^^^^^^^^^^^^^^
  File "C:\Users\prana\OneDrive\Desktop\federated\.venv\Lib\site-packages\torch\nn\modules\module.py", line 1778, in _wrapped_call_impl
    return self._call_impl(*args, **kwargs)
           ^^^^^^^^^^^^^^^^^^^^^^^^^^^^^^^^
  File "C:\Users\prana\OneDrive\Desktop\federated\.venv\Lib\site-packages\torch\nn\modules\module.py", line 1789, in _call_impl
    return forward_call(*args, **kwargs)
           ^^^^^^^^^^^^^^^^^^^^^^^^^^^^^
  File "C:\Users\prana\OneDrive\Desktop\federated\app\models\mlp.py", line 24, in forward
    return self.network(x)
           ^^^^^^^^^^^^^^^
  File "C:\Users\prana\OneDrive\Desktop\federated\.venv\Lib\site-packages\torch\nn\modules\module.py", line 1778, in _wrapped_call_impl
    return self._call_impl(*args, **kwargs)
           ^^^^^^^^^^^^^^^^^^^^^^^^^^^^^^^^
  File "C:\Users\prana\OneDrive\Desktop\federated\.venv\Lib\site-packages\torch\nn\modules\module.py", line 1789, in _call_impl
    return forward_call(*args, **kwargs)
           ^^^^^^^^^^^^^^^^^^^^^^^^^^^^^
  File "C:\Users\prana\OneDrive\Desktop\federated\.venv\Lib\site-packages\torch\nn\modules\container.py", line 253, in forward
    input = module(input)
            ^^^^^^^^^^^^^
  File "C:\Users\prana\OneDrive\Desktop\federated\.venv\Lib\site-packages\torch\nn\modules\module.py", line 1778, in _wrapped_call_impl
    return self._call_impl(*args, **kwargs)
           ^^^^^^^^^^^^^^^^^^^^^^^^^^^^^^^^
  File "C:\Users\prana\OneDrive\Desktop\federated\.venv\Lib\site-packages\torch\nn\modules\module.py", line 1789, in _call_impl
    return forward_call(*args, **kwargs)
           ^^^^^^^^^^^^^^^^^^^^^^^^^^^^^
  File "C:\Users\prana\OneDrive\Desktop\federated\.venv\Lib\site-packages\torch\nn\modules\batchnorm.py", line 210, in forward
    return F.batch_norm(
           ^^^^^^^^^^^^^
  File "C:\Users\prana\OneDrive\Desktop\federated\.venv\Lib\site-packages\torch\nn\functional.py", line 2889, in batch_norm
    _verify_batch_size(input.size())
  File "C:\Users\prana\OneDrive\Desktop\federated\.venv\Lib\site-packages\torch\nn\functional.py", line 2854, in _verify_batch_size
    raise ValueError(
ValueError: Expected more than 1 value per channel when training, got input size torch.Size([1, 128])

The above exception was the direct cause of the following exception:

[36mray::ClientAppActor.run()[39m (pid=39756, ip=127.0.0.1, actor_id=e60c3a11981d16e80157505b01000000, repr=<flwr.simulation.ray_transport.ray_actor.ClientAppActor object at 0x0000024C3A4F6BA0>)
  File "python\\ray\\_raylet.pyx", line 1836, in ray._raylet.execute_task
  File "python\\ray\\_raylet.pyx", line 1947, in ray._raylet.execute_task
  File "python\\ray\\_raylet.pyx", line 1843, in ray._raylet.execute_task
  File "python\\ray\\_raylet.pyx", line 1786, in ray._raylet.execute_task.function_executor
  File "C:\Users\prana\OneDrive\Desktop\federated\.venv\Lib\site-packages\ray\_private\function_manager.py", line 740, in actor_method_executor
    return method(__ray_actor, *args, **kwargs)
           ^^^^^^^^^^^^^^^^^^^^^^^^^^^^^^^^^^^^
  File "C:\Users\prana\OneDrive\Desktop\federated\.venv\Lib\site-packages\ray\util\tracing\tracing_helper.py", line 487, in _resume_span
    return method(self, *_args, **_kwargs)
           ^^^^^^^^^^^^^^^^^^^^^^^^^^^^^^^
  File "C:\Users\prana\OneDrive\Desktop\federated\.venv\Lib\site-packages\flwr\simulation\ray_transport\ray_actor.py", line 64, in run
    raise ClientAppException(str(ex)) from ex
flwr.client.client_app.ClientAppException: 
Exception ClientAppException occurred. Message: Expected more than 1 value per channel when training, got input size torch.Size([1, 128])

[2026-07-20 14:22:25,937][flwr][ERROR] - [36mray::ClientAppActor.run()[39m (pid=39756, ip=127.0.0.1, actor_id=e60c3a11981d16e80157505b01000000, repr=<flwr.simulation.ray_transport.ray_actor.ClientAppActor object at 0x0000024C3A4F6BA0>)
                  ^^^^^^^^^^^^^^^^^^^^^^^^^^^^^^^^^^^^^
  File "C:\Users\prana\OneDrive\Desktop\federated\.venv\Lib\site-packages\flwr\client\client_app.py", line 98, in __call__
    return self._call(message, context)
           ^^^^^^^^^^^^^^^^^^^^^^^^^^^^
  File "C:\Users\prana\OneDrive\Desktop\federated\.venv\Lib\site-packages\flwr\client\client_app.py", line 81, in ffn
    out_message = handle_legacy_message_from_msgtype(
                  ^^^^^^^^^^^^^^^^^^^^^^^^^^^^^^^^^^^
  File "C:\Users\prana\OneDrive\Desktop\federated\.venv\Lib\site-packages\flwr\client\message_handler\message_handler.py", line 130, in handle_legacy_message_from_msgtype
    fit_res = maybe_call_fit(
              ^^^^^^^^^^^^^^^
  File "C:\Users\prana\OneDrive\Desktop\federated\.venv\Lib\site-packages\flwr\client\client.py", line 234, in maybe_call_fit
    return client.fit(fit_ins)
           ^^^^^^^^^^^^^^^^^^^
  File "C:\Users\prana\OneDrive\Desktop\federated\.venv\Lib\site-packages\flwr\client\numpy_client.py", line 238, in _fit
    results = self.numpy_client.fit(parameters, ins.config)  # type: ignore
              ^^^^^^^^^^^^^^^^^^^^^^^^^^^^^^^^^^^^^^^^^^^^^
  File "C:\Users\prana\OneDrive\Desktop\federated\app\federated\client.py", line 52, in fit
    self.trainer.fit(self.train_loader, self.val_loader, epochs=self.epochs,
  File "C:\Users\prana\OneDrive\Desktop\federated\app\training\trainer.py", line 37, in fit
    train_logs = self._train_epoch(train_loader, epoch, proximal_mu, global_params)
                 ^^^^^^^^^^^^^^^^^^^^^^^^^^^^^^^^^^^^^^^^^^^^^^^^^^^^^^^^^^^^^^^^^^
  File "C:\Users\prana\OneDrive\Desktop\federated\app\training\trainer.py", line 83, in _train_epoch
    output = self.model(data)
             ^^^^^^^^^^^^^^^^
  File "C:\Users\prana\OneDrive\Desktop\federated\.venv\Lib\site-packages\torch\nn\modules\module.py", line 1778, in _wrapped_call_impl
    return self._call_impl(*args, **kwargs)
           ^^^^^^^^^^^^^^^^^^^^^^^^^^^^^^^^
  File "C:\Users\prana\OneDrive\Desktop\federated\.venv\Lib\site-packages\torch\nn\modules\module.py", line 1789, in _call_impl
    return forward_call(*args, **kwargs)
           ^^^^^^^^^^^^^^^^^^^^^^^^^^^^^
  File "C:\Users\prana\OneDrive\Desktop\federated\app\models\mlp.py", line 24, in forward
    return self.network(x)
           ^^^^^^^^^^^^^^^
  File "C:\Users\prana\OneDrive\Desktop\federated\.venv\Lib\site-packages\torch\nn\modules\module.py", line 1778, in _wrapped_call_impl
    return self._call_impl(*args, **kwargs)
           ^^^^^^^^^^^^^^^^^^^^^^^^^^^^^^^^
  File "C:\Users\prana\OneDrive\Desktop\federated\.venv\Lib\site-packages\torch\nn\modules\module.py", line 1789, in _call_impl
    return forward_call(*args, **kwargs)
           ^^^^^^^^^^^^^^^^^^^^^^^^^^^^^
  File "C:\Users\prana\OneDrive\Desktop\federated\.venv\Lib\site-packages\torch\nn\modules\container.py", line 253, in forward
    input = module(input)
            ^^^^^^^^^^^^^
  File "C:\Users\prana\OneDrive\Desktop\federated\.venv\Lib\site-packages\torch\nn\modules\module.py", line 1778, in _wrapped_call_impl
    return self._call_impl(*args, **kwargs)
           ^^^^^^^^^^^^^^^^^^^^^^^^^^^^^^^^
  File "C:\Users\prana\OneDrive\Desktop\federated\.venv\Lib\site-packages\torch\nn\modules\module.py", line 1789, in _call_impl
    return forward_call(*args, **kwargs)
           ^^^^^^^^^^^^^^^^^^^^^^^^^^^^^
  File "C:\Users\prana\OneDrive\Desktop\federated\.venv\Lib\site-packages\torch\nn\modules\batchnorm.py", line 210, in forward
    return F.batch_norm(
           ^^^^^^^^^^^^^
  File "C:\Users\prana\OneDrive\Desktop\federated\.venv\Lib\site-packages\torch\nn\functional.py", line 2889, in batch_norm
    _verify_batch_size(input.size())
  File "C:\Users\prana\OneDrive\Desktop\federated\.venv\Lib\site-packages\torch\nn\functional.py", line 2854, in _verify_batch_size
    raise ValueError(
ValueError: Expected more than 1 value per channel when training, got input size torch.Size([1, 128])

The above exception was the direct cause of the following exception:

[36mray::ClientAppActor.run()[39m (pid=39756, ip=127.0.0.1, actor_id=e60c3a11981d16e80157505b01000000, repr=<flwr.simulation.ray_transport.ray_actor.ClientAppActor object at 0x0000024C3A4F6BA0>)
  File "python\\ray\\_raylet.pyx", line 1836, in ray._raylet.execute_task
  File "python\\ray\\_raylet.pyx", line 1947, in ray._raylet.execute_task
  File "python\\ray\\_raylet.pyx", line 1843, in ray._raylet.execute_task
  File "python\\ray\\_raylet.pyx", line 1786, in ray._raylet.execute_task.function_executor
  File "C:\Users\prana\OneDrive\Desktop\federated\.venv\Lib\site-packages\ray\_private\function_manager.py", line 740, in actor_method_executor
    return method(__ray_actor, *args, **kwargs)
           ^^^^^^^^^^^^^^^^^^^^^^^^^^^^^^^^^^^^
  File "C:\Users\prana\OneDrive\Desktop\federated\.venv\Lib\site-packages\ray\util\tracing\tracing_helper.py", line 487, in _resume_span
    return method(self, *_args, **_kwargs)
           ^^^^^^^^^^^^^^^^^^^^^^^^^^^^^^^
  File "C:\Users\prana\OneDrive\Desktop\federated\.venv\Lib\site-packages\flwr\simulation\ray_transport\ray_actor.py", line 64, in run
    raise ClientAppException(str(ex)) from ex
flwr.client.client_app.ClientAppException: 
Exception ClientAppException occurred. Message: Expected more than 1 value per channel when training, got input size torch.Size([1, 128])
[2026-07-20 14:22:25,938][flwr][INFO] - aggregate_fit: received 0 results and 3 failures
[2026-07-20 14:22:25,939][flwr][INFO] - configure_evaluate: strategy sampled 3 clients (out of 3)
[2026-07-20 14:22:25,955][flwr][ERROR] - Traceback (most recent call last):
  File "C:\Users\prana\OneDrive\Desktop\federated\.venv\Lib\site-packages\flwr\simulation\ray_transport\ray_client_proxy.py", line 73, in _submit_job
    out_mssg, updated_context = self.actor_pool.get_client_result(
                                ^^^^^^^^^^^^^^^^^^^^^^^^^^^^^^^^^^
  File "C:\Users\prana\OneDrive\Desktop\federated\.venv\Lib\site-packages\flwr\simulation\ray_transport\ray_actor.py", line 399, in get_client_result
    return self._fetch_future_result(cid)
           ^^^^^^^^^^^^^^^^^^^^^^^^^^^^^^
  File "C:\Users\prana\OneDrive\Desktop\federated\.venv\Lib\site-packages\flwr\simulation\ray_transport\ray_actor.py", line 280, in _fetch_future_result
    res_cid, out_mssg, updated_context = ray.get(
                                         ^^^^^^^^
  File "C:\Users\prana\OneDrive\Desktop\federated\.venv\Lib\site-packages\ray\_private\auto_init_hook.py", line 22, in auto_init_wrapper
    return fn(*args, **kwargs)
           ^^^^^^^^^^^^^^^^^^^
  File "C:\Users\prana\OneDrive\Desktop\federated\.venv\Lib\site-packages\ray\_private\client_mode_hook.py", line 110, in wrapper
    return func(*args, **kwargs)
           ^^^^^^^^^^^^^^^^^^^^^
  File "C:\Users\prana\OneDrive\Desktop\federated\.venv\Lib\site-packages\ray\_private\worker.py", line 2968, in get
    values, debugger_breakpoint = worker.get_objects(
                                  ^^^^^^^^^^^^^^^^^^^
  File "C:\Users\prana\OneDrive\Desktop\federated\.venv\Lib\site-packages\ray\_private\worker.py", line 1050, in get_objects
    raise value.as_instanceof_cause()
ray.exceptions.RayTaskError(ClientAppException): [36mray::ClientAppActor.run()[39m (pid=39756, ip=127.0.0.1, actor_id=e60c3a11981d16e80157505b01000000, repr=<flwr.simulation.ray_transport.ray_actor.ClientAppActor object at 0x0000024C3A4F6BA0>)
                  ^^^^^^^^^^^^^^^^^^^^^^^^^^^^^^^^^^^^^
  File "C:\Users\prana\OneDrive\Desktop\federated\.venv\Lib\site-packages\flwr\client\client_app.py", line 98, in __call__
    return self._call(message, context)
           ^^^^^^^^^^^^^^^^^^^^^^^^^^^^
  File "C:\Users\prana\OneDrive\Desktop\federated\.venv\Lib\site-packages\flwr\client\client_app.py", line 81, in ffn
    out_message = handle_legacy_message_from_msgtype(
                  ^^^^^^^^^^^^^^^^^^^^^^^^^^^^^^^^^^^
  File "C:\Users\prana\OneDrive\Desktop\federated\.venv\Lib\site-packages\flwr\client\message_handler\message_handler.py", line 96, in handle_legacy_message_from_msgtype
    client = client_fn(str(message.metadata.partition_id))
             ^^^^^^^^^^^^^^^^^^^^^^^^^^^^^^^^^^^^^^^^^^^^^
  File "C:\Users\prana\OneDrive\Desktop\federated\scripts\federated_simulation.py", line 44, in client_fn
    train_loader = data_module.train_dataloader()
                   ^^^^^^^^^^^^^^^^^^^^^^^^^^^^^^
  File "C:\Users\prana\OneDrive\Desktop\federated\app\datasets\loader.py", line 31, in train_dataloader
    return DataLoader(self.train_dataset, batch_size=self.batch_size, shuffle=True)
           ^^^^^^^^^^^^^^^^^^^^^^^^^^^^^^^^^^^^^^^^^^^^^^^^^^^^^^^^^^^^^^^^^^^^^^^^
  File "C:\Users\prana\OneDrive\Desktop\federated\.venv\Lib\site-packages\torch\utils\data\dataloader.py", line 401, in __init__
    sampler = RandomSampler(dataset, generator=generator)  # type: ignore[arg-type]
              ^^^^^^^^^^^^^^^^^^^^^^^^^^^^^^^^^^^^^^^^^^^
  File "C:\Users\prana\OneDrive\Desktop\federated\.venv\Lib\site-packages\torch\utils\data\sampler.py", line 149, in __init__
    raise ValueError(
ValueError: num_samples should be a positive integer value, but got num_samples=0

The above exception was the direct cause of the following exception:

[36mray::ClientAppActor.run()[39m (pid=39756, ip=127.0.0.1, actor_id=e60c3a11981d16e80157505b01000000, repr=<flwr.simulation.ray_transport.ray_actor.ClientAppActor object at 0x0000024C3A4F6BA0>)
  File "python\\ray\\_raylet.pyx", line 1836, in ray._raylet.execute_task
  File "python\\ray\\_raylet.pyx", line 1947, in ray._raylet.execute_task
  File "python\\ray\\_raylet.pyx", line 1843, in ray._raylet.execute_task
  File "python\\ray\\_raylet.pyx", line 1786, in ray._raylet.execute_task.function_executor
  File "C:\Users\prana\OneDrive\Desktop\federated\.venv\Lib\site-packages\ray\_private\function_manager.py", line 740, in actor_method_executor
    return method(__ray_actor, *args, **kwargs)
           ^^^^^^^^^^^^^^^^^^^^^^^^^^^^^^^^^^^^
  File "C:\Users\prana\OneDrive\Desktop\federated\.venv\Lib\site-packages\ray\util\tracing\tracing_helper.py", line 487, in _resume_span
    return method(self, *_args, **_kwargs)
           ^^^^^^^^^^^^^^^^^^^^^^^^^^^^^^^
  File "C:\Users\prana\OneDrive\Desktop\federated\.venv\Lib\site-packages\flwr\simulation\ray_transport\ray_actor.py", line 64, in run
    raise ClientAppException(str(ex)) from ex
flwr.client.client_app.ClientAppException: 
Exception ClientAppException occurred. Message: num_samples should be a positive integer value, but got num_samples=0

[2026-07-20 14:22:25,956][flwr][ERROR] - [36mray::ClientAppActor.run()[39m (pid=39756, ip=127.0.0.1, actor_id=e60c3a11981d16e80157505b01000000, repr=<flwr.simulation.ray_transport.ray_actor.ClientAppActor object at 0x0000024C3A4F6BA0>)
                  ^^^^^^^^^^^^^^^^^^^^^^^^^^^^^^^^^^^^^
  File "C:\Users\prana\OneDrive\Desktop\federated\.venv\Lib\site-packages\flwr\client\client_app.py", line 98, in __call__
    return self._call(message, context)
           ^^^^^^^^^^^^^^^^^^^^^^^^^^^^
  File "C:\Users\prana\OneDrive\Desktop\federated\.venv\Lib\site-packages\flwr\client\client_app.py", line 81, in ffn
    out_message = handle_legacy_message_from_msgtype(
                  ^^^^^^^^^^^^^^^^^^^^^^^^^^^^^^^^^^^
  File "C:\Users\prana\OneDrive\Desktop\federated\.venv\Lib\site-packages\flwr\client\message_handler\message_handler.py", line 96, in handle_legacy_message_from_msgtype
    client = client_fn(str(message.metadata.partition_id))
             ^^^^^^^^^^^^^^^^^^^^^^^^^^^^^^^^^^^^^^^^^^^^^
  File "C:\Users\prana\OneDrive\Desktop\federated\scripts\federated_simulation.py", line 44, in client_fn
    train_loader = data_module.train_dataloader()
                   ^^^^^^^^^^^^^^^^^^^^^^^^^^^^^^
  File "C:\Users\prana\OneDrive\Desktop\federated\app\datasets\loader.py", line 31, in train_dataloader
    return DataLoader(self.train_dataset, batch_size=self.batch_size, shuffle=True)
           ^^^^^^^^^^^^^^^^^^^^^^^^^^^^^^^^^^^^^^^^^^^^^^^^^^^^^^^^^^^^^^^^^^^^^^^^
  File "C:\Users\prana\OneDrive\Desktop\federated\.venv\Lib\site-packages\torch\utils\data\dataloader.py", line 401, in __init__
    sampler = RandomSampler(dataset, generator=generator)  # type: ignore[arg-type]
              ^^^^^^^^^^^^^^^^^^^^^^^^^^^^^^^^^^^^^^^^^^^
  File "C:\Users\prana\OneDrive\Desktop\federated\.venv\Lib\site-packages\torch\utils\data\sampler.py", line 149, in __init__
    raise ValueError(
ValueError: num_samples should be a positive integer value, but got num_samples=0

The above exception was the direct cause of the following exception:

[36mray::ClientAppActor.run()[39m (pid=39756, ip=127.0.0.1, actor_id=e60c3a11981d16e80157505b01000000, repr=<flwr.simulation.ray_transport.ray_actor.ClientAppActor object at 0x0000024C3A4F6BA0>)
  File "python\\ray\\_raylet.pyx", line 1836, in ray._raylet.execute_task
  File "python\\ray\\_raylet.pyx", line 1947, in ray._raylet.execute_task
  File "python\\ray\\_raylet.pyx", line 1843, in ray._raylet.execute_task
  File "python\\ray\\_raylet.pyx", line 1786, in ray._raylet.execute_task.function_executor
  File "C:\Users\prana\OneDrive\Desktop\federated\.venv\Lib\site-packages\ray\_private\function_manager.py", line 740, in actor_method_executor
    return method(__ray_actor, *args, **kwargs)
           ^^^^^^^^^^^^^^^^^^^^^^^^^^^^^^^^^^^^
  File "C:\Users\prana\OneDrive\Desktop\federated\.venv\Lib\site-packages\ray\util\tracing\tracing_helper.py", line 487, in _resume_span
    return method(self, *_args, **_kwargs)
           ^^^^^^^^^^^^^^^^^^^^^^^^^^^^^^^
  File "C:\Users\prana\OneDrive\Desktop\federated\.venv\Lib\site-packages\flwr\simulation\ray_transport\ray_actor.py", line 64, in run
    raise ClientAppException(str(ex)) from ex
flwr.client.client_app.ClientAppException: 
Exception ClientAppException occurred. Message: num_samples should be a positive integer value, but got num_samples=0
[2026-07-20 14:22:26,013][flwr][INFO] - aggregate_evaluate: received 2 results and 1 failures
[2026-07-20 14:22:26,072][flwr][INFO] - 
[2026-07-20 14:22:26,073][flwr][INFO] - [ROUND 3]
[2026-07-20 14:22:26,073][flwr][INFO] - configure_fit: strategy sampled 3 clients (out of 3)
[2026-07-20 14:22:26,090][flwr][ERROR] - Traceback (most recent call last):
  File "C:\Users\prana\OneDrive\Desktop\federated\.venv\Lib\site-packages\flwr\simulation\ray_transport\ray_client_proxy.py", line 73, in _submit_job
    out_mssg, updated_context = self.actor_pool.get_client_result(
                                ^^^^^^^^^^^^^^^^^^^^^^^^^^^^^^^^^^
  File "C:\Users\prana\OneDrive\Desktop\federated\.venv\Lib\site-packages\flwr\simulation\ray_transport\ray_actor.py", line 399, in get_client_result
    return self._fetch_future_result(cid)
           ^^^^^^^^^^^^^^^^^^^^^^^^^^^^^^
  File "C:\Users\prana\OneDrive\Desktop\federated\.venv\Lib\site-packages\flwr\simulation\ray_transport\ray_actor.py", line 280, in _fetch_future_result
    res_cid, out_mssg, updated_context = ray.get(
                                         ^^^^^^^^
  File "C:\Users\prana\OneDrive\Desktop\federated\.venv\Lib\site-packages\ray\_private\auto_init_hook.py", line 22, in auto_init_wrapper
    return fn(*args, **kwargs)
           ^^^^^^^^^^^^^^^^^^^
  File "C:\Users\prana\OneDrive\Desktop\federated\.venv\Lib\site-packages\ray\_private\client_mode_hook.py", line 110, in wrapper
    return func(*args, **kwargs)
           ^^^^^^^^^^^^^^^^^^^^^
  File "C:\Users\prana\OneDrive\Desktop\federated\.venv\Lib\site-packages\ray\_private\worker.py", line 2968, in get
    values, debugger_breakpoint = worker.get_objects(
                                  ^^^^^^^^^^^^^^^^^^^
  File "C:\Users\prana\OneDrive\Desktop\federated\.venv\Lib\site-packages\ray\_private\worker.py", line 1050, in get_objects
    raise value.as_instanceof_cause()
ray.exceptions.RayTaskError(ClientAppException): [36mray::ClientAppActor.run()[39m (pid=37036, ip=127.0.0.1, actor_id=17f77260ac1ee682d8d248b501000000, repr=<flwr.simulation.ray_transport.ray_actor.ClientAppActor object at 0x0000026D91DF6C00>)
                  ^^^^^^^^^^^^^^^^^^^^^^^^^^^^^^^^^^^^^
  File "C:\Users\prana\OneDrive\Desktop\federated\.venv\Lib\site-packages\flwr\client\client_app.py", line 98, in __call__
    return self._call(message, context)
           ^^^^^^^^^^^^^^^^^^^^^^^^^^^^
  File "C:\Users\prana\OneDrive\Desktop\federated\.venv\Lib\site-packages\flwr\client\client_app.py", line 81, in ffn
    out_message = handle_legacy_message_from_msgtype(
                  ^^^^^^^^^^^^^^^^^^^^^^^^^^^^^^^^^^^
  File "C:\Users\prana\OneDrive\Desktop\federated\.venv\Lib\site-packages\flwr\client\message_handler\message_handler.py", line 96, in handle_legacy_message_from_msgtype
    client = client_fn(str(message.metadata.partition_id))
             ^^^^^^^^^^^^^^^^^^^^^^^^^^^^^^^^^^^^^^^^^^^^^
  File "C:\Users\prana\OneDrive\Desktop\federated\scripts\federated_simulation.py", line 44, in client_fn
    train_loader = data_module.train_dataloader()
                   ^^^^^^^^^^^^^^^^^^^^^^^^^^^^^^
  File "C:\Users\prana\OneDrive\Desktop\federated\app\datasets\loader.py", line 31, in train_dataloader
    return DataLoader(self.train_dataset, batch_size=self.batch_size, shuffle=True)
           ^^^^^^^^^^^^^^^^^^^^^^^^^^^^^^^^^^^^^^^^^^^^^^^^^^^^^^^^^^^^^^^^^^^^^^^^
  File "C:\Users\prana\OneDrive\Desktop\federated\.venv\Lib\site-packages\torch\utils\data\dataloader.py", line 401, in __init__
    sampler = RandomSampler(dataset, generator=generator)  # type: ignore[arg-type]
              ^^^^^^^^^^^^^^^^^^^^^^^^^^^^^^^^^^^^^^^^^^^
  File "C:\Users\prana\OneDrive\Desktop\federated\.venv\Lib\site-packages\torch\utils\data\sampler.py", line 149, in __init__
    raise ValueError(
ValueError: num_samples should be a positive integer value, but got num_samples=0

The above exception was the direct cause of the following exception:

[36mray::ClientAppActor.run()[39m (pid=37036, ip=127.0.0.1, actor_id=17f77260ac1ee682d8d248b501000000, repr=<flwr.simulation.ray_transport.ray_actor.ClientAppActor object at 0x0000026D91DF6C00>)
  File "python\\ray\\_raylet.pyx", line 1836, in ray._raylet.execute_task
  File "python\\ray\\_raylet.pyx", line 1947, in ray._raylet.execute_task
  File "python\\ray\\_raylet.pyx", line 1843, in ray._raylet.execute_task
  File "python\\ray\\_raylet.pyx", line 1786, in ray._raylet.execute_task.function_executor
  File "C:\Users\prana\OneDrive\Desktop\federated\.venv\Lib\site-packages\ray\_private\function_manager.py", line 740, in actor_method_executor
    return method(__ray_actor, *args, **kwargs)
           ^^^^^^^^^^^^^^^^^^^^^^^^^^^^^^^^^^^^
  File "C:\Users\prana\OneDrive\Desktop\federated\.venv\Lib\site-packages\ray\util\tracing\tracing_helper.py", line 487, in _resume_span
    return method(self, *_args, **_kwargs)
           ^^^^^^^^^^^^^^^^^^^^^^^^^^^^^^^
  File "C:\Users\prana\OneDrive\Desktop\federated\.venv\Lib\site-packages\flwr\simulation\ray_transport\ray_actor.py", line 64, in run
    raise ClientAppException(str(ex)) from ex
flwr.client.client_app.ClientAppException: 
Exception ClientAppException occurred. Message: num_samples should be a positive integer value, but got num_samples=0

[2026-07-20 14:22:26,091][flwr][ERROR] - [36mray::ClientAppActor.run()[39m (pid=37036, ip=127.0.0.1, actor_id=17f77260ac1ee682d8d248b501000000, repr=<flwr.simulation.ray_transport.ray_actor.ClientAppActor object at 0x0000026D91DF6C00>)
                  ^^^^^^^^^^^^^^^^^^^^^^^^^^^^^^^^^^^^^
  File "C:\Users\prana\OneDrive\Desktop\federated\.venv\Lib\site-packages\flwr\client\client_app.py", line 98, in __call__
    return self._call(message, context)
           ^^^^^^^^^^^^^^^^^^^^^^^^^^^^
  File "C:\Users\prana\OneDrive\Desktop\federated\.venv\Lib\site-packages\flwr\client\client_app.py", line 81, in ffn
    out_message = handle_legacy_message_from_msgtype(
                  ^^^^^^^^^^^^^^^^^^^^^^^^^^^^^^^^^^^
  File "C:\Users\prana\OneDrive\Desktop\federated\.venv\Lib\site-packages\flwr\client\message_handler\message_handler.py", line 96, in handle_legacy_message_from_msgtype
    client = client_fn(str(message.metadata.partition_id))
             ^^^^^^^^^^^^^^^^^^^^^^^^^^^^^^^^^^^^^^^^^^^^^
  File "C:\Users\prana\OneDrive\Desktop\federated\scripts\federated_simulation.py", line 44, in client_fn
    train_loader = data_module.train_dataloader()
                   ^^^^^^^^^^^^^^^^^^^^^^^^^^^^^^
  File "C:\Users\prana\OneDrive\Desktop\federated\app\datasets\loader.py", line 31, in train_dataloader
    return DataLoader(self.train_dataset, batch_size=self.batch_size, shuffle=True)
           ^^^^^^^^^^^^^^^^^^^^^^^^^^^^^^^^^^^^^^^^^^^^^^^^^^^^^^^^^^^^^^^^^^^^^^^^
  File "C:\Users\prana\OneDrive\Desktop\federated\.venv\Lib\site-packages\torch\utils\data\dataloader.py", line 401, in __init__
    sampler = RandomSampler(dataset, generator=generator)  # type: ignore[arg-type]
              ^^^^^^^^^^^^^^^^^^^^^^^^^^^^^^^^^^^^^^^^^^^
  File "C:\Users\prana\OneDrive\Desktop\federated\.venv\Lib\site-packages\torch\utils\data\sampler.py", line 149, in __init__
    raise ValueError(
ValueError: num_samples should be a positive integer value, but got num_samples=0

The above exception was the direct cause of the following exception:

[36mray::ClientAppActor.run()[39m (pid=37036, ip=127.0.0.1, actor_id=17f77260ac1ee682d8d248b501000000, repr=<flwr.simulation.ray_transport.ray_actor.ClientAppActor object at 0x0000026D91DF6C00>)
  File "python\\ray\\_raylet.pyx", line 1836, in ray._raylet.execute_task
  File "python\\ray\\_raylet.pyx", line 1947, in ray._raylet.execute_task
  File "python\\ray\\_raylet.pyx", line 1843, in ray._raylet.execute_task
  File "python\\ray\\_raylet.pyx", line 1786, in ray._raylet.execute_task.function_executor
  File "C:\Users\prana\OneDrive\Desktop\federated\.venv\Lib\site-packages\ray\_private\function_manager.py", line 740, in actor_method_executor
    return method(__ray_actor, *args, **kwargs)
           ^^^^^^^^^^^^^^^^^^^^^^^^^^^^^^^^^^^^
  File "C:\Users\prana\OneDrive\Desktop\federated\.venv\Lib\site-packages\ray\util\tracing\tracing_helper.py", line 487, in _resume_span
    return method(self, *_args, **_kwargs)
           ^^^^^^^^^^^^^^^^^^^^^^^^^^^^^^^
  File "C:\Users\prana\OneDrive\Desktop\federated\.venv\Lib\site-packages\flwr\simulation\ray_transport\ray_actor.py", line 64, in run
    raise ClientAppException(str(ex)) from ex
flwr.client.client_app.ClientAppException: 
Exception ClientAppException occurred. Message: num_samples should be a positive integer value, but got num_samples=0
[2026-07-20 14:22:26,154][flwr][ERROR] - Traceback (most recent call last):
  File "C:\Users\prana\OneDrive\Desktop\federated\.venv\Lib\site-packages\flwr\simulation\ray_transport\ray_client_proxy.py", line 73, in _submit_job
    out_mssg, updated_context = self.actor_pool.get_client_result(
                                ^^^^^^^^^^^^^^^^^^^^^^^^^^^^^^^^^^
  File "C:\Users\prana\OneDrive\Desktop\federated\.venv\Lib\site-packages\flwr\simulation\ray_transport\ray_actor.py", line 399, in get_client_result
    return self._fetch_future_result(cid)
           ^^^^^^^^^^^^^^^^^^^^^^^^^^^^^^
  File "C:\Users\prana\OneDrive\Desktop\federated\.venv\Lib\site-packages\flwr\simulation\ray_transport\ray_actor.py", line 280, in _fetch_future_result
    res_cid, out_mssg, updated_context = ray.get(
                                         ^^^^^^^^
  File "C:\Users\prana\OneDrive\Desktop\federated\.venv\Lib\site-packages\ray\_private\auto_init_hook.py", line 22, in auto_init_wrapper
    return fn(*args, **kwargs)
           ^^^^^^^^^^^^^^^^^^^
  File "C:\Users\prana\OneDrive\Desktop\federated\.venv\Lib\site-packages\ray\_private\client_mode_hook.py", line 110, in wrapper
    return func(*args, **kwargs)
           ^^^^^^^^^^^^^^^^^^^^^
  File "C:\Users\prana\OneDrive\Desktop\federated\.venv\Lib\site-packages\ray\_private\worker.py", line 2968, in get
    values, debugger_breakpoint = worker.get_objects(
                                  ^^^^^^^^^^^^^^^^^^^
  File "C:\Users\prana\OneDrive\Desktop\federated\.venv\Lib\site-packages\ray\_private\worker.py", line 1050, in get_objects
    raise value.as_instanceof_cause()
ray.exceptions.RayTaskError(ClientAppException): [36mray::ClientAppActor.run()[39m (pid=37792, ip=127.0.0.1, actor_id=09ceeba6a3e048cbb0f499e901000000, repr=<flwr.simulation.ray_transport.ray_actor.ClientAppActor object at 0x000001BF560D6C90>)
                  ^^^^^^^^^^^^^^^^^^^^^^^^^^^^^^^^^^^^^
  File "C:\Users\prana\OneDrive\Desktop\federated\.venv\Lib\site-packages\flwr\client\client_app.py", line 98, in __call__
    return self._call(message, context)
           ^^^^^^^^^^^^^^^^^^^^^^^^^^^^
  File "C:\Users\prana\OneDrive\Desktop\federated\.venv\Lib\site-packages\flwr\client\client_app.py", line 81, in ffn
    out_message = handle_legacy_message_from_msgtype(
                  ^^^^^^^^^^^^^^^^^^^^^^^^^^^^^^^^^^^
  File "C:\Users\prana\OneDrive\Desktop\federated\.venv\Lib\site-packages\flwr\client\message_handler\message_handler.py", line 130, in handle_legacy_message_from_msgtype
    fit_res = maybe_call_fit(
              ^^^^^^^^^^^^^^^
  File "C:\Users\prana\OneDrive\Desktop\federated\.venv\Lib\site-packages\flwr\client\client.py", line 234, in maybe_call_fit
    return client.fit(fit_ins)
           ^^^^^^^^^^^^^^^^^^^
  File "C:\Users\prana\OneDrive\Desktop\federated\.venv\Lib\site-packages\flwr\client\numpy_client.py", line 238, in _fit
    results = self.numpy_client.fit(parameters, ins.config)  # type: ignore
              ^^^^^^^^^^^^^^^^^^^^^^^^^^^^^^^^^^^^^^^^^^^^^
  File "C:\Users\prana\OneDrive\Desktop\federated\app\federated\client.py", line 52, in fit
    self.trainer.fit(self.train_loader, self.val_loader, epochs=self.epochs,
  File "C:\Users\prana\OneDrive\Desktop\federated\app\training\trainer.py", line 37, in fit
    train_logs = self._train_epoch(train_loader, epoch, proximal_mu, global_params)
                 ^^^^^^^^^^^^^^^^^^^^^^^^^^^^^^^^^^^^^^^^^^^^^^^^^^^^^^^^^^^^^^^^^^
  File "C:\Users\prana\OneDrive\Desktop\federated\app\training\trainer.py", line 83, in _train_epoch
    output = self.model(data)
             ^^^^^^^^^^^^^^^^
  File "C:\Users\prana\OneDrive\Desktop\federated\.venv\Lib\site-packages\torch\nn\modules\module.py", line 1778, in _wrapped_call_impl
    return self._call_impl(*args, **kwargs)
           ^^^^^^^^^^^^^^^^^^^^^^^^^^^^^^^^
  File "C:\Users\prana\OneDrive\Desktop\federated\.venv\Lib\site-packages\torch\nn\modules\module.py", line 1789, in _call_impl
    return forward_call(*args, **kwargs)
           ^^^^^^^^^^^^^^^^^^^^^^^^^^^^^
  File "C:\Users\prana\OneDrive\Desktop\federated\app\models\mlp.py", line 24, in forward
    return self.network(x)
           ^^^^^^^^^^^^^^^
  File "C:\Users\prana\OneDrive\Desktop\federated\.venv\Lib\site-packages\torch\nn\modules\module.py", line 1778, in _wrapped_call_impl
    return self._call_impl(*args, **kwargs)
           ^^^^^^^^^^^^^^^^^^^^^^^^^^^^^^^^
  File "C:\Users\prana\OneDrive\Desktop\federated\.venv\Lib\site-packages\torch\nn\modules\module.py", line 1789, in _call_impl
    return forward_call(*args, **kwargs)
           ^^^^^^^^^^^^^^^^^^^^^^^^^^^^^
  File "C:\Users\prana\OneDrive\Desktop\federated\.venv\Lib\site-packages\torch\nn\modules\container.py", line 253, in forward
    input = module(input)
            ^^^^^^^^^^^^^
  File "C:\Users\prana\OneDrive\Desktop\federated\.venv\Lib\site-packages\torch\nn\modules\module.py", line 1778, in _wrapped_call_impl
    return self._call_impl(*args, **kwargs)
           ^^^^^^^^^^^^^^^^^^^^^^^^^^^^^^^^
  File "C:\Users\prana\OneDrive\Desktop\federated\.venv\Lib\site-packages\torch\nn\modules\module.py", line 1789, in _call_impl
    return forward_call(*args, **kwargs)
           ^^^^^^^^^^^^^^^^^^^^^^^^^^^^^
  File "C:\Users\prana\OneDrive\Desktop\federated\.venv\Lib\site-packages\torch\nn\modules\batchnorm.py", line 210, in forward
    return F.batch_norm(
           ^^^^^^^^^^^^^
  File "C:\Users\prana\OneDrive\Desktop\federated\.venv\Lib\site-packages\torch\nn\functional.py", line 2889, in batch_norm
    _verify_batch_size(input.size())
  File "C:\Users\prana\OneDrive\Desktop\federated\.venv\Lib\site-packages\torch\nn\functional.py", line 2854, in _verify_batch_size
    raise ValueError(
ValueError: Expected more than 1 value per channel when training, got input size torch.Size([1, 128])

The above exception was the direct cause of the following exception:

[36mray::ClientAppActor.run()[39m (pid=37792, ip=127.0.0.1, actor_id=09ceeba6a3e048cbb0f499e901000000, repr=<flwr.simulation.ray_transport.ray_actor.ClientAppActor object at 0x000001BF560D6C90>)
  File "python\\ray\\_raylet.pyx", line 1836, in ray._raylet.execute_task
  File "python\\ray\\_raylet.pyx", line 1947, in ray._raylet.execute_task
  File "python\\ray\\_raylet.pyx", line 1843, in ray._raylet.execute_task
  File "python\\ray\\_raylet.pyx", line 1786, in ray._raylet.execute_task.function_executor
  File "C:\Users\prana\OneDrive\Desktop\federated\.venv\Lib\site-packages\ray\_private\function_manager.py", line 740, in actor_method_executor
    return method(__ray_actor, *args, **kwargs)
           ^^^^^^^^^^^^^^^^^^^^^^^^^^^^^^^^^^^^
  File "C:\Users\prana\OneDrive\Desktop\federated\.venv\Lib\site-packages\ray\util\tracing\tracing_helper.py", line 487, in _resume_span
    return method(self, *_args, **_kwargs)
           ^^^^^^^^^^^^^^^^^^^^^^^^^^^^^^^
  File "C:\Users\prana\OneDrive\Desktop\federated\.venv\Lib\site-packages\flwr\simulation\ray_transport\ray_actor.py", line 64, in run
    raise ClientAppException(str(ex)) from ex
flwr.client.client_app.ClientAppException: 
Exception ClientAppException occurred. Message: Expected more than 1 value per channel when training, got input size torch.Size([1, 128])

[2026-07-20 14:22:26,155][flwr][ERROR] - [36mray::ClientAppActor.run()[39m (pid=37792, ip=127.0.0.1, actor_id=09ceeba6a3e048cbb0f499e901000000, repr=<flwr.simulation.ray_transport.ray_actor.ClientAppActor object at 0x000001BF560D6C90>)
                  ^^^^^^^^^^^^^^^^^^^^^^^^^^^^^^^^^^^^^
  File "C:\Users\prana\OneDrive\Desktop\federated\.venv\Lib\site-packages\flwr\client\client_app.py", line 98, in __call__
    return self._call(message, context)
           ^^^^^^^^^^^^^^^^^^^^^^^^^^^^
  File "C:\Users\prana\OneDrive\Desktop\federated\.venv\Lib\site-packages\flwr\client\client_app.py", line 81, in ffn
    out_message = handle_legacy_message_from_msgtype(
                  ^^^^^^^^^^^^^^^^^^^^^^^^^^^^^^^^^^^
  File "C:\Users\prana\OneDrive\Desktop\federated\.venv\Lib\site-packages\flwr\client\message_handler\message_handler.py", line 130, in handle_legacy_message_from_msgtype
    fit_res = maybe_call_fit(
              ^^^^^^^^^^^^^^^
  File "C:\Users\prana\OneDrive\Desktop\federated\.venv\Lib\site-packages\flwr\client\client.py", line 234, in maybe_call_fit
    return client.fit(fit_ins)
           ^^^^^^^^^^^^^^^^^^^
  File "C:\Users\prana\OneDrive\Desktop\federated\.venv\Lib\site-packages\flwr\client\numpy_client.py", line 238, in _fit
    results = self.numpy_client.fit(parameters, ins.config)  # type: ignore
              ^^^^^^^^^^^^^^^^^^^^^^^^^^^^^^^^^^^^^^^^^^^^^
  File "C:\Users\prana\OneDrive\Desktop\federated\app\federated\client.py", line 52, in fit
    self.trainer.fit(self.train_loader, self.val_loader, epochs=self.epochs,
  File "C:\Users\prana\OneDrive\Desktop\federated\app\training\trainer.py", line 37, in fit
    train_logs = self._train_epoch(train_loader, epoch, proximal_mu, global_params)
                 ^^^^^^^^^^^^^^^^^^^^^^^^^^^^^^^^^^^^^^^^^^^^^^^^^^^^^^^^^^^^^^^^^^
  File "C:\Users\prana\OneDrive\Desktop\federated\app\training\trainer.py", line 83, in _train_epoch
    output = self.model(data)
             ^^^^^^^^^^^^^^^^
  File "C:\Users\prana\OneDrive\Desktop\federated\.venv\Lib\site-packages\torch\nn\modules\module.py", line 1778, in _wrapped_call_impl
    return self._call_impl(*args, **kwargs)
           ^^^^^^^^^^^^^^^^^^^^^^^^^^^^^^^^
  File "C:\Users\prana\OneDrive\Desktop\federated\.venv\Lib\site-packages\torch\nn\modules\module.py", line 1789, in _call_impl
    return forward_call(*args, **kwargs)
           ^^^^^^^^^^^^^^^^^^^^^^^^^^^^^
  File "C:\Users\prana\OneDrive\Desktop\federated\app\models\mlp.py", line 24, in forward
    return self.network(x)
           ^^^^^^^^^^^^^^^
  File "C:\Users\prana\OneDrive\Desktop\federated\.venv\Lib\site-packages\torch\nn\modules\module.py", line 1778, in _wrapped_call_impl
    return self._call_impl(*args, **kwargs)
           ^^^^^^^^^^^^^^^^^^^^^^^^^^^^^^^^
  File "C:\Users\prana\OneDrive\Desktop\federated\.venv\Lib\site-packages\torch\nn\modules\module.py", line 1789, in _call_impl
    return forward_call(*args, **kwargs)
           ^^^^^^^^^^^^^^^^^^^^^^^^^^^^^
  File "C:\Users\prana\OneDrive\Desktop\federated\.venv\Lib\site-packages\torch\nn\modules\container.py", line 253, in forward
    input = module(input)
            ^^^^^^^^^^^^^
  File "C:\Users\prana\OneDrive\Desktop\federated\.venv\Lib\site-packages\torch\nn\modules\module.py", line 1778, in _wrapped_call_impl
    return self._call_impl(*args, **kwargs)
           ^^^^^^^^^^^^^^^^^^^^^^^^^^^^^^^^
  File "C:\Users\prana\OneDrive\Desktop\federated\.venv\Lib\site-packages\torch\nn\modules\module.py", line 1789, in _call_impl
    return forward_call(*args, **kwargs)
           ^^^^^^^^^^^^^^^^^^^^^^^^^^^^^
  File "C:\Users\prana\OneDrive\Desktop\federated\.venv\Lib\site-packages\torch\nn\modules\batchnorm.py", line 210, in forward
    return F.batch_norm(
           ^^^^^^^^^^^^^
  File "C:\Users\prana\OneDrive\Desktop\federated\.venv\Lib\site-packages\torch\nn\functional.py", line 2889, in batch_norm
    _verify_batch_size(input.size())
  File "C:\Users\prana\OneDrive\Desktop\federated\.venv\Lib\site-packages\torch\nn\functional.py", line 2854, in _verify_batch_size
    raise ValueError(
ValueError: Expected more than 1 value per channel when training, got input size torch.Size([1, 128])

The above exception was the direct cause of the following exception:

[36mray::ClientAppActor.run()[39m (pid=37792, ip=127.0.0.1, actor_id=09ceeba6a3e048cbb0f499e901000000, repr=<flwr.simulation.ray_transport.ray_actor.ClientAppActor object at 0x000001BF560D6C90>)
  File "python\\ray\\_raylet.pyx", line 1836, in ray._raylet.execute_task
  File "python\\ray\\_raylet.pyx", line 1947, in ray._raylet.execute_task
  File "python\\ray\\_raylet.pyx", line 1843, in ray._raylet.execute_task
  File "python\\ray\\_raylet.pyx", line 1786, in ray._raylet.execute_task.function_executor
  File "C:\Users\prana\OneDrive\Desktop\federated\.venv\Lib\site-packages\ray\_private\function_manager.py", line 740, in actor_method_executor
    return method(__ray_actor, *args, **kwargs)
           ^^^^^^^^^^^^^^^^^^^^^^^^^^^^^^^^^^^^
  File "C:\Users\prana\OneDrive\Desktop\federated\.venv\Lib\site-packages\ray\util\tracing\tracing_helper.py", line 487, in _resume_span
    return method(self, *_args, **_kwargs)
           ^^^^^^^^^^^^^^^^^^^^^^^^^^^^^^^
  File "C:\Users\prana\OneDrive\Desktop\federated\.venv\Lib\site-packages\flwr\simulation\ray_transport\ray_actor.py", line 64, in run
    raise ClientAppException(str(ex)) from ex
flwr.client.client_app.ClientAppException: 
Exception ClientAppException occurred. Message: Expected more than 1 value per channel when training, got input size torch.Size([1, 128])
[2026-07-20 14:22:26,159][flwr][ERROR] - Traceback (most recent call last):
  File "C:\Users\prana\OneDrive\Desktop\federated\.venv\Lib\site-packages\flwr\simulation\ray_transport\ray_client_proxy.py", line 73, in _submit_job
    out_mssg, updated_context = self.actor_pool.get_client_result(
                                ^^^^^^^^^^^^^^^^^^^^^^^^^^^^^^^^^^
  File "C:\Users\prana\OneDrive\Desktop\federated\.venv\Lib\site-packages\flwr\simulation\ray_transport\ray_actor.py", line 399, in get_client_result
    return self._fetch_future_result(cid)
           ^^^^^^^^^^^^^^^^^^^^^^^^^^^^^^
  File "C:\Users\prana\OneDrive\Desktop\federated\.venv\Lib\site-packages\flwr\simulation\ray_transport\ray_actor.py", line 280, in _fetch_future_result
    res_cid, out_mssg, updated_context = ray.get(
                                         ^^^^^^^^
  File "C:\Users\prana\OneDrive\Desktop\federated\.venv\Lib\site-packages\ray\_private\auto_init_hook.py", line 22, in auto_init_wrapper
    return fn(*args, **kwargs)
           ^^^^^^^^^^^^^^^^^^^
  File "C:\Users\prana\OneDrive\Desktop\federated\.venv\Lib\site-packages\ray\_private\client_mode_hook.py", line 110, in wrapper
    return func(*args, **kwargs)
           ^^^^^^^^^^^^^^^^^^^^^
  File "C:\Users\prana\OneDrive\Desktop\federated\.venv\Lib\site-packages\ray\_private\worker.py", line 2968, in get
    values, debugger_breakpoint = worker.get_objects(
                                  ^^^^^^^^^^^^^^^^^^^
  File "C:\Users\prana\OneDrive\Desktop\federated\.venv\Lib\site-packages\ray\_private\worker.py", line 1050, in get_objects
    raise value.as_instanceof_cause()
ray.exceptions.RayTaskError(ClientAppException): [36mray::ClientAppActor.run()[39m (pid=39756, ip=127.0.0.1, actor_id=e60c3a11981d16e80157505b01000000, repr=<flwr.simulation.ray_transport.ray_actor.ClientAppActor object at 0x0000024C3A4F6BA0>)
                  ^^^^^^^^^^^^^^^^^^^^^^^^^^^^^^^^^^^^^
  File "C:\Users\prana\OneDrive\Desktop\federated\.venv\Lib\site-packages\flwr\client\client_app.py", line 98, in __call__
    return self._call(message, context)
           ^^^^^^^^^^^^^^^^^^^^^^^^^^^^
  File "C:\Users\prana\OneDrive\Desktop\federated\.venv\Lib\site-packages\flwr\client\client_app.py", line 81, in ffn
    out_message = handle_legacy_message_from_msgtype(
                  ^^^^^^^^^^^^^^^^^^^^^^^^^^^^^^^^^^^
  File "C:\Users\prana\OneDrive\Desktop\federated\.venv\Lib\site-packages\flwr\client\message_handler\message_handler.py", line 130, in handle_legacy_message_from_msgtype
    fit_res = maybe_call_fit(
              ^^^^^^^^^^^^^^^
  File "C:\Users\prana\OneDrive\Desktop\federated\.venv\Lib\site-packages\flwr\client\client.py", line 234, in maybe_call_fit
    return client.fit(fit_ins)
           ^^^^^^^^^^^^^^^^^^^
  File "C:\Users\prana\OneDrive\Desktop\federated\.venv\Lib\site-packages\flwr\client\numpy_client.py", line 238, in _fit
    results = self.numpy_client.fit(parameters, ins.config)  # type: ignore
              ^^^^^^^^^^^^^^^^^^^^^^^^^^^^^^^^^^^^^^^^^^^^^
  File "C:\Users\prana\OneDrive\Desktop\federated\app\federated\client.py", line 52, in fit
    self.trainer.fit(self.train_loader, self.val_loader, epochs=self.epochs,
  File "C:\Users\prana\OneDrive\Desktop\federated\app\training\trainer.py", line 37, in fit
    train_logs = self._train_epoch(train_loader, epoch, proximal_mu, global_params)
                 ^^^^^^^^^^^^^^^^^^^^^^^^^^^^^^^^^^^^^^^^^^^^^^^^^^^^^^^^^^^^^^^^^^
  File "C:\Users\prana\OneDrive\Desktop\federated\app\training\trainer.py", line 83, in _train_epoch
    output = self.model(data)
             ^^^^^^^^^^^^^^^^
  File "C:\Users\prana\OneDrive\Desktop\federated\.venv\Lib\site-packages\torch\nn\modules\module.py", line 1778, in _wrapped_call_impl
    return self._call_impl(*args, **kwargs)
           ^^^^^^^^^^^^^^^^^^^^^^^^^^^^^^^^
  File "C:\Users\prana\OneDrive\Desktop\federated\.venv\Lib\site-packages\torch\nn\modules\module.py", line 1789, in _call_impl
    return forward_call(*args, **kwargs)
           ^^^^^^^^^^^^^^^^^^^^^^^^^^^^^
  File "C:\Users\prana\OneDrive\Desktop\federated\app\models\mlp.py", line 24, in forward
    return self.network(x)
           ^^^^^^^^^^^^^^^
  File "C:\Users\prana\OneDrive\Desktop\federated\.venv\Lib\site-packages\torch\nn\modules\module.py", line 1778, in _wrapped_call_impl
    return self._call_impl(*args, **kwargs)
           ^^^^^^^^^^^^^^^^^^^^^^^^^^^^^^^^
  File "C:\Users\prana\OneDrive\Desktop\federated\.venv\Lib\site-packages\torch\nn\modules\module.py", line 1789, in _call_impl
    return forward_call(*args, **kwargs)
           ^^^^^^^^^^^^^^^^^^^^^^^^^^^^^
  File "C:\Users\prana\OneDrive\Desktop\federated\.venv\Lib\site-packages\torch\nn\modules\container.py", line 253, in forward
    input = module(input)
            ^^^^^^^^^^^^^
  File "C:\Users\prana\OneDrive\Desktop\federated\.venv\Lib\site-packages\torch\nn\modules\module.py", line 1778, in _wrapped_call_impl
    return self._call_impl(*args, **kwargs)
           ^^^^^^^^^^^^^^^^^^^^^^^^^^^^^^^^
  File "C:\Users\prana\OneDrive\Desktop\federated\.venv\Lib\site-packages\torch\nn\modules\module.py", line 1789, in _call_impl
    return forward_call(*args, **kwargs)
           ^^^^^^^^^^^^^^^^^^^^^^^^^^^^^
  File "C:\Users\prana\OneDrive\Desktop\federated\.venv\Lib\site-packages\torch\nn\modules\batchnorm.py", line 210, in forward
    return F.batch_norm(
           ^^^^^^^^^^^^^
  File "C:\Users\prana\OneDrive\Desktop\federated\.venv\Lib\site-packages\torch\nn\functional.py", line 2889, in batch_norm
    _verify_batch_size(input.size())
  File "C:\Users\prana\OneDrive\Desktop\federated\.venv\Lib\site-packages\torch\nn\functional.py", line 2854, in _verify_batch_size
    raise ValueError(
ValueError: Expected more than 1 value per channel when training, got input size torch.Size([1, 128])

The above exception was the direct cause of the following exception:

[36mray::ClientAppActor.run()[39m (pid=39756, ip=127.0.0.1, actor_id=e60c3a11981d16e80157505b01000000, repr=<flwr.simulation.ray_transport.ray_actor.ClientAppActor object at 0x0000024C3A4F6BA0>)
  File "python\\ray\\_raylet.pyx", line 1836, in ray._raylet.execute_task
  File "python\\ray\\_raylet.pyx", line 1947, in ray._raylet.execute_task
  File "python\\ray\\_raylet.pyx", line 1843, in ray._raylet.execute_task
  File "python\\ray\\_raylet.pyx", line 1786, in ray._raylet.execute_task.function_executor
  File "C:\Users\prana\OneDrive\Desktop\federated\.venv\Lib\site-packages\ray\_private\function_manager.py", line 740, in actor_method_executor
    return method(__ray_actor, *args, **kwargs)
           ^^^^^^^^^^^^^^^^^^^^^^^^^^^^^^^^^^^^
  File "C:\Users\prana\OneDrive\Desktop\federated\.venv\Lib\site-packages\ray\util\tracing\tracing_helper.py", line 487, in _resume_span
    return method(self, *_args, **_kwargs)
           ^^^^^^^^^^^^^^^^^^^^^^^^^^^^^^^
  File "C:\Users\prana\OneDrive\Desktop\federated\.venv\Lib\site-packages\flwr\simulation\ray_transport\ray_actor.py", line 64, in run
    raise ClientAppException(str(ex)) from ex
flwr.client.client_app.ClientAppException: 
Exception ClientAppException occurred. Message: Expected more than 1 value per channel when training, got input size torch.Size([1, 128])

[2026-07-20 14:22:26,160][flwr][ERROR] - [36mray::ClientAppActor.run()[39m (pid=39756, ip=127.0.0.1, actor_id=e60c3a11981d16e80157505b01000000, repr=<flwr.simulation.ray_transport.ray_actor.ClientAppActor object at 0x0000024C3A4F6BA0>)
                  ^^^^^^^^^^^^^^^^^^^^^^^^^^^^^^^^^^^^^
  File "C:\Users\prana\OneDrive\Desktop\federated\.venv\Lib\site-packages\flwr\client\client_app.py", line 98, in __call__
    return self._call(message, context)
           ^^^^^^^^^^^^^^^^^^^^^^^^^^^^
  File "C:\Users\prana\OneDrive\Desktop\federated\.venv\Lib\site-packages\flwr\client\client_app.py", line 81, in ffn
    out_message = handle_legacy_message_from_msgtype(
                  ^^^^^^^^^^^^^^^^^^^^^^^^^^^^^^^^^^^
  File "C:\Users\prana\OneDrive\Desktop\federated\.venv\Lib\site-packages\flwr\client\message_handler\message_handler.py", line 130, in handle_legacy_message_from_msgtype
    fit_res = maybe_call_fit(
              ^^^^^^^^^^^^^^^
  File "C:\Users\prana\OneDrive\Desktop\federated\.venv\Lib\site-packages\flwr\client\client.py", line 234, in maybe_call_fit
    return client.fit(fit_ins)
           ^^^^^^^^^^^^^^^^^^^
  File "C:\Users\prana\OneDrive\Desktop\federated\.venv\Lib\site-packages\flwr\client\numpy_client.py", line 238, in _fit
    results = self.numpy_client.fit(parameters, ins.config)  # type: ignore
              ^^^^^^^^^^^^^^^^^^^^^^^^^^^^^^^^^^^^^^^^^^^^^
  File "C:\Users\prana\OneDrive\Desktop\federated\app\federated\client.py", line 52, in fit
    self.trainer.fit(self.train_loader, self.val_loader, epochs=self.epochs,
  File "C:\Users\prana\OneDrive\Desktop\federated\app\training\trainer.py", line 37, in fit
    train_logs = self._train_epoch(train_loader, epoch, proximal_mu, global_params)
                 ^^^^^^^^^^^^^^^^^^^^^^^^^^^^^^^^^^^^^^^^^^^^^^^^^^^^^^^^^^^^^^^^^^
  File "C:\Users\prana\OneDrive\Desktop\federated\app\training\trainer.py", line 83, in _train_epoch
    output = self.model(data)
             ^^^^^^^^^^^^^^^^
  File "C:\Users\prana\OneDrive\Desktop\federated\.venv\Lib\site-packages\torch\nn\modules\module.py", line 1778, in _wrapped_call_impl
    return self._call_impl(*args, **kwargs)
           ^^^^^^^^^^^^^^^^^^^^^^^^^^^^^^^^
  File "C:\Users\prana\OneDrive\Desktop\federated\.venv\Lib\site-packages\torch\nn\modules\module.py", line 1789, in _call_impl
    return forward_call(*args, **kwargs)
           ^^^^^^^^^^^^^^^^^^^^^^^^^^^^^
  File "C:\Users\prana\OneDrive\Desktop\federated\app\models\mlp.py", line 24, in forward
    return self.network(x)
           ^^^^^^^^^^^^^^^
  File "C:\Users\prana\OneDrive\Desktop\federated\.venv\Lib\site-packages\torch\nn\modules\module.py", line 1778, in _wrapped_call_impl
    return self._call_impl(*args, **kwargs)
           ^^^^^^^^^^^^^^^^^^^^^^^^^^^^^^^^
  File "C:\Users\prana\OneDrive\Desktop\federated\.venv\Lib\site-packages\torch\nn\modules\module.py", line 1789, in _call_impl
    return forward_call(*args, **kwargs)
           ^^^^^^^^^^^^^^^^^^^^^^^^^^^^^
  File "C:\Users\prana\OneDrive\Desktop\federated\.venv\Lib\site-packages\torch\nn\modules\container.py", line 253, in forward
    input = module(input)
            ^^^^^^^^^^^^^
  File "C:\Users\prana\OneDrive\Desktop\federated\.venv\Lib\site-packages\torch\nn\modules\module.py", line 1778, in _wrapped_call_impl
    return self._call_impl(*args, **kwargs)
           ^^^^^^^^^^^^^^^^^^^^^^^^^^^^^^^^
  File "C:\Users\prana\OneDrive\Desktop\federated\.venv\Lib\site-packages\torch\nn\modules\module.py", line 1789, in _call_impl
    return forward_call(*args, **kwargs)
           ^^^^^^^^^^^^^^^^^^^^^^^^^^^^^
  File "C:\Users\prana\OneDrive\Desktop\federated\.venv\Lib\site-packages\torch\nn\modules\batchnorm.py", line 210, in forward
    return F.batch_norm(
           ^^^^^^^^^^^^^
  File "C:\Users\prana\OneDrive\Desktop\federated\.venv\Lib\site-packages\torch\nn\functional.py", line 2889, in batch_norm
    _verify_batch_size(input.size())
  File "C:\Users\prana\OneDrive\Desktop\federated\.venv\Lib\site-packages\torch\nn\functional.py", line 2854, in _verify_batch_size
    raise ValueError(
ValueError: Expected more than 1 value per channel when training, got input size torch.Size([1, 128])

The above exception was the direct cause of the following exception:

[36mray::ClientAppActor.run()[39m (pid=39756, ip=127.0.0.1, actor_id=e60c3a11981d16e80157505b01000000, repr=<flwr.simulation.ray_transport.ray_actor.ClientAppActor object at 0x0000024C3A4F6BA0>)
  File "python\\ray\\_raylet.pyx", line 1836, in ray._raylet.execute_task
  File "python\\ray\\_raylet.pyx", line 1947, in ray._raylet.execute_task
  File "python\\ray\\_raylet.pyx", line 1843, in ray._raylet.execute_task
  File "python\\ray\\_raylet.pyx", line 1786, in ray._raylet.execute_task.function_executor
  File "C:\Users\prana\OneDrive\Desktop\federated\.venv\Lib\site-packages\ray\_private\function_manager.py", line 740, in actor_method_executor
    return method(__ray_actor, *args, **kwargs)
           ^^^^^^^^^^^^^^^^^^^^^^^^^^^^^^^^^^^^
  File "C:\Users\prana\OneDrive\Desktop\federated\.venv\Lib\site-packages\ray\util\tracing\tracing_helper.py", line 487, in _resume_span
    return method(self, *_args, **_kwargs)
           ^^^^^^^^^^^^^^^^^^^^^^^^^^^^^^^
  File "C:\Users\prana\OneDrive\Desktop\federated\.venv\Lib\site-packages\flwr\simulation\ray_transport\ray_actor.py", line 64, in run
    raise ClientAppException(str(ex)) from ex
flwr.client.client_app.ClientAppException: 
Exception ClientAppException occurred. Message: Expected more than 1 value per channel when training, got input size torch.Size([1, 128])
[2026-07-20 14:22:26,160][flwr][INFO] - aggregate_fit: received 0 results and 3 failures
[2026-07-20 14:22:26,161][flwr][INFO] - configure_evaluate: strategy sampled 3 clients (out of 3)
[2026-07-20 14:22:26,179][flwr][ERROR] - Traceback (most recent call last):
  File "C:\Users\prana\OneDrive\Desktop\federated\.venv\Lib\site-packages\flwr\simulation\ray_transport\ray_client_proxy.py", line 73, in _submit_job
    out_mssg, updated_context = self.actor_pool.get_client_result(
                                ^^^^^^^^^^^^^^^^^^^^^^^^^^^^^^^^^^
  File "C:\Users\prana\OneDrive\Desktop\federated\.venv\Lib\site-packages\flwr\simulation\ray_transport\ray_actor.py", line 399, in get_client_result
    return self._fetch_future_result(cid)
           ^^^^^^^^^^^^^^^^^^^^^^^^^^^^^^
  File "C:\Users\prana\OneDrive\Desktop\federated\.venv\Lib\site-packages\flwr\simulation\ray_transport\ray_actor.py", line 280, in _fetch_future_result
    res_cid, out_mssg, updated_context = ray.get(
                                         ^^^^^^^^
  File "C:\Users\prana\OneDrive\Desktop\federated\.venv\Lib\site-packages\ray\_private\auto_init_hook.py", line 22, in auto_init_wrapper
    return fn(*args, **kwargs)
           ^^^^^^^^^^^^^^^^^^^
  File "C:\Users\prana\OneDrive\Desktop\federated\.venv\Lib\site-packages\ray\_private\client_mode_hook.py", line 110, in wrapper
    return func(*args, **kwargs)
           ^^^^^^^^^^^^^^^^^^^^^
  File "C:\Users\prana\OneDrive\Desktop\federated\.venv\Lib\site-packages\ray\_private\worker.py", line 2968, in get
    values, debugger_breakpoint = worker.get_objects(
                                  ^^^^^^^^^^^^^^^^^^^
  File "C:\Users\prana\OneDrive\Desktop\federated\.venv\Lib\site-packages\ray\_private\worker.py", line 1050, in get_objects
    raise value.as_instanceof_cause()
ray.exceptions.RayTaskError(ClientAppException): [36mray::ClientAppActor.run()[39m (pid=37792, ip=127.0.0.1, actor_id=09ceeba6a3e048cbb0f499e901000000, repr=<flwr.simulation.ray_transport.ray_actor.ClientAppActor object at 0x000001BF560D6C90>)
                  ^^^^^^^^^^^^^^^^^^^^^^^^^^^^^^^^^^^^^
  File "C:\Users\prana\OneDrive\Desktop\federated\.venv\Lib\site-packages\flwr\client\client_app.py", line 98, in __call__
    return self._call(message, context)
           ^^^^^^^^^^^^^^^^^^^^^^^^^^^^
  File "C:\Users\prana\OneDrive\Desktop\federated\.venv\Lib\site-packages\flwr\client\client_app.py", line 81, in ffn
    out_message = handle_legacy_message_from_msgtype(
                  ^^^^^^^^^^^^^^^^^^^^^^^^^^^^^^^^^^^
  File "C:\Users\prana\OneDrive\Desktop\federated\.venv\Lib\site-packages\flwr\client\message_handler\message_handler.py", line 96, in handle_legacy_message_from_msgtype
    client = client_fn(str(message.metadata.partition_id))
             ^^^^^^^^^^^^^^^^^^^^^^^^^^^^^^^^^^^^^^^^^^^^^
  File "C:\Users\prana\OneDrive\Desktop\federated\scripts\federated_simulation.py", line 44, in client_fn
    train_loader = data_module.train_dataloader()
                   ^^^^^^^^^^^^^^^^^^^^^^^^^^^^^^
  File "C:\Users\prana\OneDrive\Desktop\federated\app\datasets\loader.py", line 31, in train_dataloader
    return DataLoader(self.train_dataset, batch_size=self.batch_size, shuffle=True)
           ^^^^^^^^^^^^^^^^^^^^^^^^^^^^^^^^^^^^^^^^^^^^^^^^^^^^^^^^^^^^^^^^^^^^^^^^
  File "C:\Users\prana\OneDrive\Desktop\federated\.venv\Lib\site-packages\torch\utils\data\dataloader.py", line 401, in __init__
    sampler = RandomSampler(dataset, generator=generator)  # type: ignore[arg-type]
              ^^^^^^^^^^^^^^^^^^^^^^^^^^^^^^^^^^^^^^^^^^^
  File "C:\Users\prana\OneDrive\Desktop\federated\.venv\Lib\site-packages\torch\utils\data\sampler.py", line 149, in __init__
    raise ValueError(
ValueError: num_samples should be a positive integer value, but got num_samples=0

The above exception was the direct cause of the following exception:

[36mray::ClientAppActor.run()[39m (pid=37792, ip=127.0.0.1, actor_id=09ceeba6a3e048cbb0f499e901000000, repr=<flwr.simulation.ray_transport.ray_actor.ClientAppActor object at 0x000001BF560D6C90>)
  File "python\\ray\\_raylet.pyx", line 1836, in ray._raylet.execute_task
  File "python\\ray\\_raylet.pyx", line 1947, in ray._raylet.execute_task
  File "python\\ray\\_raylet.pyx", line 1843, in ray._raylet.execute_task
  File "python\\ray\\_raylet.pyx", line 1786, in ray._raylet.execute_task.function_executor
  File "C:\Users\prana\OneDrive\Desktop\federated\.venv\Lib\site-packages\ray\_private\function_manager.py", line 740, in actor_method_executor
    return method(__ray_actor, *args, **kwargs)
           ^^^^^^^^^^^^^^^^^^^^^^^^^^^^^^^^^^^^
  File "C:\Users\prana\OneDrive\Desktop\federated\.venv\Lib\site-packages\ray\util\tracing\tracing_helper.py", line 487, in _resume_span
    return method(self, *_args, **_kwargs)
           ^^^^^^^^^^^^^^^^^^^^^^^^^^^^^^^
  File "C:\Users\prana\OneDrive\Desktop\federated\.venv\Lib\site-packages\flwr\simulation\ray_transport\ray_actor.py", line 64, in run
    raise ClientAppException(str(ex)) from ex
flwr.client.client_app.ClientAppException: 
Exception ClientAppException occurred. Message: num_samples should be a positive integer value, but got num_samples=0

[2026-07-20 14:22:26,180][flwr][ERROR] - [36mray::ClientAppActor.run()[39m (pid=37792, ip=127.0.0.1, actor_id=09ceeba6a3e048cbb0f499e901000000, repr=<flwr.simulation.ray_transport.ray_actor.ClientAppActor object at 0x000001BF560D6C90>)
                  ^^^^^^^^^^^^^^^^^^^^^^^^^^^^^^^^^^^^^
  File "C:\Users\prana\OneDrive\Desktop\federated\.venv\Lib\site-packages\flwr\client\client_app.py", line 98, in __call__
    return self._call(message, context)
           ^^^^^^^^^^^^^^^^^^^^^^^^^^^^
  File "C:\Users\prana\OneDrive\Desktop\federated\.venv\Lib\site-packages\flwr\client\client_app.py", line 81, in ffn
    out_message = handle_legacy_message_from_msgtype(
                  ^^^^^^^^^^^^^^^^^^^^^^^^^^^^^^^^^^^
  File "C:\Users\prana\OneDrive\Desktop\federated\.venv\Lib\site-packages\flwr\client\message_handler\message_handler.py", line 96, in handle_legacy_message_from_msgtype
    client = client_fn(str(message.metadata.partition_id))
             ^^^^^^^^^^^^^^^^^^^^^^^^^^^^^^^^^^^^^^^^^^^^^
  File "C:\Users\prana\OneDrive\Desktop\federated\scripts\federated_simulation.py", line 44, in client_fn
    train_loader = data_module.train_dataloader()
                   ^^^^^^^^^^^^^^^^^^^^^^^^^^^^^^
  File "C:\Users\prana\OneDrive\Desktop\federated\app\datasets\loader.py", line 31, in train_dataloader
    return DataLoader(self.train_dataset, batch_size=self.batch_size, shuffle=True)
           ^^^^^^^^^^^^^^^^^^^^^^^^^^^^^^^^^^^^^^^^^^^^^^^^^^^^^^^^^^^^^^^^^^^^^^^^
  File "C:\Users\prana\OneDrive\Desktop\federated\.venv\Lib\site-packages\torch\utils\data\dataloader.py", line 401, in __init__
    sampler = RandomSampler(dataset, generator=generator)  # type: ignore[arg-type]
              ^^^^^^^^^^^^^^^^^^^^^^^^^^^^^^^^^^^^^^^^^^^
  File "C:\Users\prana\OneDrive\Desktop\federated\.venv\Lib\site-packages\torch\utils\data\sampler.py", line 149, in __init__
    raise ValueError(
ValueError: num_samples should be a positive integer value, but got num_samples=0

The above exception was the direct cause of the following exception:

[36mray::ClientAppActor.run()[39m (pid=37792, ip=127.0.0.1, actor_id=09ceeba6a3e048cbb0f499e901000000, repr=<flwr.simulation.ray_transport.ray_actor.ClientAppActor object at 0x000001BF560D6C90>)
  File "python\\ray\\_raylet.pyx", line 1836, in ray._raylet.execute_task
  File "python\\ray\\_raylet.pyx", line 1947, in ray._raylet.execute_task
  File "python\\ray\\_raylet.pyx", line 1843, in ray._raylet.execute_task
  File "python\\ray\\_raylet.pyx", line 1786, in ray._raylet.execute_task.function_executor
  File "C:\Users\prana\OneDrive\Desktop\federated\.venv\Lib\site-packages\ray\_private\function_manager.py", line 740, in actor_method_executor
    return method(__ray_actor, *args, **kwargs)
           ^^^^^^^^^^^^^^^^^^^^^^^^^^^^^^^^^^^^
  File "C:\Users\prana\OneDrive\Desktop\federated\.venv\Lib\site-packages\ray\util\tracing\tracing_helper.py", line 487, in _resume_span
    return method(self, *_args, **_kwargs)
           ^^^^^^^^^^^^^^^^^^^^^^^^^^^^^^^
  File "C:\Users\prana\OneDrive\Desktop\federated\.venv\Lib\site-packages\flwr\simulation\ray_transport\ray_actor.py", line 64, in run
    raise ClientAppException(str(ex)) from ex
flwr.client.client_app.ClientAppException: 
Exception ClientAppException occurred. Message: num_samples should be a positive integer value, but got num_samples=0
[2026-07-20 14:22:26,233][flwr][INFO] - aggregate_evaluate: received 2 results and 1 failures
[2026-07-20 14:22:26,292][flwr][INFO] - 
[2026-07-20 14:22:26,292][flwr][INFO] - [SUMMARY]
[2026-07-20 14:22:26,292][flwr][INFO] - Run finished 3 round(s) in 9.88s
[2026-07-20 14:22:26,292][flwr][INFO] - 	History (loss, distributed):
[2026-07-20 14:22:26,293][flwr][INFO] - 		round 1: 0.35588526725769043
[2026-07-20 14:22:26,293][flwr][INFO] - 		round 2: 0.35588526725769043
[2026-07-20 14:22:26,293][flwr][INFO] - 		round 3: 0.35588526725769043
[2026-07-20 14:22:26,293][flwr][INFO] - 	History (metrics, distributed, evaluate):
[2026-07-20 14:22:26,293][flwr][INFO] - 	{'accuracy': [(1, 1.0), (2, 1.0), (3, 1.0)]}
[2026-07-20 14:22:26,293][flwr][INFO] - 
[2026-07-20 14:22:26,375][flwr][INFO] - Starting Flower simulation, config: num_rounds=3, no round_timeout
[2026-07-20 14:22:40,078][flwr][INFO] - Flower VCE: Ray initialized with resources: {'CPU': 16.0, 'object_store_memory': 915674726.0, 'node:127.0.0.1': 1.0, 'node:__internal_head__': 1.0, 'memory': 2136574362.0}
[2026-07-20 14:22:40,078][flwr][INFO] - Optimize your simulation with Flower VCE: https://flower.ai/docs/framework/how-to-run-simulations.html
[2026-07-20 14:22:40,079][flwr][INFO] - Flower VCE: Resources for each Virtual Client: {'num_cpus': 1, 'num_gpus': 0.0}
[2026-07-20 14:22:40,119][flwr][INFO] - Flower VCE: Creating VirtualClientEngineActorPool with 16 actors
[2026-07-20 14:22:40,120][flwr][INFO] - [INIT]
[2026-07-20 14:22:40,120][flwr][INFO] - Requesting initial parameters from one random client
[2026-07-20 14:22:50,091][flwr][INFO] - Received initial parameters from one random client
[2026-07-20 14:22:50,092][flwr][INFO] - Evaluating initial global parameters
[2026-07-20 14:22:50,092][flwr][INFO] - 
[2026-07-20 14:22:50,092][flwr][INFO] - [ROUND 1]
[2026-07-20 14:22:50,092][flwr][INFO] - configure_fit: strategy sampled 3 clients (out of 3)
[2026-07-20 14:22:50,528][flwr][ERROR] - Traceback (most recent call last):
  File "C:\Users\prana\OneDrive\Desktop\federated\.venv\Lib\site-packages\flwr\simulation\ray_transport\ray_client_proxy.py", line 73, in _submit_job
    out_mssg, updated_context = self.actor_pool.get_client_result(
                                ^^^^^^^^^^^^^^^^^^^^^^^^^^^^^^^^^^
  File "C:\Users\prana\OneDrive\Desktop\federated\.venv\Lib\site-packages\flwr\simulation\ray_transport\ray_actor.py", line 399, in get_client_result
    return self._fetch_future_result(cid)
           ^^^^^^^^^^^^^^^^^^^^^^^^^^^^^^
  File "C:\Users\prana\OneDrive\Desktop\federated\.venv\Lib\site-packages\flwr\simulation\ray_transport\ray_actor.py", line 280, in _fetch_future_result
    res_cid, out_mssg, updated_context = ray.get(
                                         ^^^^^^^^
  File "C:\Users\prana\OneDrive\Desktop\federated\.venv\Lib\site-packages\ray\_private\auto_init_hook.py", line 22, in auto_init_wrapper
    return fn(*args, **kwargs)
           ^^^^^^^^^^^^^^^^^^^
  File "C:\Users\prana\OneDrive\Desktop\federated\.venv\Lib\site-packages\ray\_private\client_mode_hook.py", line 110, in wrapper
    return func(*args, **kwargs)
           ^^^^^^^^^^^^^^^^^^^^^
  File "C:\Users\prana\OneDrive\Desktop\federated\.venv\Lib\site-packages\ray\_private\worker.py", line 2968, in get
    values, debugger_breakpoint = worker.get_objects(
                                  ^^^^^^^^^^^^^^^^^^^
  File "C:\Users\prana\OneDrive\Desktop\federated\.venv\Lib\site-packages\ray\_private\worker.py", line 1050, in get_objects
    raise value.as_instanceof_cause()
ray.exceptions.RayTaskError(ClientAppException): [36mray::ClientAppActor.run()[39m (pid=26716, ip=127.0.0.1, actor_id=3047c8483b6a3b69956d8cfb01000000, repr=<flwr.simulation.ray_transport.ray_actor.ClientAppActor object at 0x000001C06EE72E40>)
                  ^^^^^^^^^^^^^^^^^^^^^^^^^^^^^^^^^^^^^
  File "C:\Users\prana\OneDrive\Desktop\federated\.venv\Lib\site-packages\flwr\client\client_app.py", line 98, in __call__
    return self._call(message, context)
           ^^^^^^^^^^^^^^^^^^^^^^^^^^^^
  File "C:\Users\prana\OneDrive\Desktop\federated\.venv\Lib\site-packages\flwr\client\client_app.py", line 81, in ffn
    out_message = handle_legacy_message_from_msgtype(
                  ^^^^^^^^^^^^^^^^^^^^^^^^^^^^^^^^^^^
  File "C:\Users\prana\OneDrive\Desktop\federated\.venv\Lib\site-packages\flwr\client\message_handler\message_handler.py", line 130, in handle_legacy_message_from_msgtype
    fit_res = maybe_call_fit(
              ^^^^^^^^^^^^^^^
  File "C:\Users\prana\OneDrive\Desktop\federated\.venv\Lib\site-packages\flwr\client\client.py", line 234, in maybe_call_fit
    return client.fit(fit_ins)
           ^^^^^^^^^^^^^^^^^^^
  File "C:\Users\prana\OneDrive\Desktop\federated\.venv\Lib\site-packages\flwr\client\numpy_client.py", line 238, in _fit
    results = self.numpy_client.fit(parameters, ins.config)  # type: ignore
              ^^^^^^^^^^^^^^^^^^^^^^^^^^^^^^^^^^^^^^^^^^^^^
  File "C:\Users\prana\OneDrive\Desktop\federated\app\federated\client.py", line 52, in fit
    self.trainer.fit(self.train_loader, self.val_loader, epochs=self.epochs,
  File "C:\Users\prana\OneDrive\Desktop\federated\app\training\trainer.py", line 37, in fit
    train_logs = self._train_epoch(train_loader, epoch, proximal_mu, global_params)
                 ^^^^^^^^^^^^^^^^^^^^^^^^^^^^^^^^^^^^^^^^^^^^^^^^^^^^^^^^^^^^^^^^^^
  File "C:\Users\prana\OneDrive\Desktop\federated\app\training\trainer.py", line 83, in _train_epoch
    output = self.model(data)
             ^^^^^^^^^^^^^^^^
  File "C:\Users\prana\OneDrive\Desktop\federated\.venv\Lib\site-packages\torch\nn\modules\module.py", line 1778, in _wrapped_call_impl
    return self._call_impl(*args, **kwargs)
           ^^^^^^^^^^^^^^^^^^^^^^^^^^^^^^^^
  File "C:\Users\prana\OneDrive\Desktop\federated\.venv\Lib\site-packages\torch\nn\modules\module.py", line 1789, in _call_impl
    return forward_call(*args, **kwargs)
           ^^^^^^^^^^^^^^^^^^^^^^^^^^^^^
  File "C:\Users\prana\OneDrive\Desktop\federated\app\models\mlp.py", line 24, in forward
    return self.network(x)
           ^^^^^^^^^^^^^^^
  File "C:\Users\prana\OneDrive\Desktop\federated\.venv\Lib\site-packages\torch\nn\modules\module.py", line 1778, in _wrapped_call_impl
    return self._call_impl(*args, **kwargs)
           ^^^^^^^^^^^^^^^^^^^^^^^^^^^^^^^^
  File "C:\Users\prana\OneDrive\Desktop\federated\.venv\Lib\site-packages\torch\nn\modules\module.py", line 1789, in _call_impl
    return forward_call(*args, **kwargs)
           ^^^^^^^^^^^^^^^^^^^^^^^^^^^^^
  File "C:\Users\prana\OneDrive\Desktop\federated\.venv\Lib\site-packages\torch\nn\modules\container.py", line 253, in forward
    input = module(input)
            ^^^^^^^^^^^^^
  File "C:\Users\prana\OneDrive\Desktop\federated\.venv\Lib\site-packages\torch\nn\modules\module.py", line 1778, in _wrapped_call_impl
    return self._call_impl(*args, **kwargs)
           ^^^^^^^^^^^^^^^^^^^^^^^^^^^^^^^^
  File "C:\Users\prana\OneDrive\Desktop\federated\.venv\Lib\site-packages\torch\nn\modules\module.py", line 1789, in _call_impl
    return forward_call(*args, **kwargs)
           ^^^^^^^^^^^^^^^^^^^^^^^^^^^^^
  File "C:\Users\prana\OneDrive\Desktop\federated\.venv\Lib\site-packages\torch\nn\modules\batchnorm.py", line 210, in forward
    return F.batch_norm(
           ^^^^^^^^^^^^^
  File "C:\Users\prana\OneDrive\Desktop\federated\.venv\Lib\site-packages\torch\nn\functional.py", line 2889, in batch_norm
    _verify_batch_size(input.size())
  File "C:\Users\prana\OneDrive\Desktop\federated\.venv\Lib\site-packages\torch\nn\functional.py", line 2854, in _verify_batch_size
    raise ValueError(
ValueError: Expected more than 1 value per channel when training, got input size torch.Size([1, 128])

The above exception was the direct cause of the following exception:

[36mray::ClientAppActor.run()[39m (pid=26716, ip=127.0.0.1, actor_id=3047c8483b6a3b69956d8cfb01000000, repr=<flwr.simulation.ray_transport.ray_actor.ClientAppActor object at 0x000001C06EE72E40>)
  File "python\\ray\\_raylet.pyx", line 1836, in ray._raylet.execute_task
  File "python\\ray\\_raylet.pyx", line 1947, in ray._raylet.execute_task
  File "python\\ray\\_raylet.pyx", line 1843, in ray._raylet.execute_task
  File "python\\ray\\_raylet.pyx", line 1786, in ray._raylet.execute_task.function_executor
  File "C:\Users\prana\OneDrive\Desktop\federated\.venv\Lib\site-packages\ray\_private\function_manager.py", line 740, in actor_method_executor
    return method(__ray_actor, *args, **kwargs)
           ^^^^^^^^^^^^^^^^^^^^^^^^^^^^^^^^^^^^
  File "C:\Users\prana\OneDrive\Desktop\federated\.venv\Lib\site-packages\ray\util\tracing\tracing_helper.py", line 487, in _resume_span
    return method(self, *_args, **_kwargs)
           ^^^^^^^^^^^^^^^^^^^^^^^^^^^^^^^
  File "C:\Users\prana\OneDrive\Desktop\federated\.venv\Lib\site-packages\flwr\simulation\ray_transport\ray_actor.py", line 64, in run
    raise ClientAppException(str(ex)) from ex
flwr.client.client_app.ClientAppException: 
Exception ClientAppException occurred. Message: Expected more than 1 value per channel when training, got input size torch.Size([1, 128])

[2026-07-20 14:22:50,529][flwr][ERROR] - [36mray::ClientAppActor.run()[39m (pid=26716, ip=127.0.0.1, actor_id=3047c8483b6a3b69956d8cfb01000000, repr=<flwr.simulation.ray_transport.ray_actor.ClientAppActor object at 0x000001C06EE72E40>)
                  ^^^^^^^^^^^^^^^^^^^^^^^^^^^^^^^^^^^^^
  File "C:\Users\prana\OneDrive\Desktop\federated\.venv\Lib\site-packages\flwr\client\client_app.py", line 98, in __call__
    return self._call(message, context)
           ^^^^^^^^^^^^^^^^^^^^^^^^^^^^
  File "C:\Users\prana\OneDrive\Desktop\federated\.venv\Lib\site-packages\flwr\client\client_app.py", line 81, in ffn
    out_message = handle_legacy_message_from_msgtype(
                  ^^^^^^^^^^^^^^^^^^^^^^^^^^^^^^^^^^^
  File "C:\Users\prana\OneDrive\Desktop\federated\.venv\Lib\site-packages\flwr\client\message_handler\message_handler.py", line 130, in handle_legacy_message_from_msgtype
    fit_res = maybe_call_fit(
              ^^^^^^^^^^^^^^^
  File "C:\Users\prana\OneDrive\Desktop\federated\.venv\Lib\site-packages\flwr\client\client.py", line 234, in maybe_call_fit
    return client.fit(fit_ins)
           ^^^^^^^^^^^^^^^^^^^
  File "C:\Users\prana\OneDrive\Desktop\federated\.venv\Lib\site-packages\flwr\client\numpy_client.py", line 238, in _fit
    results = self.numpy_client.fit(parameters, ins.config)  # type: ignore
              ^^^^^^^^^^^^^^^^^^^^^^^^^^^^^^^^^^^^^^^^^^^^^
  File "C:\Users\prana\OneDrive\Desktop\federated\app\federated\client.py", line 52, in fit
    self.trainer.fit(self.train_loader, self.val_loader, epochs=self.epochs,
  File "C:\Users\prana\OneDrive\Desktop\federated\app\training\trainer.py", line 37, in fit
    train_logs = self._train_epoch(train_loader, epoch, proximal_mu, global_params)
                 ^^^^^^^^^^^^^^^^^^^^^^^^^^^^^^^^^^^^^^^^^^^^^^^^^^^^^^^^^^^^^^^^^^
  File "C:\Users\prana\OneDrive\Desktop\federated\app\training\trainer.py", line 83, in _train_epoch
    output = self.model(data)
             ^^^^^^^^^^^^^^^^
  File "C:\Users\prana\OneDrive\Desktop\federated\.venv\Lib\site-packages\torch\nn\modules\module.py", line 1778, in _wrapped_call_impl
    return self._call_impl(*args, **kwargs)
           ^^^^^^^^^^^^^^^^^^^^^^^^^^^^^^^^
  File "C:\Users\prana\OneDrive\Desktop\federated\.venv\Lib\site-packages\torch\nn\modules\module.py", line 1789, in _call_impl
    return forward_call(*args, **kwargs)
           ^^^^^^^^^^^^^^^^^^^^^^^^^^^^^
  File "C:\Users\prana\OneDrive\Desktop\federated\app\models\mlp.py", line 24, in forward
    return self.network(x)
           ^^^^^^^^^^^^^^^
  File "C:\Users\prana\OneDrive\Desktop\federated\.venv\Lib\site-packages\torch\nn\modules\module.py", line 1778, in _wrapped_call_impl
    return self._call_impl(*args, **kwargs)
           ^^^^^^^^^^^^^^^^^^^^^^^^^^^^^^^^
  File "C:\Users\prana\OneDrive\Desktop\federated\.venv\Lib\site-packages\torch\nn\modules\module.py", line 1789, in _call_impl
    return forward_call(*args, **kwargs)
           ^^^^^^^^^^^^^^^^^^^^^^^^^^^^^
  File "C:\Users\prana\OneDrive\Desktop\federated\.venv\Lib\site-packages\torch\nn\modules\container.py", line 253, in forward
    input = module(input)
            ^^^^^^^^^^^^^
  File "C:\Users\prana\OneDrive\Desktop\federated\.venv\Lib\site-packages\torch\nn\modules\module.py", line 1778, in _wrapped_call_impl
    return self._call_impl(*args, **kwargs)
           ^^^^^^^^^^^^^^^^^^^^^^^^^^^^^^^^
  File "C:\Users\prana\OneDrive\Desktop\federated\.venv\Lib\site-packages\torch\nn\modules\module.py", line 1789, in _call_impl
    return forward_call(*args, **kwargs)
           ^^^^^^^^^^^^^^^^^^^^^^^^^^^^^
  File "C:\Users\prana\OneDrive\Desktop\federated\.venv\Lib\site-packages\torch\nn\modules\batchnorm.py", line 210, in forward
    return F.batch_norm(
           ^^^^^^^^^^^^^
  File "C:\Users\prana\OneDrive\Desktop\federated\.venv\Lib\site-packages\torch\nn\functional.py", line 2889, in batch_norm
    _verify_batch_size(input.size())
  File "C:\Users\prana\OneDrive\Desktop\federated\.venv\Lib\site-packages\torch\nn\functional.py", line 2854, in _verify_batch_size
    raise ValueError(
ValueError: Expected more than 1 value per channel when training, got input size torch.Size([1, 128])

The above exception was the direct cause of the following exception:

[36mray::ClientAppActor.run()[39m (pid=26716, ip=127.0.0.1, actor_id=3047c8483b6a3b69956d8cfb01000000, repr=<flwr.simulation.ray_transport.ray_actor.ClientAppActor object at 0x000001C06EE72E40>)
  File "python\\ray\\_raylet.pyx", line 1836, in ray._raylet.execute_task
  File "python\\ray\\_raylet.pyx", line 1947, in ray._raylet.execute_task
  File "python\\ray\\_raylet.pyx", line 1843, in ray._raylet.execute_task
  File "python\\ray\\_raylet.pyx", line 1786, in ray._raylet.execute_task.function_executor
  File "C:\Users\prana\OneDrive\Desktop\federated\.venv\Lib\site-packages\ray\_private\function_manager.py", line 740, in actor_method_executor
    return method(__ray_actor, *args, **kwargs)
           ^^^^^^^^^^^^^^^^^^^^^^^^^^^^^^^^^^^^
  File "C:\Users\prana\OneDrive\Desktop\federated\.venv\Lib\site-packages\ray\util\tracing\tracing_helper.py", line 487, in _resume_span
    return method(self, *_args, **_kwargs)
           ^^^^^^^^^^^^^^^^^^^^^^^^^^^^^^^
  File "C:\Users\prana\OneDrive\Desktop\federated\.venv\Lib\site-packages\flwr\simulation\ray_transport\ray_actor.py", line 64, in run
    raise ClientAppException(str(ex)) from ex
flwr.client.client_app.ClientAppException: 
Exception ClientAppException occurred. Message: Expected more than 1 value per channel when training, got input size torch.Size([1, 128])
[2026-07-20 14:22:56,505][flwr][ERROR] - Traceback (most recent call last):
  File "C:\Users\prana\OneDrive\Desktop\federated\.venv\Lib\site-packages\flwr\simulation\ray_transport\ray_client_proxy.py", line 73, in _submit_job
    out_mssg, updated_context = self.actor_pool.get_client_result(
                                ^^^^^^^^^^^^^^^^^^^^^^^^^^^^^^^^^^
  File "C:\Users\prana\OneDrive\Desktop\federated\.venv\Lib\site-packages\flwr\simulation\ray_transport\ray_actor.py", line 399, in get_client_result
    return self._fetch_future_result(cid)
           ^^^^^^^^^^^^^^^^^^^^^^^^^^^^^^
  File "C:\Users\prana\OneDrive\Desktop\federated\.venv\Lib\site-packages\flwr\simulation\ray_transport\ray_actor.py", line 280, in _fetch_future_result
    res_cid, out_mssg, updated_context = ray.get(
                                         ^^^^^^^^
  File "C:\Users\prana\OneDrive\Desktop\federated\.venv\Lib\site-packages\ray\_private\auto_init_hook.py", line 22, in auto_init_wrapper
    return fn(*args, **kwargs)
           ^^^^^^^^^^^^^^^^^^^
  File "C:\Users\prana\OneDrive\Desktop\federated\.venv\Lib\site-packages\ray\_private\client_mode_hook.py", line 110, in wrapper
    return func(*args, **kwargs)
           ^^^^^^^^^^^^^^^^^^^^^
  File "C:\Users\prana\OneDrive\Desktop\federated\.venv\Lib\site-packages\ray\_private\worker.py", line 2968, in get
    values, debugger_breakpoint = worker.get_objects(
                                  ^^^^^^^^^^^^^^^^^^^
  File "C:\Users\prana\OneDrive\Desktop\federated\.venv\Lib\site-packages\ray\_private\worker.py", line 1050, in get_objects
    raise value.as_instanceof_cause()
ray.exceptions.RayTaskError(ClientAppException): [36mray::ClientAppActor.run()[39m (pid=12704, ip=127.0.0.1, actor_id=dd6f8c5f3d3af0332db7aea901000000, repr=<flwr.simulation.ray_transport.ray_actor.ClientAppActor object at 0x0000019083B57110>)
                  ^^^^^^^^^^^^^^^^^^^^^^^^^^^^^^^^^^^^^
  File "C:\Users\prana\OneDrive\Desktop\federated\.venv\Lib\site-packages\flwr\client\client_app.py", line 98, in __call__
    return self._call(message, context)
           ^^^^^^^^^^^^^^^^^^^^^^^^^^^^
  File "C:\Users\prana\OneDrive\Desktop\federated\.venv\Lib\site-packages\flwr\client\client_app.py", line 81, in ffn
    out_message = handle_legacy_message_from_msgtype(
                  ^^^^^^^^^^^^^^^^^^^^^^^^^^^^^^^^^^^
  File "C:\Users\prana\OneDrive\Desktop\federated\.venv\Lib\site-packages\flwr\client\message_handler\message_handler.py", line 96, in handle_legacy_message_from_msgtype
    client = client_fn(str(message.metadata.partition_id))
             ^^^^^^^^^^^^^^^^^^^^^^^^^^^^^^^^^^^^^^^^^^^^^
  File "C:\Users\prana\OneDrive\Desktop\federated\scripts\federated_simulation.py", line 44, in client_fn
    train_loader = data_module.train_dataloader()
                   ^^^^^^^^^^^^^^^^^^^^^^^^^^^^^^
  File "C:\Users\prana\OneDrive\Desktop\federated\app\datasets\loader.py", line 31, in train_dataloader
    return DataLoader(self.train_dataset, batch_size=self.batch_size, shuffle=True)
           ^^^^^^^^^^^^^^^^^^^^^^^^^^^^^^^^^^^^^^^^^^^^^^^^^^^^^^^^^^^^^^^^^^^^^^^^
  File "C:\Users\prana\OneDrive\Desktop\federated\.venv\Lib\site-packages\torch\utils\data\dataloader.py", line 401, in __init__
    sampler = RandomSampler(dataset, generator=generator)  # type: ignore[arg-type]
              ^^^^^^^^^^^^^^^^^^^^^^^^^^^^^^^^^^^^^^^^^^^
  File "C:\Users\prana\OneDrive\Desktop\federated\.venv\Lib\site-packages\torch\utils\data\sampler.py", line 149, in __init__
    raise ValueError(
ValueError: num_samples should be a positive integer value, but got num_samples=0

The above exception was the direct cause of the following exception:

[36mray::ClientAppActor.run()[39m (pid=12704, ip=127.0.0.1, actor_id=dd6f8c5f3d3af0332db7aea901000000, repr=<flwr.simulation.ray_transport.ray_actor.ClientAppActor object at 0x0000019083B57110>)
  File "python\\ray\\_raylet.pyx", line 1836, in ray._raylet.execute_task
  File "python\\ray\\_raylet.pyx", line 1947, in ray._raylet.execute_task
  File "python\\ray\\_raylet.pyx", line 1843, in ray._raylet.execute_task
  File "python\\ray\\_raylet.pyx", line 1786, in ray._raylet.execute_task.function_executor
  File "C:\Users\prana\OneDrive\Desktop\federated\.venv\Lib\site-packages\ray\_private\function_manager.py", line 740, in actor_method_executor
    return method(__ray_actor, *args, **kwargs)
           ^^^^^^^^^^^^^^^^^^^^^^^^^^^^^^^^^^^^
  File "C:\Users\prana\OneDrive\Desktop\federated\.venv\Lib\site-packages\ray\util\tracing\tracing_helper.py", line 487, in _resume_span
    return method(self, *_args, **_kwargs)
           ^^^^^^^^^^^^^^^^^^^^^^^^^^^^^^^
  File "C:\Users\prana\OneDrive\Desktop\federated\.venv\Lib\site-packages\flwr\simulation\ray_transport\ray_actor.py", line 64, in run
    raise ClientAppException(str(ex)) from ex
flwr.client.client_app.ClientAppException: 
Exception ClientAppException occurred. Message: num_samples should be a positive integer value, but got num_samples=0

[2026-07-20 14:22:56,507][flwr][ERROR] - [36mray::ClientAppActor.run()[39m (pid=12704, ip=127.0.0.1, actor_id=dd6f8c5f3d3af0332db7aea901000000, repr=<flwr.simulation.ray_transport.ray_actor.ClientAppActor object at 0x0000019083B57110>)
                  ^^^^^^^^^^^^^^^^^^^^^^^^^^^^^^^^^^^^^
  File "C:\Users\prana\OneDrive\Desktop\federated\.venv\Lib\site-packages\flwr\client\client_app.py", line 98, in __call__
    return self._call(message, context)
           ^^^^^^^^^^^^^^^^^^^^^^^^^^^^
  File "C:\Users\prana\OneDrive\Desktop\federated\.venv\Lib\site-packages\flwr\client\client_app.py", line 81, in ffn
    out_message = handle_legacy_message_from_msgtype(
                  ^^^^^^^^^^^^^^^^^^^^^^^^^^^^^^^^^^^
  File "C:\Users\prana\OneDrive\Desktop\federated\.venv\Lib\site-packages\flwr\client\message_handler\message_handler.py", line 96, in handle_legacy_message_from_msgtype
    client = client_fn(str(message.metadata.partition_id))
             ^^^^^^^^^^^^^^^^^^^^^^^^^^^^^^^^^^^^^^^^^^^^^
  File "C:\Users\prana\OneDrive\Desktop\federated\scripts\federated_simulation.py", line 44, in client_fn
    train_loader = data_module.train_dataloader()
                   ^^^^^^^^^^^^^^^^^^^^^^^^^^^^^^
  File "C:\Users\prana\OneDrive\Desktop\federated\app\datasets\loader.py", line 31, in train_dataloader
    return DataLoader(self.train_dataset, batch_size=self.batch_size, shuffle=True)
           ^^^^^^^^^^^^^^^^^^^^^^^^^^^^^^^^^^^^^^^^^^^^^^^^^^^^^^^^^^^^^^^^^^^^^^^^
  File "C:\Users\prana\OneDrive\Desktop\federated\.venv\Lib\site-packages\torch\utils\data\dataloader.py", line 401, in __init__
    sampler = RandomSampler(dataset, generator=generator)  # type: ignore[arg-type]
              ^^^^^^^^^^^^^^^^^^^^^^^^^^^^^^^^^^^^^^^^^^^
  File "C:\Users\prana\OneDrive\Desktop\federated\.venv\Lib\site-packages\torch\utils\data\sampler.py", line 149, in __init__
    raise ValueError(
ValueError: num_samples should be a positive integer value, but got num_samples=0

The above exception was the direct cause of the following exception:

[36mray::ClientAppActor.run()[39m (pid=12704, ip=127.0.0.1, actor_id=dd6f8c5f3d3af0332db7aea901000000, repr=<flwr.simulation.ray_transport.ray_actor.ClientAppActor object at 0x0000019083B57110>)
  File "python\\ray\\_raylet.pyx", line 1836, in ray._raylet.execute_task
  File "python\\ray\\_raylet.pyx", line 1947, in ray._raylet.execute_task
  File "python\\ray\\_raylet.pyx", line 1843, in ray._raylet.execute_task
  File "python\\ray\\_raylet.pyx", line 1786, in ray._raylet.execute_task.function_executor
  File "C:\Users\prana\OneDrive\Desktop\federated\.venv\Lib\site-packages\ray\_private\function_manager.py", line 740, in actor_method_executor
    return method(__ray_actor, *args, **kwargs)
           ^^^^^^^^^^^^^^^^^^^^^^^^^^^^^^^^^^^^
  File "C:\Users\prana\OneDrive\Desktop\federated\.venv\Lib\site-packages\ray\util\tracing\tracing_helper.py", line 487, in _resume_span
    return method(self, *_args, **_kwargs)
           ^^^^^^^^^^^^^^^^^^^^^^^^^^^^^^^
  File "C:\Users\prana\OneDrive\Desktop\federated\.venv\Lib\site-packages\flwr\simulation\ray_transport\ray_actor.py", line 64, in run
    raise ClientAppException(str(ex)) from ex
flwr.client.client_app.ClientAppException: 
Exception ClientAppException occurred. Message: num_samples should be a positive integer value, but got num_samples=0
[2026-07-20 14:22:59,617][flwr][ERROR] - Traceback (most recent call last):
  File "C:\Users\prana\OneDrive\Desktop\federated\.venv\Lib\site-packages\flwr\simulation\ray_transport\ray_client_proxy.py", line 73, in _submit_job
    out_mssg, updated_context = self.actor_pool.get_client_result(
                                ^^^^^^^^^^^^^^^^^^^^^^^^^^^^^^^^^^
  File "C:\Users\prana\OneDrive\Desktop\federated\.venv\Lib\site-packages\flwr\simulation\ray_transport\ray_actor.py", line 399, in get_client_result
    return self._fetch_future_result(cid)
           ^^^^^^^^^^^^^^^^^^^^^^^^^^^^^^
  File "C:\Users\prana\OneDrive\Desktop\federated\.venv\Lib\site-packages\flwr\simulation\ray_transport\ray_actor.py", line 280, in _fetch_future_result
    res_cid, out_mssg, updated_context = ray.get(
                                         ^^^^^^^^
  File "C:\Users\prana\OneDrive\Desktop\federated\.venv\Lib\site-packages\ray\_private\auto_init_hook.py", line 22, in auto_init_wrapper
    return fn(*args, **kwargs)
           ^^^^^^^^^^^^^^^^^^^
  File "C:\Users\prana\OneDrive\Desktop\federated\.venv\Lib\site-packages\ray\_private\client_mode_hook.py", line 110, in wrapper
    return func(*args, **kwargs)
           ^^^^^^^^^^^^^^^^^^^^^
  File "C:\Users\prana\OneDrive\Desktop\federated\.venv\Lib\site-packages\ray\_private\worker.py", line 2968, in get
    values, debugger_breakpoint = worker.get_objects(
                                  ^^^^^^^^^^^^^^^^^^^
  File "C:\Users\prana\OneDrive\Desktop\federated\.venv\Lib\site-packages\ray\_private\worker.py", line 1050, in get_objects
    raise value.as_instanceof_cause()
ray.exceptions.RayTaskError(ClientAppException): [36mray::ClientAppActor.run()[39m (pid=30508, ip=127.0.0.1, actor_id=a1c2faf443fd5f031760cb9001000000, repr=<flwr.simulation.ray_transport.ray_actor.ClientAppActor object at 0x000001D82C592CC0>)
                  ^^^^^^^^^^^^^^^^^^^^^^^^^^^^^^^^^^^^^
  File "C:\Users\prana\OneDrive\Desktop\federated\.venv\Lib\site-packages\flwr\client\client_app.py", line 98, in __call__
    return self._call(message, context)
           ^^^^^^^^^^^^^^^^^^^^^^^^^^^^
  File "C:\Users\prana\OneDrive\Desktop\federated\.venv\Lib\site-packages\flwr\client\client_app.py", line 81, in ffn
    out_message = handle_legacy_message_from_msgtype(
                  ^^^^^^^^^^^^^^^^^^^^^^^^^^^^^^^^^^^
  File "C:\Users\prana\OneDrive\Desktop\federated\.venv\Lib\site-packages\flwr\client\message_handler\message_handler.py", line 130, in handle_legacy_message_from_msgtype
    fit_res = maybe_call_fit(
              ^^^^^^^^^^^^^^^
  File "C:\Users\prana\OneDrive\Desktop\federated\.venv\Lib\site-packages\flwr\client\client.py", line 234, in maybe_call_fit
    return client.fit(fit_ins)
           ^^^^^^^^^^^^^^^^^^^
  File "C:\Users\prana\OneDrive\Desktop\federated\.venv\Lib\site-packages\flwr\client\numpy_client.py", line 238, in _fit
    results = self.numpy_client.fit(parameters, ins.config)  # type: ignore
              ^^^^^^^^^^^^^^^^^^^^^^^^^^^^^^^^^^^^^^^^^^^^^
  File "C:\Users\prana\OneDrive\Desktop\federated\app\federated\client.py", line 52, in fit
    self.trainer.fit(self.train_loader, self.val_loader, epochs=self.epochs,
  File "C:\Users\prana\OneDrive\Desktop\federated\app\training\trainer.py", line 37, in fit
    train_logs = self._train_epoch(train_loader, epoch, proximal_mu, global_params)
                 ^^^^^^^^^^^^^^^^^^^^^^^^^^^^^^^^^^^^^^^^^^^^^^^^^^^^^^^^^^^^^^^^^^
  File "C:\Users\prana\OneDrive\Desktop\federated\app\training\trainer.py", line 83, in _train_epoch
    output = self.model(data)
             ^^^^^^^^^^^^^^^^
  File "C:\Users\prana\OneDrive\Desktop\federated\.venv\Lib\site-packages\torch\nn\modules\module.py", line 1778, in _wrapped_call_impl
    return self._call_impl(*args, **kwargs)
           ^^^^^^^^^^^^^^^^^^^^^^^^^^^^^^^^
  File "C:\Users\prana\OneDrive\Desktop\federated\.venv\Lib\site-packages\torch\nn\modules\module.py", line 1789, in _call_impl
    return forward_call(*args, **kwargs)
           ^^^^^^^^^^^^^^^^^^^^^^^^^^^^^
  File "C:\Users\prana\OneDrive\Desktop\federated\app\models\mlp.py", line 24, in forward
    return self.network(x)
           ^^^^^^^^^^^^^^^
  File "C:\Users\prana\OneDrive\Desktop\federated\.venv\Lib\site-packages\torch\nn\modules\module.py", line 1778, in _wrapped_call_impl
    return self._call_impl(*args, **kwargs)
           ^^^^^^^^^^^^^^^^^^^^^^^^^^^^^^^^
  File "C:\Users\prana\OneDrive\Desktop\federated\.venv\Lib\site-packages\torch\nn\modules\module.py", line 1789, in _call_impl
    return forward_call(*args, **kwargs)
           ^^^^^^^^^^^^^^^^^^^^^^^^^^^^^
  File "C:\Users\prana\OneDrive\Desktop\federated\.venv\Lib\site-packages\torch\nn\modules\container.py", line 253, in forward
    input = module(input)
            ^^^^^^^^^^^^^
  File "C:\Users\prana\OneDrive\Desktop\federated\.venv\Lib\site-packages\torch\nn\modules\module.py", line 1778, in _wrapped_call_impl
    return self._call_impl(*args, **kwargs)
           ^^^^^^^^^^^^^^^^^^^^^^^^^^^^^^^^
  File "C:\Users\prana\OneDrive\Desktop\federated\.venv\Lib\site-packages\torch\nn\modules\module.py", line 1789, in _call_impl
    return forward_call(*args, **kwargs)
           ^^^^^^^^^^^^^^^^^^^^^^^^^^^^^
  File "C:\Users\prana\OneDrive\Desktop\federated\.venv\Lib\site-packages\torch\nn\modules\batchnorm.py", line 210, in forward
    return F.batch_norm(
           ^^^^^^^^^^^^^
  File "C:\Users\prana\OneDrive\Desktop\federated\.venv\Lib\site-packages\torch\nn\functional.py", line 2889, in batch_norm
    _verify_batch_size(input.size())
  File "C:\Users\prana\OneDrive\Desktop\federated\.venv\Lib\site-packages\torch\nn\functional.py", line 2854, in _verify_batch_size
    raise ValueError(
ValueError: Expected more than 1 value per channel when training, got input size torch.Size([1, 128])

The above exception was the direct cause of the following exception:

[36mray::ClientAppActor.run()[39m (pid=30508, ip=127.0.0.1, actor_id=a1c2faf443fd5f031760cb9001000000, repr=<flwr.simulation.ray_transport.ray_actor.ClientAppActor object at 0x000001D82C592CC0>)
  File "python\\ray\\_raylet.pyx", line 1836, in ray._raylet.execute_task
  File "python\\ray\\_raylet.pyx", line 1947, in ray._raylet.execute_task
  File "python\\ray\\_raylet.pyx", line 1843, in ray._raylet.execute_task
  File "python\\ray\\_raylet.pyx", line 1786, in ray._raylet.execute_task.function_executor
  File "C:\Users\prana\OneDrive\Desktop\federated\.venv\Lib\site-packages\ray\_private\function_manager.py", line 740, in actor_method_executor
    return method(__ray_actor, *args, **kwargs)
           ^^^^^^^^^^^^^^^^^^^^^^^^^^^^^^^^^^^^
  File "C:\Users\prana\OneDrive\Desktop\federated\.venv\Lib\site-packages\ray\util\tracing\tracing_helper.py", line 487, in _resume_span
    return method(self, *_args, **_kwargs)
           ^^^^^^^^^^^^^^^^^^^^^^^^^^^^^^^
  File "C:\Users\prana\OneDrive\Desktop\federated\.venv\Lib\site-packages\flwr\simulation\ray_transport\ray_actor.py", line 64, in run
    raise ClientAppException(str(ex)) from ex
flwr.client.client_app.ClientAppException: 
Exception ClientAppException occurred. Message: Expected more than 1 value per channel when training, got input size torch.Size([1, 128])

[2026-07-20 14:22:59,618][flwr][ERROR] - [36mray::ClientAppActor.run()[39m (pid=30508, ip=127.0.0.1, actor_id=a1c2faf443fd5f031760cb9001000000, repr=<flwr.simulation.ray_transport.ray_actor.ClientAppActor object at 0x000001D82C592CC0>)
                  ^^^^^^^^^^^^^^^^^^^^^^^^^^^^^^^^^^^^^
  File "C:\Users\prana\OneDrive\Desktop\federated\.venv\Lib\site-packages\flwr\client\client_app.py", line 98, in __call__
    return self._call(message, context)
           ^^^^^^^^^^^^^^^^^^^^^^^^^^^^
  File "C:\Users\prana\OneDrive\Desktop\federated\.venv\Lib\site-packages\flwr\client\client_app.py", line 81, in ffn
    out_message = handle_legacy_message_from_msgtype(
                  ^^^^^^^^^^^^^^^^^^^^^^^^^^^^^^^^^^^
  File "C:\Users\prana\OneDrive\Desktop\federated\.venv\Lib\site-packages\flwr\client\message_handler\message_handler.py", line 130, in handle_legacy_message_from_msgtype
    fit_res = maybe_call_fit(
              ^^^^^^^^^^^^^^^
  File "C:\Users\prana\OneDrive\Desktop\federated\.venv\Lib\site-packages\flwr\client\client.py", line 234, in maybe_call_fit
    return client.fit(fit_ins)
           ^^^^^^^^^^^^^^^^^^^
  File "C:\Users\prana\OneDrive\Desktop\federated\.venv\Lib\site-packages\flwr\client\numpy_client.py", line 238, in _fit
    results = self.numpy_client.fit(parameters, ins.config)  # type: ignore
              ^^^^^^^^^^^^^^^^^^^^^^^^^^^^^^^^^^^^^^^^^^^^^
  File "C:\Users\prana\OneDrive\Desktop\federated\app\federated\client.py", line 52, in fit
    self.trainer.fit(self.train_loader, self.val_loader, epochs=self.epochs,
  File "C:\Users\prana\OneDrive\Desktop\federated\app\training\trainer.py", line 37, in fit
    train_logs = self._train_epoch(train_loader, epoch, proximal_mu, global_params)
                 ^^^^^^^^^^^^^^^^^^^^^^^^^^^^^^^^^^^^^^^^^^^^^^^^^^^^^^^^^^^^^^^^^^
  File "C:\Users\prana\OneDrive\Desktop\federated\app\training\trainer.py", line 83, in _train_epoch
    output = self.model(data)
             ^^^^^^^^^^^^^^^^
  File "C:\Users\prana\OneDrive\Desktop\federated\.venv\Lib\site-packages\torch\nn\modules\module.py", line 1778, in _wrapped_call_impl
    return self._call_impl(*args, **kwargs)
           ^^^^^^^^^^^^^^^^^^^^^^^^^^^^^^^^
  File "C:\Users\prana\OneDrive\Desktop\federated\.venv\Lib\site-packages\torch\nn\modules\module.py", line 1789, in _call_impl
    return forward_call(*args, **kwargs)
           ^^^^^^^^^^^^^^^^^^^^^^^^^^^^^
  File "C:\Users\prana\OneDrive\Desktop\federated\app\models\mlp.py", line 24, in forward
    return self.network(x)
           ^^^^^^^^^^^^^^^
  File "C:\Users\prana\OneDrive\Desktop\federated\.venv\Lib\site-packages\torch\nn\modules\module.py", line 1778, in _wrapped_call_impl
    return self._call_impl(*args, **kwargs)
           ^^^^^^^^^^^^^^^^^^^^^^^^^^^^^^^^
  File "C:\Users\prana\OneDrive\Desktop\federated\.venv\Lib\site-packages\torch\nn\modules\module.py", line 1789, in _call_impl
    return forward_call(*args, **kwargs)
           ^^^^^^^^^^^^^^^^^^^^^^^^^^^^^
  File "C:\Users\prana\OneDrive\Desktop\federated\.venv\Lib\site-packages\torch\nn\modules\container.py", line 253, in forward
    input = module(input)
            ^^^^^^^^^^^^^
  File "C:\Users\prana\OneDrive\Desktop\federated\.venv\Lib\site-packages\torch\nn\modules\module.py", line 1778, in _wrapped_call_impl
    return self._call_impl(*args, **kwargs)
           ^^^^^^^^^^^^^^^^^^^^^^^^^^^^^^^^
  File "C:\Users\prana\OneDrive\Desktop\federated\.venv\Lib\site-packages\torch\nn\modules\module.py", line 1789, in _call_impl
    return forward_call(*args, **kwargs)
           ^^^^^^^^^^^^^^^^^^^^^^^^^^^^^
  File "C:\Users\prana\OneDrive\Desktop\federated\.venv\Lib\site-packages\torch\nn\modules\batchnorm.py", line 210, in forward
    return F.batch_norm(
           ^^^^^^^^^^^^^
  File "C:\Users\prana\OneDrive\Desktop\federated\.venv\Lib\site-packages\torch\nn\functional.py", line 2889, in batch_norm
    _verify_batch_size(input.size())
  File "C:\Users\prana\OneDrive\Desktop\federated\.venv\Lib\site-packages\torch\nn\functional.py", line 2854, in _verify_batch_size
    raise ValueError(
ValueError: Expected more than 1 value per channel when training, got input size torch.Size([1, 128])

The above exception was the direct cause of the following exception:

[36mray::ClientAppActor.run()[39m (pid=30508, ip=127.0.0.1, actor_id=a1c2faf443fd5f031760cb9001000000, repr=<flwr.simulation.ray_transport.ray_actor.ClientAppActor object at 0x000001D82C592CC0>)
  File "python\\ray\\_raylet.pyx", line 1836, in ray._raylet.execute_task
  File "python\\ray\\_raylet.pyx", line 1947, in ray._raylet.execute_task
  File "python\\ray\\_raylet.pyx", line 1843, in ray._raylet.execute_task
  File "python\\ray\\_raylet.pyx", line 1786, in ray._raylet.execute_task.function_executor
  File "C:\Users\prana\OneDrive\Desktop\federated\.venv\Lib\site-packages\ray\_private\function_manager.py", line 740, in actor_method_executor
    return method(__ray_actor, *args, **kwargs)
           ^^^^^^^^^^^^^^^^^^^^^^^^^^^^^^^^^^^^
  File "C:\Users\prana\OneDrive\Desktop\federated\.venv\Lib\site-packages\ray\util\tracing\tracing_helper.py", line 487, in _resume_span
    return method(self, *_args, **_kwargs)
           ^^^^^^^^^^^^^^^^^^^^^^^^^^^^^^^
  File "C:\Users\prana\OneDrive\Desktop\federated\.venv\Lib\site-packages\flwr\simulation\ray_transport\ray_actor.py", line 64, in run
    raise ClientAppException(str(ex)) from ex
flwr.client.client_app.ClientAppException: 
Exception ClientAppException occurred. Message: Expected more than 1 value per channel when training, got input size torch.Size([1, 128])
[2026-07-20 14:22:59,621][flwr][INFO] - aggregate_fit: received 0 results and 3 failures
[2026-07-20 14:22:59,621][flwr][INFO] - configure_evaluate: strategy sampled 3 clients (out of 3)
[2026-07-20 14:22:59,663][flwr][ERROR] - Traceback (most recent call last):
  File "C:\Users\prana\OneDrive\Desktop\federated\.venv\Lib\site-packages\flwr\simulation\ray_transport\ray_client_proxy.py", line 73, in _submit_job
    out_mssg, updated_context = self.actor_pool.get_client_result(
                                ^^^^^^^^^^^^^^^^^^^^^^^^^^^^^^^^^^
  File "C:\Users\prana\OneDrive\Desktop\federated\.venv\Lib\site-packages\flwr\simulation\ray_transport\ray_actor.py", line 399, in get_client_result
    return self._fetch_future_result(cid)
           ^^^^^^^^^^^^^^^^^^^^^^^^^^^^^^
  File "C:\Users\prana\OneDrive\Desktop\federated\.venv\Lib\site-packages\flwr\simulation\ray_transport\ray_actor.py", line 280, in _fetch_future_result
    res_cid, out_mssg, updated_context = ray.get(
                                         ^^^^^^^^
  File "C:\Users\prana\OneDrive\Desktop\federated\.venv\Lib\site-packages\ray\_private\auto_init_hook.py", line 22, in auto_init_wrapper
    return fn(*args, **kwargs)
           ^^^^^^^^^^^^^^^^^^^
  File "C:\Users\prana\OneDrive\Desktop\federated\.venv\Lib\site-packages\ray\_private\client_mode_hook.py", line 110, in wrapper
    return func(*args, **kwargs)
           ^^^^^^^^^^^^^^^^^^^^^
  File "C:\Users\prana\OneDrive\Desktop\federated\.venv\Lib\site-packages\ray\_private\worker.py", line 2968, in get
    values, debugger_breakpoint = worker.get_objects(
                                  ^^^^^^^^^^^^^^^^^^^
  File "C:\Users\prana\OneDrive\Desktop\federated\.venv\Lib\site-packages\ray\_private\worker.py", line 1050, in get_objects
    raise value.as_instanceof_cause()
ray.exceptions.RayTaskError(ClientAppException): [36mray::ClientAppActor.run()[39m (pid=30508, ip=127.0.0.1, actor_id=a1c2faf443fd5f031760cb9001000000, repr=<flwr.simulation.ray_transport.ray_actor.ClientAppActor object at 0x000001D82C592CC0>)
                  ^^^^^^^^^^^^^^^^^^^^^^^^^^^^^^^^^^^^^
  File "C:\Users\prana\OneDrive\Desktop\federated\.venv\Lib\site-packages\flwr\client\client_app.py", line 98, in __call__
    return self._call(message, context)
           ^^^^^^^^^^^^^^^^^^^^^^^^^^^^
  File "C:\Users\prana\OneDrive\Desktop\federated\.venv\Lib\site-packages\flwr\client\client_app.py", line 81, in ffn
    out_message = handle_legacy_message_from_msgtype(
                  ^^^^^^^^^^^^^^^^^^^^^^^^^^^^^^^^^^^
  File "C:\Users\prana\OneDrive\Desktop\federated\.venv\Lib\site-packages\flwr\client\message_handler\message_handler.py", line 96, in handle_legacy_message_from_msgtype
    client = client_fn(str(message.metadata.partition_id))
             ^^^^^^^^^^^^^^^^^^^^^^^^^^^^^^^^^^^^^^^^^^^^^
  File "C:\Users\prana\OneDrive\Desktop\federated\scripts\federated_simulation.py", line 44, in client_fn
    train_loader = data_module.train_dataloader()
                   ^^^^^^^^^^^^^^^^^^^^^^^^^^^^^^
  File "C:\Users\prana\OneDrive\Desktop\federated\app\datasets\loader.py", line 31, in train_dataloader
    return DataLoader(self.train_dataset, batch_size=self.batch_size, shuffle=True)
           ^^^^^^^^^^^^^^^^^^^^^^^^^^^^^^^^^^^^^^^^^^^^^^^^^^^^^^^^^^^^^^^^^^^^^^^^
  File "C:\Users\prana\OneDrive\Desktop\federated\.venv\Lib\site-packages\torch\utils\data\dataloader.py", line 401, in __init__
    sampler = RandomSampler(dataset, generator=generator)  # type: ignore[arg-type]
              ^^^^^^^^^^^^^^^^^^^^^^^^^^^^^^^^^^^^^^^^^^^
  File "C:\Users\prana\OneDrive\Desktop\federated\.venv\Lib\site-packages\torch\utils\data\sampler.py", line 149, in __init__
    raise ValueError(
ValueError: num_samples should be a positive integer value, but got num_samples=0

The above exception was the direct cause of the following exception:

[36mray::ClientAppActor.run()[39m (pid=30508, ip=127.0.0.1, actor_id=a1c2faf443fd5f031760cb9001000000, repr=<flwr.simulation.ray_transport.ray_actor.ClientAppActor object at 0x000001D82C592CC0>)
  File "python\\ray\\_raylet.pyx", line 1836, in ray._raylet.execute_task
  File "python\\ray\\_raylet.pyx", line 1947, in ray._raylet.execute_task
  File "python\\ray\\_raylet.pyx", line 1843, in ray._raylet.execute_task
  File "python\\ray\\_raylet.pyx", line 1786, in ray._raylet.execute_task.function_executor
  File "C:\Users\prana\OneDrive\Desktop\federated\.venv\Lib\site-packages\ray\_private\function_manager.py", line 740, in actor_method_executor
    return method(__ray_actor, *args, **kwargs)
           ^^^^^^^^^^^^^^^^^^^^^^^^^^^^^^^^^^^^
  File "C:\Users\prana\OneDrive\Desktop\federated\.venv\Lib\site-packages\ray\util\tracing\tracing_helper.py", line 487, in _resume_span
    return method(self, *_args, **_kwargs)
           ^^^^^^^^^^^^^^^^^^^^^^^^^^^^^^^
  File "C:\Users\prana\OneDrive\Desktop\federated\.venv\Lib\site-packages\flwr\simulation\ray_transport\ray_actor.py", line 64, in run
    raise ClientAppException(str(ex)) from ex
flwr.client.client_app.ClientAppException: 
Exception ClientAppException occurred. Message: num_samples should be a positive integer value, but got num_samples=0

[2026-07-20 14:22:59,665][flwr][ERROR] - [36mray::ClientAppActor.run()[39m (pid=30508, ip=127.0.0.1, actor_id=a1c2faf443fd5f031760cb9001000000, repr=<flwr.simulation.ray_transport.ray_actor.ClientAppActor object at 0x000001D82C592CC0>)
                  ^^^^^^^^^^^^^^^^^^^^^^^^^^^^^^^^^^^^^
  File "C:\Users\prana\OneDrive\Desktop\federated\.venv\Lib\site-packages\flwr\client\client_app.py", line 98, in __call__
    return self._call(message, context)
           ^^^^^^^^^^^^^^^^^^^^^^^^^^^^
  File "C:\Users\prana\OneDrive\Desktop\federated\.venv\Lib\site-packages\flwr\client\client_app.py", line 81, in ffn
    out_message = handle_legacy_message_from_msgtype(
                  ^^^^^^^^^^^^^^^^^^^^^^^^^^^^^^^^^^^
  File "C:\Users\prana\OneDrive\Desktop\federated\.venv\Lib\site-packages\flwr\client\message_handler\message_handler.py", line 96, in handle_legacy_message_from_msgtype
    client = client_fn(str(message.metadata.partition_id))
             ^^^^^^^^^^^^^^^^^^^^^^^^^^^^^^^^^^^^^^^^^^^^^
  File "C:\Users\prana\OneDrive\Desktop\federated\scripts\federated_simulation.py", line 44, in client_fn
    train_loader = data_module.train_dataloader()
                   ^^^^^^^^^^^^^^^^^^^^^^^^^^^^^^
  File "C:\Users\prana\OneDrive\Desktop\federated\app\datasets\loader.py", line 31, in train_dataloader
    return DataLoader(self.train_dataset, batch_size=self.batch_size, shuffle=True)
           ^^^^^^^^^^^^^^^^^^^^^^^^^^^^^^^^^^^^^^^^^^^^^^^^^^^^^^^^^^^^^^^^^^^^^^^^
  File "C:\Users\prana\OneDrive\Desktop\federated\.venv\Lib\site-packages\torch\utils\data\dataloader.py", line 401, in __init__
    sampler = RandomSampler(dataset, generator=generator)  # type: ignore[arg-type]
              ^^^^^^^^^^^^^^^^^^^^^^^^^^^^^^^^^^^^^^^^^^^
  File "C:\Users\prana\OneDrive\Desktop\federated\.venv\Lib\site-packages\torch\utils\data\sampler.py", line 149, in __init__
    raise ValueError(
ValueError: num_samples should be a positive integer value, but got num_samples=0

The above exception was the direct cause of the following exception:

[36mray::ClientAppActor.run()[39m (pid=30508, ip=127.0.0.1, actor_id=a1c2faf443fd5f031760cb9001000000, repr=<flwr.simulation.ray_transport.ray_actor.ClientAppActor object at 0x000001D82C592CC0>)
  File "python\\ray\\_raylet.pyx", line 1836, in ray._raylet.execute_task
  File "python\\ray\\_raylet.pyx", line 1947, in ray._raylet.execute_task
  File "python\\ray\\_raylet.pyx", line 1843, in ray._raylet.execute_task
  File "python\\ray\\_raylet.pyx", line 1786, in ray._raylet.execute_task.function_executor
  File "C:\Users\prana\OneDrive\Desktop\federated\.venv\Lib\site-packages\ray\_private\function_manager.py", line 740, in actor_method_executor
    return method(__ray_actor, *args, **kwargs)
           ^^^^^^^^^^^^^^^^^^^^^^^^^^^^^^^^^^^^
  File "C:\Users\prana\OneDrive\Desktop\federated\.venv\Lib\site-packages\ray\util\tracing\tracing_helper.py", line 487, in _resume_span
    return method(self, *_args, **_kwargs)
           ^^^^^^^^^^^^^^^^^^^^^^^^^^^^^^^
  File "C:\Users\prana\OneDrive\Desktop\federated\.venv\Lib\site-packages\flwr\simulation\ray_transport\ray_actor.py", line 64, in run
    raise ClientAppException(str(ex)) from ex
flwr.client.client_app.ClientAppException: 
Exception ClientAppException occurred. Message: num_samples should be a positive integer value, but got num_samples=0
[2026-07-20 14:23:03,195][flwr][INFO] - aggregate_evaluate: received 2 results and 1 failures
[2026-07-20 14:23:03,239][flwr][INFO] - 
[2026-07-20 14:23:03,239][flwr][INFO] - [ROUND 2]
[2026-07-20 14:23:03,239][flwr][INFO] - configure_fit: strategy sampled 3 clients (out of 3)
[2026-07-20 14:23:03,267][flwr][ERROR] - Traceback (most recent call last):
  File "C:\Users\prana\OneDrive\Desktop\federated\.venv\Lib\site-packages\flwr\simulation\ray_transport\ray_client_proxy.py", line 73, in _submit_job
    out_mssg, updated_context = self.actor_pool.get_client_result(
                                ^^^^^^^^^^^^^^^^^^^^^^^^^^^^^^^^^^
  File "C:\Users\prana\OneDrive\Desktop\federated\.venv\Lib\site-packages\flwr\simulation\ray_transport\ray_actor.py", line 399, in get_client_result
    return self._fetch_future_result(cid)
           ^^^^^^^^^^^^^^^^^^^^^^^^^^^^^^
  File "C:\Users\prana\OneDrive\Desktop\federated\.venv\Lib\site-packages\flwr\simulation\ray_transport\ray_actor.py", line 280, in _fetch_future_result
    res_cid, out_mssg, updated_context = ray.get(
                                         ^^^^^^^^
  File "C:\Users\prana\OneDrive\Desktop\federated\.venv\Lib\site-packages\ray\_private\auto_init_hook.py", line 22, in auto_init_wrapper
    return fn(*args, **kwargs)
           ^^^^^^^^^^^^^^^^^^^
  File "C:\Users\prana\OneDrive\Desktop\federated\.venv\Lib\site-packages\ray\_private\client_mode_hook.py", line 110, in wrapper
    return func(*args, **kwargs)
           ^^^^^^^^^^^^^^^^^^^^^
  File "C:\Users\prana\OneDrive\Desktop\federated\.venv\Lib\site-packages\ray\_private\worker.py", line 2968, in get
    values, debugger_breakpoint = worker.get_objects(
                                  ^^^^^^^^^^^^^^^^^^^
  File "C:\Users\prana\OneDrive\Desktop\federated\.venv\Lib\site-packages\ray\_private\worker.py", line 1050, in get_objects
    raise value.as_instanceof_cause()
ray.exceptions.RayTaskError(ClientAppException): [36mray::ClientAppActor.run()[39m (pid=12704, ip=127.0.0.1, actor_id=dd6f8c5f3d3af0332db7aea901000000, repr=<flwr.simulation.ray_transport.ray_actor.ClientAppActor object at 0x0000019083B57110>)
                  ^^^^^^^^^^^^^^^^^^^^^^^^^^^^^^^^^^^^^
  File "C:\Users\prana\OneDrive\Desktop\federated\.venv\Lib\site-packages\flwr\client\client_app.py", line 98, in __call__
    return self._call(message, context)
           ^^^^^^^^^^^^^^^^^^^^^^^^^^^^
  File "C:\Users\prana\OneDrive\Desktop\federated\.venv\Lib\site-packages\flwr\client\client_app.py", line 81, in ffn
    out_message = handle_legacy_message_from_msgtype(
                  ^^^^^^^^^^^^^^^^^^^^^^^^^^^^^^^^^^^
  File "C:\Users\prana\OneDrive\Desktop\federated\.venv\Lib\site-packages\flwr\client\message_handler\message_handler.py", line 96, in handle_legacy_message_from_msgtype
    client = client_fn(str(message.metadata.partition_id))
             ^^^^^^^^^^^^^^^^^^^^^^^^^^^^^^^^^^^^^^^^^^^^^
  File "C:\Users\prana\OneDrive\Desktop\federated\scripts\federated_simulation.py", line 44, in client_fn
    train_loader = data_module.train_dataloader()
                   ^^^^^^^^^^^^^^^^^^^^^^^^^^^^^^
  File "C:\Users\prana\OneDrive\Desktop\federated\app\datasets\loader.py", line 31, in train_dataloader
    return DataLoader(self.train_dataset, batch_size=self.batch_size, shuffle=True)
           ^^^^^^^^^^^^^^^^^^^^^^^^^^^^^^^^^^^^^^^^^^^^^^^^^^^^^^^^^^^^^^^^^^^^^^^^
  File "C:\Users\prana\OneDrive\Desktop\federated\.venv\Lib\site-packages\torch\utils\data\dataloader.py", line 401, in __init__
    sampler = RandomSampler(dataset, generator=generator)  # type: ignore[arg-type]
              ^^^^^^^^^^^^^^^^^^^^^^^^^^^^^^^^^^^^^^^^^^^
  File "C:\Users\prana\OneDrive\Desktop\federated\.venv\Lib\site-packages\torch\utils\data\sampler.py", line 149, in __init__
    raise ValueError(
ValueError: num_samples should be a positive integer value, but got num_samples=0

The above exception was the direct cause of the following exception:

[36mray::ClientAppActor.run()[39m (pid=12704, ip=127.0.0.1, actor_id=dd6f8c5f3d3af0332db7aea901000000, repr=<flwr.simulation.ray_transport.ray_actor.ClientAppActor object at 0x0000019083B57110>)
  File "python\\ray\\_raylet.pyx", line 1836, in ray._raylet.execute_task
  File "python\\ray\\_raylet.pyx", line 1947, in ray._raylet.execute_task
  File "python\\ray\\_raylet.pyx", line 1843, in ray._raylet.execute_task
  File "python\\ray\\_raylet.pyx", line 1786, in ray._raylet.execute_task.function_executor
  File "C:\Users\prana\OneDrive\Desktop\federated\.venv\Lib\site-packages\ray\_private\function_manager.py", line 740, in actor_method_executor
    return method(__ray_actor, *args, **kwargs)
           ^^^^^^^^^^^^^^^^^^^^^^^^^^^^^^^^^^^^
  File "C:\Users\prana\OneDrive\Desktop\federated\.venv\Lib\site-packages\ray\util\tracing\tracing_helper.py", line 487, in _resume_span
    return method(self, *_args, **_kwargs)
           ^^^^^^^^^^^^^^^^^^^^^^^^^^^^^^^
  File "C:\Users\prana\OneDrive\Desktop\federated\.venv\Lib\site-packages\flwr\simulation\ray_transport\ray_actor.py", line 64, in run
    raise ClientAppException(str(ex)) from ex
flwr.client.client_app.ClientAppException: 
Exception ClientAppException occurred. Message: num_samples should be a positive integer value, but got num_samples=0

[2026-07-20 14:23:03,268][flwr][ERROR] - [36mray::ClientAppActor.run()[39m (pid=12704, ip=127.0.0.1, actor_id=dd6f8c5f3d3af0332db7aea901000000, repr=<flwr.simulation.ray_transport.ray_actor.ClientAppActor object at 0x0000019083B57110>)
                  ^^^^^^^^^^^^^^^^^^^^^^^^^^^^^^^^^^^^^
  File "C:\Users\prana\OneDrive\Desktop\federated\.venv\Lib\site-packages\flwr\client\client_app.py", line 98, in __call__
    return self._call(message, context)
           ^^^^^^^^^^^^^^^^^^^^^^^^^^^^
  File "C:\Users\prana\OneDrive\Desktop\federated\.venv\Lib\site-packages\flwr\client\client_app.py", line 81, in ffn
    out_message = handle_legacy_message_from_msgtype(
                  ^^^^^^^^^^^^^^^^^^^^^^^^^^^^^^^^^^^
  File "C:\Users\prana\OneDrive\Desktop\federated\.venv\Lib\site-packages\flwr\client\message_handler\message_handler.py", line 96, in handle_legacy_message_from_msgtype
    client = client_fn(str(message.metadata.partition_id))
             ^^^^^^^^^^^^^^^^^^^^^^^^^^^^^^^^^^^^^^^^^^^^^
  File "C:\Users\prana\OneDrive\Desktop\federated\scripts\federated_simulation.py", line 44, in client_fn
    train_loader = data_module.train_dataloader()
                   ^^^^^^^^^^^^^^^^^^^^^^^^^^^^^^
  File "C:\Users\prana\OneDrive\Desktop\federated\app\datasets\loader.py", line 31, in train_dataloader
    return DataLoader(self.train_dataset, batch_size=self.batch_size, shuffle=True)
           ^^^^^^^^^^^^^^^^^^^^^^^^^^^^^^^^^^^^^^^^^^^^^^^^^^^^^^^^^^^^^^^^^^^^^^^^
  File "C:\Users\prana\OneDrive\Desktop\federated\.venv\Lib\site-packages\torch\utils\data\dataloader.py", line 401, in __init__
    sampler = RandomSampler(dataset, generator=generator)  # type: ignore[arg-type]
              ^^^^^^^^^^^^^^^^^^^^^^^^^^^^^^^^^^^^^^^^^^^
  File "C:\Users\prana\OneDrive\Desktop\federated\.venv\Lib\site-packages\torch\utils\data\sampler.py", line 149, in __init__
    raise ValueError(
ValueError: num_samples should be a positive integer value, but got num_samples=0

The above exception was the direct cause of the following exception:

[36mray::ClientAppActor.run()[39m (pid=12704, ip=127.0.0.1, actor_id=dd6f8c5f3d3af0332db7aea901000000, repr=<flwr.simulation.ray_transport.ray_actor.ClientAppActor object at 0x0000019083B57110>)
  File "python\\ray\\_raylet.pyx", line 1836, in ray._raylet.execute_task
  File "python\\ray\\_raylet.pyx", line 1947, in ray._raylet.execute_task
  File "python\\ray\\_raylet.pyx", line 1843, in ray._raylet.execute_task
  File "python\\ray\\_raylet.pyx", line 1786, in ray._raylet.execute_task.function_executor
  File "C:\Users\prana\OneDrive\Desktop\federated\.venv\Lib\site-packages\ray\_private\function_manager.py", line 740, in actor_method_executor
    return method(__ray_actor, *args, **kwargs)
           ^^^^^^^^^^^^^^^^^^^^^^^^^^^^^^^^^^^^
  File "C:\Users\prana\OneDrive\Desktop\federated\.venv\Lib\site-packages\ray\util\tracing\tracing_helper.py", line 487, in _resume_span
    return method(self, *_args, **_kwargs)
           ^^^^^^^^^^^^^^^^^^^^^^^^^^^^^^^
  File "C:\Users\prana\OneDrive\Desktop\federated\.venv\Lib\site-packages\flwr\simulation\ray_transport\ray_actor.py", line 64, in run
    raise ClientAppException(str(ex)) from ex
flwr.client.client_app.ClientAppException: 
Exception ClientAppException occurred. Message: num_samples should be a positive integer value, but got num_samples=0
[2026-07-20 14:23:03,390][flwr][ERROR] - Traceback (most recent call last):
  File "C:\Users\prana\OneDrive\Desktop\federated\.venv\Lib\site-packages\flwr\simulation\ray_transport\ray_client_proxy.py", line 73, in _submit_job
    out_mssg, updated_context = self.actor_pool.get_client_result(
                                ^^^^^^^^^^^^^^^^^^^^^^^^^^^^^^^^^^
  File "C:\Users\prana\OneDrive\Desktop\federated\.venv\Lib\site-packages\flwr\simulation\ray_transport\ray_actor.py", line 399, in get_client_result
    return self._fetch_future_result(cid)
           ^^^^^^^^^^^^^^^^^^^^^^^^^^^^^^
  File "C:\Users\prana\OneDrive\Desktop\federated\.venv\Lib\site-packages\flwr\simulation\ray_transport\ray_actor.py", line 280, in _fetch_future_result
    res_cid, out_mssg, updated_context = ray.get(
                                         ^^^^^^^^
  File "C:\Users\prana\OneDrive\Desktop\federated\.venv\Lib\site-packages\ray\_private\auto_init_hook.py", line 22, in auto_init_wrapper
    return fn(*args, **kwargs)
           ^^^^^^^^^^^^^^^^^^^
  File "C:\Users\prana\OneDrive\Desktop\federated\.venv\Lib\site-packages\ray\_private\client_mode_hook.py", line 110, in wrapper
    return func(*args, **kwargs)
           ^^^^^^^^^^^^^^^^^^^^^
  File "C:\Users\prana\OneDrive\Desktop\federated\.venv\Lib\site-packages\ray\_private\worker.py", line 2968, in get
    values, debugger_breakpoint = worker.get_objects(
                                  ^^^^^^^^^^^^^^^^^^^
  File "C:\Users\prana\OneDrive\Desktop\federated\.venv\Lib\site-packages\ray\_private\worker.py", line 1050, in get_objects
    raise value.as_instanceof_cause()
ray.exceptions.RayTaskError(ClientAppException): [36mray::ClientAppActor.run()[39m (pid=26716, ip=127.0.0.1, actor_id=3047c8483b6a3b69956d8cfb01000000, repr=<flwr.simulation.ray_transport.ray_actor.ClientAppActor object at 0x000001C06EE72E40>)
                  ^^^^^^^^^^^^^^^^^^^^^^^^^^^^^^^^^^^^^
  File "C:\Users\prana\OneDrive\Desktop\federated\.venv\Lib\site-packages\flwr\client\client_app.py", line 98, in __call__
    return self._call(message, context)
           ^^^^^^^^^^^^^^^^^^^^^^^^^^^^
  File "C:\Users\prana\OneDrive\Desktop\federated\.venv\Lib\site-packages\flwr\client\client_app.py", line 81, in ffn
    out_message = handle_legacy_message_from_msgtype(
                  ^^^^^^^^^^^^^^^^^^^^^^^^^^^^^^^^^^^
  File "C:\Users\prana\OneDrive\Desktop\federated\.venv\Lib\site-packages\flwr\client\message_handler\message_handler.py", line 130, in handle_legacy_message_from_msgtype
    fit_res = maybe_call_fit(
              ^^^^^^^^^^^^^^^
  File "C:\Users\prana\OneDrive\Desktop\federated\.venv\Lib\site-packages\flwr\client\client.py", line 234, in maybe_call_fit
    return client.fit(fit_ins)
           ^^^^^^^^^^^^^^^^^^^
  File "C:\Users\prana\OneDrive\Desktop\federated\.venv\Lib\site-packages\flwr\client\numpy_client.py", line 238, in _fit
    results = self.numpy_client.fit(parameters, ins.config)  # type: ignore
              ^^^^^^^^^^^^^^^^^^^^^^^^^^^^^^^^^^^^^^^^^^^^^
  File "C:\Users\prana\OneDrive\Desktop\federated\app\federated\client.py", line 52, in fit
    self.trainer.fit(self.train_loader, self.val_loader, epochs=self.epochs,
  File "C:\Users\prana\OneDrive\Desktop\federated\app\training\trainer.py", line 37, in fit
    train_logs = self._train_epoch(train_loader, epoch, proximal_mu, global_params)
                 ^^^^^^^^^^^^^^^^^^^^^^^^^^^^^^^^^^^^^^^^^^^^^^^^^^^^^^^^^^^^^^^^^^
  File "C:\Users\prana\OneDrive\Desktop\federated\app\training\trainer.py", line 83, in _train_epoch
    output = self.model(data)
             ^^^^^^^^^^^^^^^^
  File "C:\Users\prana\OneDrive\Desktop\federated\.venv\Lib\site-packages\torch\nn\modules\module.py", line 1778, in _wrapped_call_impl
    return self._call_impl(*args, **kwargs)
           ^^^^^^^^^^^^^^^^^^^^^^^^^^^^^^^^
  File "C:\Users\prana\OneDrive\Desktop\federated\.venv\Lib\site-packages\torch\nn\modules\module.py", line 1789, in _call_impl
    return forward_call(*args, **kwargs)
           ^^^^^^^^^^^^^^^^^^^^^^^^^^^^^
  File "C:\Users\prana\OneDrive\Desktop\federated\app\models\mlp.py", line 24, in forward
    return self.network(x)
           ^^^^^^^^^^^^^^^
  File "C:\Users\prana\OneDrive\Desktop\federated\.venv\Lib\site-packages\torch\nn\modules\module.py", line 1778, in _wrapped_call_impl
    return self._call_impl(*args, **kwargs)
           ^^^^^^^^^^^^^^^^^^^^^^^^^^^^^^^^
  File "C:\Users\prana\OneDrive\Desktop\federated\.venv\Lib\site-packages\torch\nn\modules\module.py", line 1789, in _call_impl
    return forward_call(*args, **kwargs)
           ^^^^^^^^^^^^^^^^^^^^^^^^^^^^^
  File "C:\Users\prana\OneDrive\Desktop\federated\.venv\Lib\site-packages\torch\nn\modules\container.py", line 253, in forward
    input = module(input)
            ^^^^^^^^^^^^^
  File "C:\Users\prana\OneDrive\Desktop\federated\.venv\Lib\site-packages\torch\nn\modules\module.py", line 1778, in _wrapped_call_impl
    return self._call_impl(*args, **kwargs)
           ^^^^^^^^^^^^^^^^^^^^^^^^^^^^^^^^
  File "C:\Users\prana\OneDrive\Desktop\federated\.venv\Lib\site-packages\torch\nn\modules\module.py", line 1789, in _call_impl
    return forward_call(*args, **kwargs)
           ^^^^^^^^^^^^^^^^^^^^^^^^^^^^^
  File "C:\Users\prana\OneDrive\Desktop\federated\.venv\Lib\site-packages\torch\nn\modules\batchnorm.py", line 210, in forward
    return F.batch_norm(
           ^^^^^^^^^^^^^
  File "C:\Users\prana\OneDrive\Desktop\federated\.venv\Lib\site-packages\torch\nn\functional.py", line 2889, in batch_norm
    _verify_batch_size(input.size())
  File "C:\Users\prana\OneDrive\Desktop\federated\.venv\Lib\site-packages\torch\nn\functional.py", line 2854, in _verify_batch_size
    raise ValueError(
ValueError: Expected more than 1 value per channel when training, got input size torch.Size([1, 128])

The above exception was the direct cause of the following exception:

[36mray::ClientAppActor.run()[39m (pid=26716, ip=127.0.0.1, actor_id=3047c8483b6a3b69956d8cfb01000000, repr=<flwr.simulation.ray_transport.ray_actor.ClientAppActor object at 0x000001C06EE72E40>)
  File "python\\ray\\_raylet.pyx", line 1836, in ray._raylet.execute_task
  File "python\\ray\\_raylet.pyx", line 1947, in ray._raylet.execute_task
  File "python\\ray\\_raylet.pyx", line 1843, in ray._raylet.execute_task
  File "python\\ray\\_raylet.pyx", line 1786, in ray._raylet.execute_task.function_executor
  File "C:\Users\prana\OneDrive\Desktop\federated\.venv\Lib\site-packages\ray\_private\function_manager.py", line 740, in actor_method_executor
    return method(__ray_actor, *args, **kwargs)
           ^^^^^^^^^^^^^^^^^^^^^^^^^^^^^^^^^^^^
  File "C:\Users\prana\OneDrive\Desktop\federated\.venv\Lib\site-packages\ray\util\tracing\tracing_helper.py", line 487, in _resume_span
    return method(self, *_args, **_kwargs)
           ^^^^^^^^^^^^^^^^^^^^^^^^^^^^^^^
  File "C:\Users\prana\OneDrive\Desktop\federated\.venv\Lib\site-packages\flwr\simulation\ray_transport\ray_actor.py", line 64, in run
    raise ClientAppException(str(ex)) from ex
flwr.client.client_app.ClientAppException: 
Exception ClientAppException occurred. Message: Expected more than 1 value per channel when training, got input size torch.Size([1, 128])

[2026-07-20 14:23:03,392][flwr][ERROR] - [36mray::ClientAppActor.run()[39m (pid=26716, ip=127.0.0.1, actor_id=3047c8483b6a3b69956d8cfb01000000, repr=<flwr.simulation.ray_transport.ray_actor.ClientAppActor object at 0x000001C06EE72E40>)
                  ^^^^^^^^^^^^^^^^^^^^^^^^^^^^^^^^^^^^^
  File "C:\Users\prana\OneDrive\Desktop\federated\.venv\Lib\site-packages\flwr\client\client_app.py", line 98, in __call__
    return self._call(message, context)
           ^^^^^^^^^^^^^^^^^^^^^^^^^^^^
  File "C:\Users\prana\OneDrive\Desktop\federated\.venv\Lib\site-packages\flwr\client\client_app.py", line 81, in ffn
    out_message = handle_legacy_message_from_msgtype(
                  ^^^^^^^^^^^^^^^^^^^^^^^^^^^^^^^^^^^
  File "C:\Users\prana\OneDrive\Desktop\federated\.venv\Lib\site-packages\flwr\client\message_handler\message_handler.py", line 130, in handle_legacy_message_from_msgtype
    fit_res = maybe_call_fit(
              ^^^^^^^^^^^^^^^
  File "C:\Users\prana\OneDrive\Desktop\federated\.venv\Lib\site-packages\flwr\client\client.py", line 234, in maybe_call_fit
    return client.fit(fit_ins)
           ^^^^^^^^^^^^^^^^^^^
  File "C:\Users\prana\OneDrive\Desktop\federated\.venv\Lib\site-packages\flwr\client\numpy_client.py", line 238, in _fit
    results = self.numpy_client.fit(parameters, ins.config)  # type: ignore
              ^^^^^^^^^^^^^^^^^^^^^^^^^^^^^^^^^^^^^^^^^^^^^
  File "C:\Users\prana\OneDrive\Desktop\federated\app\federated\client.py", line 52, in fit
    self.trainer.fit(self.train_loader, self.val_loader, epochs=self.epochs,
  File "C:\Users\prana\OneDrive\Desktop\federated\app\training\trainer.py", line 37, in fit
    train_logs = self._train_epoch(train_loader, epoch, proximal_mu, global_params)
                 ^^^^^^^^^^^^^^^^^^^^^^^^^^^^^^^^^^^^^^^^^^^^^^^^^^^^^^^^^^^^^^^^^^
  File "C:\Users\prana\OneDrive\Desktop\federated\app\training\trainer.py", line 83, in _train_epoch
    output = self.model(data)
             ^^^^^^^^^^^^^^^^
  File "C:\Users\prana\OneDrive\Desktop\federated\.venv\Lib\site-packages\torch\nn\modules\module.py", line 1778, in _wrapped_call_impl
    return self._call_impl(*args, **kwargs)
           ^^^^^^^^^^^^^^^^^^^^^^^^^^^^^^^^
  File "C:\Users\prana\OneDrive\Desktop\federated\.venv\Lib\site-packages\torch\nn\modules\module.py", line 1789, in _call_impl
    return forward_call(*args, **kwargs)
           ^^^^^^^^^^^^^^^^^^^^^^^^^^^^^
  File "C:\Users\prana\OneDrive\Desktop\federated\app\models\mlp.py", line 24, in forward
    return self.network(x)
           ^^^^^^^^^^^^^^^
  File "C:\Users\prana\OneDrive\Desktop\federated\.venv\Lib\site-packages\torch\nn\modules\module.py", line 1778, in _wrapped_call_impl
    return self._call_impl(*args, **kwargs)
           ^^^^^^^^^^^^^^^^^^^^^^^^^^^^^^^^
  File "C:\Users\prana\OneDrive\Desktop\federated\.venv\Lib\site-packages\torch\nn\modules\module.py", line 1789, in _call_impl
    return forward_call(*args, **kwargs)
           ^^^^^^^^^^^^^^^^^^^^^^^^^^^^^
  File "C:\Users\prana\OneDrive\Desktop\federated\.venv\Lib\site-packages\torch\nn\modules\container.py", line 253, in forward
    input = module(input)
            ^^^^^^^^^^^^^
  File "C:\Users\prana\OneDrive\Desktop\federated\.venv\Lib\site-packages\torch\nn\modules\module.py", line 1778, in _wrapped_call_impl
    return self._call_impl(*args, **kwargs)
           ^^^^^^^^^^^^^^^^^^^^^^^^^^^^^^^^
  File "C:\Users\prana\OneDrive\Desktop\federated\.venv\Lib\site-packages\torch\nn\modules\module.py", line 1789, in _call_impl
    return forward_call(*args, **kwargs)
           ^^^^^^^^^^^^^^^^^^^^^^^^^^^^^
  File "C:\Users\prana\OneDrive\Desktop\federated\.venv\Lib\site-packages\torch\nn\modules\batchnorm.py", line 210, in forward
    return F.batch_norm(
           ^^^^^^^^^^^^^
  File "C:\Users\prana\OneDrive\Desktop\federated\.venv\Lib\site-packages\torch\nn\functional.py", line 2889, in batch_norm
    _verify_batch_size(input.size())
  File "C:\Users\prana\OneDrive\Desktop\federated\.venv\Lib\site-packages\torch\nn\functional.py", line 2854, in _verify_batch_size
    raise ValueError(
ValueError: Expected more than 1 value per channel when training, got input size torch.Size([1, 128])

The above exception was the direct cause of the following exception:

[36mray::ClientAppActor.run()[39m (pid=26716, ip=127.0.0.1, actor_id=3047c8483b6a3b69956d8cfb01000000, repr=<flwr.simulation.ray_transport.ray_actor.ClientAppActor object at 0x000001C06EE72E40>)
  File "python\\ray\\_raylet.pyx", line 1836, in ray._raylet.execute_task
  File "python\\ray\\_raylet.pyx", line 1947, in ray._raylet.execute_task
  File "python\\ray\\_raylet.pyx", line 1843, in ray._raylet.execute_task
  File "python\\ray\\_raylet.pyx", line 1786, in ray._raylet.execute_task.function_executor
  File "C:\Users\prana\OneDrive\Desktop\federated\.venv\Lib\site-packages\ray\_private\function_manager.py", line 740, in actor_method_executor
    return method(__ray_actor, *args, **kwargs)
           ^^^^^^^^^^^^^^^^^^^^^^^^^^^^^^^^^^^^
  File "C:\Users\prana\OneDrive\Desktop\federated\.venv\Lib\site-packages\ray\util\tracing\tracing_helper.py", line 487, in _resume_span
    return method(self, *_args, **_kwargs)
           ^^^^^^^^^^^^^^^^^^^^^^^^^^^^^^^
  File "C:\Users\prana\OneDrive\Desktop\federated\.venv\Lib\site-packages\flwr\simulation\ray_transport\ray_actor.py", line 64, in run
    raise ClientAppException(str(ex)) from ex
flwr.client.client_app.ClientAppException: 
Exception ClientAppException occurred. Message: Expected more than 1 value per channel when training, got input size torch.Size([1, 128])
[2026-07-20 14:23:03,778][flwr][ERROR] - Traceback (most recent call last):
  File "C:\Users\prana\OneDrive\Desktop\federated\.venv\Lib\site-packages\flwr\simulation\ray_transport\ray_client_proxy.py", line 73, in _submit_job
    out_mssg, updated_context = self.actor_pool.get_client_result(
                                ^^^^^^^^^^^^^^^^^^^^^^^^^^^^^^^^^^
  File "C:\Users\prana\OneDrive\Desktop\federated\.venv\Lib\site-packages\flwr\simulation\ray_transport\ray_actor.py", line 399, in get_client_result
    return self._fetch_future_result(cid)
           ^^^^^^^^^^^^^^^^^^^^^^^^^^^^^^
  File "C:\Users\prana\OneDrive\Desktop\federated\.venv\Lib\site-packages\flwr\simulation\ray_transport\ray_actor.py", line 280, in _fetch_future_result
    res_cid, out_mssg, updated_context = ray.get(
                                         ^^^^^^^^
  File "C:\Users\prana\OneDrive\Desktop\federated\.venv\Lib\site-packages\ray\_private\auto_init_hook.py", line 22, in auto_init_wrapper
    return fn(*args, **kwargs)
           ^^^^^^^^^^^^^^^^^^^
  File "C:\Users\prana\OneDrive\Desktop\federated\.venv\Lib\site-packages\ray\_private\client_mode_hook.py", line 110, in wrapper
    return func(*args, **kwargs)
           ^^^^^^^^^^^^^^^^^^^^^
  File "C:\Users\prana\OneDrive\Desktop\federated\.venv\Lib\site-packages\ray\_private\worker.py", line 2968, in get
    values, debugger_breakpoint = worker.get_objects(
                                  ^^^^^^^^^^^^^^^^^^^
  File "C:\Users\prana\OneDrive\Desktop\federated\.venv\Lib\site-packages\ray\_private\worker.py", line 1050, in get_objects
    raise value.as_instanceof_cause()
ray.exceptions.RayTaskError(ClientAppException): [36mray::ClientAppActor.run()[39m (pid=12704, ip=127.0.0.1, actor_id=dd6f8c5f3d3af0332db7aea901000000, repr=<flwr.simulation.ray_transport.ray_actor.ClientAppActor object at 0x0000019083B57110>)
                  ^^^^^^^^^^^^^^^^^^^^^^^^^^^^^^^^^^^^^
  File "C:\Users\prana\OneDrive\Desktop\federated\.venv\Lib\site-packages\flwr\client\client_app.py", line 98, in __call__
    return self._call(message, context)
           ^^^^^^^^^^^^^^^^^^^^^^^^^^^^
  File "C:\Users\prana\OneDrive\Desktop\federated\.venv\Lib\site-packages\flwr\client\client_app.py", line 81, in ffn
    out_message = handle_legacy_message_from_msgtype(
                  ^^^^^^^^^^^^^^^^^^^^^^^^^^^^^^^^^^^
  File "C:\Users\prana\OneDrive\Desktop\federated\.venv\Lib\site-packages\flwr\client\message_handler\message_handler.py", line 130, in handle_legacy_message_from_msgtype
    fit_res = maybe_call_fit(
              ^^^^^^^^^^^^^^^
  File "C:\Users\prana\OneDrive\Desktop\federated\.venv\Lib\site-packages\flwr\client\client.py", line 234, in maybe_call_fit
    return client.fit(fit_ins)
           ^^^^^^^^^^^^^^^^^^^
  File "C:\Users\prana\OneDrive\Desktop\federated\.venv\Lib\site-packages\flwr\client\numpy_client.py", line 238, in _fit
    results = self.numpy_client.fit(parameters, ins.config)  # type: ignore
              ^^^^^^^^^^^^^^^^^^^^^^^^^^^^^^^^^^^^^^^^^^^^^
  File "C:\Users\prana\OneDrive\Desktop\federated\app\federated\client.py", line 52, in fit
    self.trainer.fit(self.train_loader, self.val_loader, epochs=self.epochs,
  File "C:\Users\prana\OneDrive\Desktop\federated\app\training\trainer.py", line 37, in fit
    train_logs = self._train_epoch(train_loader, epoch, proximal_mu, global_params)
                 ^^^^^^^^^^^^^^^^^^^^^^^^^^^^^^^^^^^^^^^^^^^^^^^^^^^^^^^^^^^^^^^^^^
  File "C:\Users\prana\OneDrive\Desktop\federated\app\training\trainer.py", line 83, in _train_epoch
    output = self.model(data)
             ^^^^^^^^^^^^^^^^
  File "C:\Users\prana\OneDrive\Desktop\federated\.venv\Lib\site-packages\torch\nn\modules\module.py", line 1778, in _wrapped_call_impl
    return self._call_impl(*args, **kwargs)
           ^^^^^^^^^^^^^^^^^^^^^^^^^^^^^^^^
  File "C:\Users\prana\OneDrive\Desktop\federated\.venv\Lib\site-packages\torch\nn\modules\module.py", line 1789, in _call_impl
    return forward_call(*args, **kwargs)
           ^^^^^^^^^^^^^^^^^^^^^^^^^^^^^
  File "C:\Users\prana\OneDrive\Desktop\federated\app\models\mlp.py", line 24, in forward
    return self.network(x)
           ^^^^^^^^^^^^^^^
  File "C:\Users\prana\OneDrive\Desktop\federated\.venv\Lib\site-packages\torch\nn\modules\module.py", line 1778, in _wrapped_call_impl
    return self._call_impl(*args, **kwargs)
           ^^^^^^^^^^^^^^^^^^^^^^^^^^^^^^^^
  File "C:\Users\prana\OneDrive\Desktop\federated\.venv\Lib\site-packages\torch\nn\modules\module.py", line 1789, in _call_impl
    return forward_call(*args, **kwargs)
           ^^^^^^^^^^^^^^^^^^^^^^^^^^^^^
  File "C:\Users\prana\OneDrive\Desktop\federated\.venv\Lib\site-packages\torch\nn\modules\container.py", line 253, in forward
    input = module(input)
            ^^^^^^^^^^^^^
  File "C:\Users\prana\OneDrive\Desktop\federated\.venv\Lib\site-packages\torch\nn\modules\module.py", line 1778, in _wrapped_call_impl
    return self._call_impl(*args, **kwargs)
           ^^^^^^^^^^^^^^^^^^^^^^^^^^^^^^^^
  File "C:\Users\prana\OneDrive\Desktop\federated\.venv\Lib\site-packages\torch\nn\modules\module.py", line 1789, in _call_impl
    return forward_call(*args, **kwargs)
           ^^^^^^^^^^^^^^^^^^^^^^^^^^^^^
  File "C:\Users\prana\OneDrive\Desktop\federated\.venv\Lib\site-packages\torch\nn\modules\batchnorm.py", line 210, in forward
    return F.batch_norm(
           ^^^^^^^^^^^^^
  File "C:\Users\prana\OneDrive\Desktop\federated\.venv\Lib\site-packages\torch\nn\functional.py", line 2889, in batch_norm
    _verify_batch_size(input.size())
  File "C:\Users\prana\OneDrive\Desktop\federated\.venv\Lib\site-packages\torch\nn\functional.py", line 2854, in _verify_batch_size
    raise ValueError(
ValueError: Expected more than 1 value per channel when training, got input size torch.Size([1, 128])

The above exception was the direct cause of the following exception:

[36mray::ClientAppActor.run()[39m (pid=12704, ip=127.0.0.1, actor_id=dd6f8c5f3d3af0332db7aea901000000, repr=<flwr.simulation.ray_transport.ray_actor.ClientAppActor object at 0x0000019083B57110>)
  File "python\\ray\\_raylet.pyx", line 1836, in ray._raylet.execute_task
  File "python\\ray\\_raylet.pyx", line 1947, in ray._raylet.execute_task
  File "python\\ray\\_raylet.pyx", line 1843, in ray._raylet.execute_task
  File "python\\ray\\_raylet.pyx", line 1786, in ray._raylet.execute_task.function_executor
  File "C:\Users\prana\OneDrive\Desktop\federated\.venv\Lib\site-packages\ray\_private\function_manager.py", line 740, in actor_method_executor
    return method(__ray_actor, *args, **kwargs)
           ^^^^^^^^^^^^^^^^^^^^^^^^^^^^^^^^^^^^
  File "C:\Users\prana\OneDrive\Desktop\federated\.venv\Lib\site-packages\ray\util\tracing\tracing_helper.py", line 487, in _resume_span
    return method(self, *_args, **_kwargs)
           ^^^^^^^^^^^^^^^^^^^^^^^^^^^^^^^
  File "C:\Users\prana\OneDrive\Desktop\federated\.venv\Lib\site-packages\flwr\simulation\ray_transport\ray_actor.py", line 64, in run
    raise ClientAppException(str(ex)) from ex
flwr.client.client_app.ClientAppException: 
Exception ClientAppException occurred. Message: Expected more than 1 value per channel when training, got input size torch.Size([1, 128])

[2026-07-20 14:23:03,779][flwr][ERROR] - [36mray::ClientAppActor.run()[39m (pid=12704, ip=127.0.0.1, actor_id=dd6f8c5f3d3af0332db7aea901000000, repr=<flwr.simulation.ray_transport.ray_actor.ClientAppActor object at 0x0000019083B57110>)
                  ^^^^^^^^^^^^^^^^^^^^^^^^^^^^^^^^^^^^^
  File "C:\Users\prana\OneDrive\Desktop\federated\.venv\Lib\site-packages\flwr\client\client_app.py", line 98, in __call__
    return self._call(message, context)
           ^^^^^^^^^^^^^^^^^^^^^^^^^^^^
  File "C:\Users\prana\OneDrive\Desktop\federated\.venv\Lib\site-packages\flwr\client\client_app.py", line 81, in ffn
    out_message = handle_legacy_message_from_msgtype(
                  ^^^^^^^^^^^^^^^^^^^^^^^^^^^^^^^^^^^
  File "C:\Users\prana\OneDrive\Desktop\federated\.venv\Lib\site-packages\flwr\client\message_handler\message_handler.py", line 130, in handle_legacy_message_from_msgtype
    fit_res = maybe_call_fit(
              ^^^^^^^^^^^^^^^
  File "C:\Users\prana\OneDrive\Desktop\federated\.venv\Lib\site-packages\flwr\client\client.py", line 234, in maybe_call_fit
    return client.fit(fit_ins)
           ^^^^^^^^^^^^^^^^^^^
  File "C:\Users\prana\OneDrive\Desktop\federated\.venv\Lib\site-packages\flwr\client\numpy_client.py", line 238, in _fit
    results = self.numpy_client.fit(parameters, ins.config)  # type: ignore
              ^^^^^^^^^^^^^^^^^^^^^^^^^^^^^^^^^^^^^^^^^^^^^
  File "C:\Users\prana\OneDrive\Desktop\federated\app\federated\client.py", line 52, in fit
    self.trainer.fit(self.train_loader, self.val_loader, epochs=self.epochs,
  File "C:\Users\prana\OneDrive\Desktop\federated\app\training\trainer.py", line 37, in fit
    train_logs = self._train_epoch(train_loader, epoch, proximal_mu, global_params)
                 ^^^^^^^^^^^^^^^^^^^^^^^^^^^^^^^^^^^^^^^^^^^^^^^^^^^^^^^^^^^^^^^^^^
  File "C:\Users\prana\OneDrive\Desktop\federated\app\training\trainer.py", line 83, in _train_epoch
    output = self.model(data)
             ^^^^^^^^^^^^^^^^
  File "C:\Users\prana\OneDrive\Desktop\federated\.venv\Lib\site-packages\torch\nn\modules\module.py", line 1778, in _wrapped_call_impl
    return self._call_impl(*args, **kwargs)
           ^^^^^^^^^^^^^^^^^^^^^^^^^^^^^^^^
  File "C:\Users\prana\OneDrive\Desktop\federated\.venv\Lib\site-packages\torch\nn\modules\module.py", line 1789, in _call_impl
    return forward_call(*args, **kwargs)
           ^^^^^^^^^^^^^^^^^^^^^^^^^^^^^
  File "C:\Users\prana\OneDrive\Desktop\federated\app\models\mlp.py", line 24, in forward
    return self.network(x)
           ^^^^^^^^^^^^^^^
  File "C:\Users\prana\OneDrive\Desktop\federated\.venv\Lib\site-packages\torch\nn\modules\module.py", line 1778, in _wrapped_call_impl
    return self._call_impl(*args, **kwargs)
           ^^^^^^^^^^^^^^^^^^^^^^^^^^^^^^^^
  File "C:\Users\prana\OneDrive\Desktop\federated\.venv\Lib\site-packages\torch\nn\modules\module.py", line 1789, in _call_impl
    return forward_call(*args, **kwargs)
           ^^^^^^^^^^^^^^^^^^^^^^^^^^^^^
  File "C:\Users\prana\OneDrive\Desktop\federated\.venv\Lib\site-packages\torch\nn\modules\container.py", line 253, in forward
    input = module(input)
            ^^^^^^^^^^^^^
  File "C:\Users\prana\OneDrive\Desktop\federated\.venv\Lib\site-packages\torch\nn\modules\module.py", line 1778, in _wrapped_call_impl
    return self._call_impl(*args, **kwargs)
           ^^^^^^^^^^^^^^^^^^^^^^^^^^^^^^^^
  File "C:\Users\prana\OneDrive\Desktop\federated\.venv\Lib\site-packages\torch\nn\modules\module.py", line 1789, in _call_impl
    return forward_call(*args, **kwargs)
           ^^^^^^^^^^^^^^^^^^^^^^^^^^^^^
  File "C:\Users\prana\OneDrive\Desktop\federated\.venv\Lib\site-packages\torch\nn\modules\batchnorm.py", line 210, in forward
    return F.batch_norm(
           ^^^^^^^^^^^^^
  File "C:\Users\prana\OneDrive\Desktop\federated\.venv\Lib\site-packages\torch\nn\functional.py", line 2889, in batch_norm
    _verify_batch_size(input.size())
  File "C:\Users\prana\OneDrive\Desktop\federated\.venv\Lib\site-packages\torch\nn\functional.py", line 2854, in _verify_batch_size
    raise ValueError(
ValueError: Expected more than 1 value per channel when training, got input size torch.Size([1, 128])

The above exception was the direct cause of the following exception:

[36mray::ClientAppActor.run()[39m (pid=12704, ip=127.0.0.1, actor_id=dd6f8c5f3d3af0332db7aea901000000, repr=<flwr.simulation.ray_transport.ray_actor.ClientAppActor object at 0x0000019083B57110>)
  File "python\\ray\\_raylet.pyx", line 1836, in ray._raylet.execute_task
  File "python\\ray\\_raylet.pyx", line 1947, in ray._raylet.execute_task
  File "python\\ray\\_raylet.pyx", line 1843, in ray._raylet.execute_task
  File "python\\ray\\_raylet.pyx", line 1786, in ray._raylet.execute_task.function_executor
  File "C:\Users\prana\OneDrive\Desktop\federated\.venv\Lib\site-packages\ray\_private\function_manager.py", line 740, in actor_method_executor
    return method(__ray_actor, *args, **kwargs)
           ^^^^^^^^^^^^^^^^^^^^^^^^^^^^^^^^^^^^
  File "C:\Users\prana\OneDrive\Desktop\federated\.venv\Lib\site-packages\ray\util\tracing\tracing_helper.py", line 487, in _resume_span
    return method(self, *_args, **_kwargs)
           ^^^^^^^^^^^^^^^^^^^^^^^^^^^^^^^
  File "C:\Users\prana\OneDrive\Desktop\federated\.venv\Lib\site-packages\flwr\simulation\ray_transport\ray_actor.py", line 64, in run
    raise ClientAppException(str(ex)) from ex
flwr.client.client_app.ClientAppException: 
Exception ClientAppException occurred. Message: Expected more than 1 value per channel when training, got input size torch.Size([1, 128])
[2026-07-20 14:23:03,781][flwr][INFO] - aggregate_fit: received 0 results and 3 failures
[2026-07-20 14:23:03,782][flwr][INFO] - configure_evaluate: strategy sampled 3 clients (out of 3)
[2026-07-20 14:23:03,817][flwr][ERROR] - Traceback (most recent call last):
  File "C:\Users\prana\OneDrive\Desktop\federated\.venv\Lib\site-packages\flwr\simulation\ray_transport\ray_client_proxy.py", line 73, in _submit_job
    out_mssg, updated_context = self.actor_pool.get_client_result(
                                ^^^^^^^^^^^^^^^^^^^^^^^^^^^^^^^^^^
  File "C:\Users\prana\OneDrive\Desktop\federated\.venv\Lib\site-packages\flwr\simulation\ray_transport\ray_actor.py", line 399, in get_client_result
    return self._fetch_future_result(cid)
           ^^^^^^^^^^^^^^^^^^^^^^^^^^^^^^
  File "C:\Users\prana\OneDrive\Desktop\federated\.venv\Lib\site-packages\flwr\simulation\ray_transport\ray_actor.py", line 280, in _fetch_future_result
    res_cid, out_mssg, updated_context = ray.get(
                                         ^^^^^^^^
  File "C:\Users\prana\OneDrive\Desktop\federated\.venv\Lib\site-packages\ray\_private\auto_init_hook.py", line 22, in auto_init_wrapper
    return fn(*args, **kwargs)
           ^^^^^^^^^^^^^^^^^^^
  File "C:\Users\prana\OneDrive\Desktop\federated\.venv\Lib\site-packages\ray\_private\client_mode_hook.py", line 110, in wrapper
    return func(*args, **kwargs)
           ^^^^^^^^^^^^^^^^^^^^^
  File "C:\Users\prana\OneDrive\Desktop\federated\.venv\Lib\site-packages\ray\_private\worker.py", line 2968, in get
    values, debugger_breakpoint = worker.get_objects(
                                  ^^^^^^^^^^^^^^^^^^^
  File "C:\Users\prana\OneDrive\Desktop\federated\.venv\Lib\site-packages\ray\_private\worker.py", line 1050, in get_objects
    raise value.as_instanceof_cause()
ray.exceptions.RayTaskError(ClientAppException): [36mray::ClientAppActor.run()[39m (pid=26716, ip=127.0.0.1, actor_id=3047c8483b6a3b69956d8cfb01000000, repr=<flwr.simulation.ray_transport.ray_actor.ClientAppActor object at 0x000001C06EE72E40>)
                  ^^^^^^^^^^^^^^^^^^^^^^^^^^^^^^^^^^^^^
  File "C:\Users\prana\OneDrive\Desktop\federated\.venv\Lib\site-packages\flwr\client\client_app.py", line 98, in __call__
    return self._call(message, context)
           ^^^^^^^^^^^^^^^^^^^^^^^^^^^^
  File "C:\Users\prana\OneDrive\Desktop\federated\.venv\Lib\site-packages\flwr\client\client_app.py", line 81, in ffn
    out_message = handle_legacy_message_from_msgtype(
                  ^^^^^^^^^^^^^^^^^^^^^^^^^^^^^^^^^^^
  File "C:\Users\prana\OneDrive\Desktop\federated\.venv\Lib\site-packages\flwr\client\message_handler\message_handler.py", line 96, in handle_legacy_message_from_msgtype
    client = client_fn(str(message.metadata.partition_id))
             ^^^^^^^^^^^^^^^^^^^^^^^^^^^^^^^^^^^^^^^^^^^^^
  File "C:\Users\prana\OneDrive\Desktop\federated\scripts\federated_simulation.py", line 44, in client_fn
    train_loader = data_module.train_dataloader()
                   ^^^^^^^^^^^^^^^^^^^^^^^^^^^^^^
  File "C:\Users\prana\OneDrive\Desktop\federated\app\datasets\loader.py", line 31, in train_dataloader
    return DataLoader(self.train_dataset, batch_size=self.batch_size, shuffle=True)
           ^^^^^^^^^^^^^^^^^^^^^^^^^^^^^^^^^^^^^^^^^^^^^^^^^^^^^^^^^^^^^^^^^^^^^^^^
  File "C:\Users\prana\OneDrive\Desktop\federated\.venv\Lib\site-packages\torch\utils\data\dataloader.py", line 401, in __init__
    sampler = RandomSampler(dataset, generator=generator)  # type: ignore[arg-type]
              ^^^^^^^^^^^^^^^^^^^^^^^^^^^^^^^^^^^^^^^^^^^
  File "C:\Users\prana\OneDrive\Desktop\federated\.venv\Lib\site-packages\torch\utils\data\sampler.py", line 149, in __init__
    raise ValueError(
ValueError: num_samples should be a positive integer value, but got num_samples=0

The above exception was the direct cause of the following exception:

[36mray::ClientAppActor.run()[39m (pid=26716, ip=127.0.0.1, actor_id=3047c8483b6a3b69956d8cfb01000000, repr=<flwr.simulation.ray_transport.ray_actor.ClientAppActor object at 0x000001C06EE72E40>)
  File "python\\ray\\_raylet.pyx", line 1836, in ray._raylet.execute_task
  File "python\\ray\\_raylet.pyx", line 1947, in ray._raylet.execute_task
  File "python\\ray\\_raylet.pyx", line 1843, in ray._raylet.execute_task
  File "python\\ray\\_raylet.pyx", line 1786, in ray._raylet.execute_task.function_executor
  File "C:\Users\prana\OneDrive\Desktop\federated\.venv\Lib\site-packages\ray\_private\function_manager.py", line 740, in actor_method_executor
    return method(__ray_actor, *args, **kwargs)
           ^^^^^^^^^^^^^^^^^^^^^^^^^^^^^^^^^^^^
  File "C:\Users\prana\OneDrive\Desktop\federated\.venv\Lib\site-packages\ray\util\tracing\tracing_helper.py", line 487, in _resume_span
    return method(self, *_args, **_kwargs)
           ^^^^^^^^^^^^^^^^^^^^^^^^^^^^^^^
  File "C:\Users\prana\OneDrive\Desktop\federated\.venv\Lib\site-packages\flwr\simulation\ray_transport\ray_actor.py", line 64, in run
    raise ClientAppException(str(ex)) from ex
flwr.client.client_app.ClientAppException: 
Exception ClientAppException occurred. Message: num_samples should be a positive integer value, but got num_samples=0

[2026-07-20 14:23:03,819][flwr][ERROR] - [36mray::ClientAppActor.run()[39m (pid=26716, ip=127.0.0.1, actor_id=3047c8483b6a3b69956d8cfb01000000, repr=<flwr.simulation.ray_transport.ray_actor.ClientAppActor object at 0x000001C06EE72E40>)
                  ^^^^^^^^^^^^^^^^^^^^^^^^^^^^^^^^^^^^^
  File "C:\Users\prana\OneDrive\Desktop\federated\.venv\Lib\site-packages\flwr\client\client_app.py", line 98, in __call__
    return self._call(message, context)
           ^^^^^^^^^^^^^^^^^^^^^^^^^^^^
  File "C:\Users\prana\OneDrive\Desktop\federated\.venv\Lib\site-packages\flwr\client\client_app.py", line 81, in ffn
    out_message = handle_legacy_message_from_msgtype(
                  ^^^^^^^^^^^^^^^^^^^^^^^^^^^^^^^^^^^
  File "C:\Users\prana\OneDrive\Desktop\federated\.venv\Lib\site-packages\flwr\client\message_handler\message_handler.py", line 96, in handle_legacy_message_from_msgtype
    client = client_fn(str(message.metadata.partition_id))
             ^^^^^^^^^^^^^^^^^^^^^^^^^^^^^^^^^^^^^^^^^^^^^
  File "C:\Users\prana\OneDrive\Desktop\federated\scripts\federated_simulation.py", line 44, in client_fn
    train_loader = data_module.train_dataloader()
                   ^^^^^^^^^^^^^^^^^^^^^^^^^^^^^^
  File "C:\Users\prana\OneDrive\Desktop\federated\app\datasets\loader.py", line 31, in train_dataloader
    return DataLoader(self.train_dataset, batch_size=self.batch_size, shuffle=True)
           ^^^^^^^^^^^^^^^^^^^^^^^^^^^^^^^^^^^^^^^^^^^^^^^^^^^^^^^^^^^^^^^^^^^^^^^^
  File "C:\Users\prana\OneDrive\Desktop\federated\.venv\Lib\site-packages\torch\utils\data\dataloader.py", line 401, in __init__
    sampler = RandomSampler(dataset, generator=generator)  # type: ignore[arg-type]
              ^^^^^^^^^^^^^^^^^^^^^^^^^^^^^^^^^^^^^^^^^^^
  File "C:\Users\prana\OneDrive\Desktop\federated\.venv\Lib\site-packages\torch\utils\data\sampler.py", line 149, in __init__
    raise ValueError(
ValueError: num_samples should be a positive integer value, but got num_samples=0

The above exception was the direct cause of the following exception:

[36mray::ClientAppActor.run()[39m (pid=26716, ip=127.0.0.1, actor_id=3047c8483b6a3b69956d8cfb01000000, repr=<flwr.simulation.ray_transport.ray_actor.ClientAppActor object at 0x000001C06EE72E40>)
  File "python\\ray\\_raylet.pyx", line 1836, in ray._raylet.execute_task
  File "python\\ray\\_raylet.pyx", line 1947, in ray._raylet.execute_task
  File "python\\ray\\_raylet.pyx", line 1843, in ray._raylet.execute_task
  File "python\\ray\\_raylet.pyx", line 1786, in ray._raylet.execute_task.function_executor
  File "C:\Users\prana\OneDrive\Desktop\federated\.venv\Lib\site-packages\ray\_private\function_manager.py", line 740, in actor_method_executor
    return method(__ray_actor, *args, **kwargs)
           ^^^^^^^^^^^^^^^^^^^^^^^^^^^^^^^^^^^^
  File "C:\Users\prana\OneDrive\Desktop\federated\.venv\Lib\site-packages\ray\util\tracing\tracing_helper.py", line 487, in _resume_span
    return method(self, *_args, **_kwargs)
           ^^^^^^^^^^^^^^^^^^^^^^^^^^^^^^^
  File "C:\Users\prana\OneDrive\Desktop\federated\.venv\Lib\site-packages\flwr\simulation\ray_transport\ray_actor.py", line 64, in run
    raise ClientAppException(str(ex)) from ex
flwr.client.client_app.ClientAppException: 
Exception ClientAppException occurred. Message: num_samples should be a positive integer value, but got num_samples=0
[2026-07-20 14:23:03,901][flwr][INFO] - aggregate_evaluate: received 2 results and 1 failures
[2026-07-20 14:23:03,965][flwr][INFO] - 
[2026-07-20 14:23:03,966][flwr][INFO] - [ROUND 3]
[2026-07-20 14:23:03,966][flwr][INFO] - configure_fit: strategy sampled 3 clients (out of 3)
[2026-07-20 14:23:03,993][flwr][ERROR] - Traceback (most recent call last):
  File "C:\Users\prana\OneDrive\Desktop\federated\.venv\Lib\site-packages\flwr\simulation\ray_transport\ray_client_proxy.py", line 73, in _submit_job
    out_mssg, updated_context = self.actor_pool.get_client_result(
                                ^^^^^^^^^^^^^^^^^^^^^^^^^^^^^^^^^^
  File "C:\Users\prana\OneDrive\Desktop\federated\.venv\Lib\site-packages\flwr\simulation\ray_transport\ray_actor.py", line 399, in get_client_result
    return self._fetch_future_result(cid)
           ^^^^^^^^^^^^^^^^^^^^^^^^^^^^^^
  File "C:\Users\prana\OneDrive\Desktop\federated\.venv\Lib\site-packages\flwr\simulation\ray_transport\ray_actor.py", line 280, in _fetch_future_result
    res_cid, out_mssg, updated_context = ray.get(
                                         ^^^^^^^^
  File "C:\Users\prana\OneDrive\Desktop\federated\.venv\Lib\site-packages\ray\_private\auto_init_hook.py", line 22, in auto_init_wrapper
    return fn(*args, **kwargs)
           ^^^^^^^^^^^^^^^^^^^
  File "C:\Users\prana\OneDrive\Desktop\federated\.venv\Lib\site-packages\ray\_private\client_mode_hook.py", line 110, in wrapper
    return func(*args, **kwargs)
           ^^^^^^^^^^^^^^^^^^^^^
  File "C:\Users\prana\OneDrive\Desktop\federated\.venv\Lib\site-packages\ray\_private\worker.py", line 2968, in get
    values, debugger_breakpoint = worker.get_objects(
                                  ^^^^^^^^^^^^^^^^^^^
  File "C:\Users\prana\OneDrive\Desktop\federated\.venv\Lib\site-packages\ray\_private\worker.py", line 1050, in get_objects
    raise value.as_instanceof_cause()
ray.exceptions.RayTaskError(ClientAppException): [36mray::ClientAppActor.run()[39m (pid=30508, ip=127.0.0.1, actor_id=a1c2faf443fd5f031760cb9001000000, repr=<flwr.simulation.ray_transport.ray_actor.ClientAppActor object at 0x000001D82C592CC0>)
                  ^^^^^^^^^^^^^^^^^^^^^^^^^^^^^^^^^^^^^
  File "C:\Users\prana\OneDrive\Desktop\federated\.venv\Lib\site-packages\flwr\client\client_app.py", line 98, in __call__
    return self._call(message, context)
           ^^^^^^^^^^^^^^^^^^^^^^^^^^^^
  File "C:\Users\prana\OneDrive\Desktop\federated\.venv\Lib\site-packages\flwr\client\client_app.py", line 81, in ffn
    out_message = handle_legacy_message_from_msgtype(
                  ^^^^^^^^^^^^^^^^^^^^^^^^^^^^^^^^^^^
  File "C:\Users\prana\OneDrive\Desktop\federated\.venv\Lib\site-packages\flwr\client\message_handler\message_handler.py", line 96, in handle_legacy_message_from_msgtype
    client = client_fn(str(message.metadata.partition_id))
             ^^^^^^^^^^^^^^^^^^^^^^^^^^^^^^^^^^^^^^^^^^^^^
  File "C:\Users\prana\OneDrive\Desktop\federated\scripts\federated_simulation.py", line 44, in client_fn
    train_loader = data_module.train_dataloader()
                   ^^^^^^^^^^^^^^^^^^^^^^^^^^^^^^
  File "C:\Users\prana\OneDrive\Desktop\federated\app\datasets\loader.py", line 31, in train_dataloader
    return DataLoader(self.train_dataset, batch_size=self.batch_size, shuffle=True)
           ^^^^^^^^^^^^^^^^^^^^^^^^^^^^^^^^^^^^^^^^^^^^^^^^^^^^^^^^^^^^^^^^^^^^^^^^
  File "C:\Users\prana\OneDrive\Desktop\federated\.venv\Lib\site-packages\torch\utils\data\dataloader.py", line 401, in __init__
    sampler = RandomSampler(dataset, generator=generator)  # type: ignore[arg-type]
              ^^^^^^^^^^^^^^^^^^^^^^^^^^^^^^^^^^^^^^^^^^^
  File "C:\Users\prana\OneDrive\Desktop\federated\.venv\Lib\site-packages\torch\utils\data\sampler.py", line 149, in __init__
    raise ValueError(
ValueError: num_samples should be a positive integer value, but got num_samples=0

The above exception was the direct cause of the following exception:

[36mray::ClientAppActor.run()[39m (pid=30508, ip=127.0.0.1, actor_id=a1c2faf443fd5f031760cb9001000000, repr=<flwr.simulation.ray_transport.ray_actor.ClientAppActor object at 0x000001D82C592CC0>)
  File "python\\ray\\_raylet.pyx", line 1836, in ray._raylet.execute_task
  File "python\\ray\\_raylet.pyx", line 1947, in ray._raylet.execute_task
  File "python\\ray\\_raylet.pyx", line 1843, in ray._raylet.execute_task
  File "python\\ray\\_raylet.pyx", line 1786, in ray._raylet.execute_task.function_executor
  File "C:\Users\prana\OneDrive\Desktop\federated\.venv\Lib\site-packages\ray\_private\function_manager.py", line 740, in actor_method_executor
    return method(__ray_actor, *args, **kwargs)
           ^^^^^^^^^^^^^^^^^^^^^^^^^^^^^^^^^^^^
  File "C:\Users\prana\OneDrive\Desktop\federated\.venv\Lib\site-packages\ray\util\tracing\tracing_helper.py", line 487, in _resume_span
    return method(self, *_args, **_kwargs)
           ^^^^^^^^^^^^^^^^^^^^^^^^^^^^^^^
  File "C:\Users\prana\OneDrive\Desktop\federated\.venv\Lib\site-packages\flwr\simulation\ray_transport\ray_actor.py", line 64, in run
    raise ClientAppException(str(ex)) from ex
flwr.client.client_app.ClientAppException: 
Exception ClientAppException occurred. Message: num_samples should be a positive integer value, but got num_samples=0

[2026-07-20 14:23:03,995][flwr][ERROR] - [36mray::ClientAppActor.run()[39m (pid=30508, ip=127.0.0.1, actor_id=a1c2faf443fd5f031760cb9001000000, repr=<flwr.simulation.ray_transport.ray_actor.ClientAppActor object at 0x000001D82C592CC0>)
                  ^^^^^^^^^^^^^^^^^^^^^^^^^^^^^^^^^^^^^
  File "C:\Users\prana\OneDrive\Desktop\federated\.venv\Lib\site-packages\flwr\client\client_app.py", line 98, in __call__
    return self._call(message, context)
           ^^^^^^^^^^^^^^^^^^^^^^^^^^^^
  File "C:\Users\prana\OneDrive\Desktop\federated\.venv\Lib\site-packages\flwr\client\client_app.py", line 81, in ffn
    out_message = handle_legacy_message_from_msgtype(
                  ^^^^^^^^^^^^^^^^^^^^^^^^^^^^^^^^^^^
  File "C:\Users\prana\OneDrive\Desktop\federated\.venv\Lib\site-packages\flwr\client\message_handler\message_handler.py", line 96, in handle_legacy_message_from_msgtype
    client = client_fn(str(message.metadata.partition_id))
             ^^^^^^^^^^^^^^^^^^^^^^^^^^^^^^^^^^^^^^^^^^^^^
  File "C:\Users\prana\OneDrive\Desktop\federated\scripts\federated_simulation.py", line 44, in client_fn
    train_loader = data_module.train_dataloader()
                   ^^^^^^^^^^^^^^^^^^^^^^^^^^^^^^
  File "C:\Users\prana\OneDrive\Desktop\federated\app\datasets\loader.py", line 31, in train_dataloader
    return DataLoader(self.train_dataset, batch_size=self.batch_size, shuffle=True)
           ^^^^^^^^^^^^^^^^^^^^^^^^^^^^^^^^^^^^^^^^^^^^^^^^^^^^^^^^^^^^^^^^^^^^^^^^
  File "C:\Users\prana\OneDrive\Desktop\federated\.venv\Lib\site-packages\torch\utils\data\dataloader.py", line 401, in __init__
    sampler = RandomSampler(dataset, generator=generator)  # type: ignore[arg-type]
              ^^^^^^^^^^^^^^^^^^^^^^^^^^^^^^^^^^^^^^^^^^^
  File "C:\Users\prana\OneDrive\Desktop\federated\.venv\Lib\site-packages\torch\utils\data\sampler.py", line 149, in __init__
    raise ValueError(
ValueError: num_samples should be a positive integer value, but got num_samples=0

The above exception was the direct cause of the following exception:

[36mray::ClientAppActor.run()[39m (pid=30508, ip=127.0.0.1, actor_id=a1c2faf443fd5f031760cb9001000000, repr=<flwr.simulation.ray_transport.ray_actor.ClientAppActor object at 0x000001D82C592CC0>)
  File "python\\ray\\_raylet.pyx", line 1836, in ray._raylet.execute_task
  File "python\\ray\\_raylet.pyx", line 1947, in ray._raylet.execute_task
  File "python\\ray\\_raylet.pyx", line 1843, in ray._raylet.execute_task
  File "python\\ray\\_raylet.pyx", line 1786, in ray._raylet.execute_task.function_executor
  File "C:\Users\prana\OneDrive\Desktop\federated\.venv\Lib\site-packages\ray\_private\function_manager.py", line 740, in actor_method_executor
    return method(__ray_actor, *args, **kwargs)
           ^^^^^^^^^^^^^^^^^^^^^^^^^^^^^^^^^^^^
  File "C:\Users\prana\OneDrive\Desktop\federated\.venv\Lib\site-packages\ray\util\tracing\tracing_helper.py", line 487, in _resume_span
    return method(self, *_args, **_kwargs)
           ^^^^^^^^^^^^^^^^^^^^^^^^^^^^^^^
  File "C:\Users\prana\OneDrive\Desktop\federated\.venv\Lib\site-packages\flwr\simulation\ray_transport\ray_actor.py", line 64, in run
    raise ClientAppException(str(ex)) from ex
flwr.client.client_app.ClientAppException: 
Exception ClientAppException occurred. Message: num_samples should be a positive integer value, but got num_samples=0
[2026-07-20 14:23:04,116][flwr][ERROR] - Traceback (most recent call last):
  File "C:\Users\prana\OneDrive\Desktop\federated\.venv\Lib\site-packages\flwr\simulation\ray_transport\ray_client_proxy.py", line 73, in _submit_job
    out_mssg, updated_context = self.actor_pool.get_client_result(
                                ^^^^^^^^^^^^^^^^^^^^^^^^^^^^^^^^^^
  File "C:\Users\prana\OneDrive\Desktop\federated\.venv\Lib\site-packages\flwr\simulation\ray_transport\ray_actor.py", line 399, in get_client_result
    return self._fetch_future_result(cid)
           ^^^^^^^^^^^^^^^^^^^^^^^^^^^^^^
  File "C:\Users\prana\OneDrive\Desktop\federated\.venv\Lib\site-packages\flwr\simulation\ray_transport\ray_actor.py", line 280, in _fetch_future_result
    res_cid, out_mssg, updated_context = ray.get(
                                         ^^^^^^^^
  File "C:\Users\prana\OneDrive\Desktop\federated\.venv\Lib\site-packages\ray\_private\auto_init_hook.py", line 22, in auto_init_wrapper
    return fn(*args, **kwargs)
           ^^^^^^^^^^^^^^^^^^^
  File "C:\Users\prana\OneDrive\Desktop\federated\.venv\Lib\site-packages\ray\_private\client_mode_hook.py", line 110, in wrapper
    return func(*args, **kwargs)
           ^^^^^^^^^^^^^^^^^^^^^
  File "C:\Users\prana\OneDrive\Desktop\federated\.venv\Lib\site-packages\ray\_private\worker.py", line 2968, in get
    values, debugger_breakpoint = worker.get_objects(
                                  ^^^^^^^^^^^^^^^^^^^
  File "C:\Users\prana\OneDrive\Desktop\federated\.venv\Lib\site-packages\ray\_private\worker.py", line 1050, in get_objects
    raise value.as_instanceof_cause()
ray.exceptions.RayTaskError(ClientAppException): [36mray::ClientAppActor.run()[39m (pid=12704, ip=127.0.0.1, actor_id=dd6f8c5f3d3af0332db7aea901000000, repr=<flwr.simulation.ray_transport.ray_actor.ClientAppActor object at 0x0000019083B57110>)
                  ^^^^^^^^^^^^^^^^^^^^^^^^^^^^^^^^^^^^^
  File "C:\Users\prana\OneDrive\Desktop\federated\.venv\Lib\site-packages\flwr\client\client_app.py", line 98, in __call__
    return self._call(message, context)
           ^^^^^^^^^^^^^^^^^^^^^^^^^^^^
  File "C:\Users\prana\OneDrive\Desktop\federated\.venv\Lib\site-packages\flwr\client\client_app.py", line 81, in ffn
    out_message = handle_legacy_message_from_msgtype(
                  ^^^^^^^^^^^^^^^^^^^^^^^^^^^^^^^^^^^
  File "C:\Users\prana\OneDrive\Desktop\federated\.venv\Lib\site-packages\flwr\client\message_handler\message_handler.py", line 130, in handle_legacy_message_from_msgtype
    fit_res = maybe_call_fit(
              ^^^^^^^^^^^^^^^
  File "C:\Users\prana\OneDrive\Desktop\federated\.venv\Lib\site-packages\flwr\client\client.py", line 234, in maybe_call_fit
    return client.fit(fit_ins)
           ^^^^^^^^^^^^^^^^^^^
  File "C:\Users\prana\OneDrive\Desktop\federated\.venv\Lib\site-packages\flwr\client\numpy_client.py", line 238, in _fit
    results = self.numpy_client.fit(parameters, ins.config)  # type: ignore
              ^^^^^^^^^^^^^^^^^^^^^^^^^^^^^^^^^^^^^^^^^^^^^
  File "C:\Users\prana\OneDrive\Desktop\federated\app\federated\client.py", line 52, in fit
    self.trainer.fit(self.train_loader, self.val_loader, epochs=self.epochs,
  File "C:\Users\prana\OneDrive\Desktop\federated\app\training\trainer.py", line 37, in fit
    train_logs = self._train_epoch(train_loader, epoch, proximal_mu, global_params)
                 ^^^^^^^^^^^^^^^^^^^^^^^^^^^^^^^^^^^^^^^^^^^^^^^^^^^^^^^^^^^^^^^^^^
  File "C:\Users\prana\OneDrive\Desktop\federated\app\training\trainer.py", line 83, in _train_epoch
    output = self.model(data)
             ^^^^^^^^^^^^^^^^
  File "C:\Users\prana\OneDrive\Desktop\federated\.venv\Lib\site-packages\torch\nn\modules\module.py", line 1778, in _wrapped_call_impl
    return self._call_impl(*args, **kwargs)
           ^^^^^^^^^^^^^^^^^^^^^^^^^^^^^^^^
  File "C:\Users\prana\OneDrive\Desktop\federated\.venv\Lib\site-packages\torch\nn\modules\module.py", line 1789, in _call_impl
    return forward_call(*args, **kwargs)
           ^^^^^^^^^^^^^^^^^^^^^^^^^^^^^
  File "C:\Users\prana\OneDrive\Desktop\federated\app\models\mlp.py", line 24, in forward
    return self.network(x)
           ^^^^^^^^^^^^^^^
  File "C:\Users\prana\OneDrive\Desktop\federated\.venv\Lib\site-packages\torch\nn\modules\module.py", line 1778, in _wrapped_call_impl
    return self._call_impl(*args, **kwargs)
           ^^^^^^^^^^^^^^^^^^^^^^^^^^^^^^^^
  File "C:\Users\prana\OneDrive\Desktop\federated\.venv\Lib\site-packages\torch\nn\modules\module.py", line 1789, in _call_impl
    return forward_call(*args, **kwargs)
           ^^^^^^^^^^^^^^^^^^^^^^^^^^^^^
  File "C:\Users\prana\OneDrive\Desktop\federated\.venv\Lib\site-packages\torch\nn\modules\container.py", line 253, in forward
    input = module(input)
            ^^^^^^^^^^^^^
  File "C:\Users\prana\OneDrive\Desktop\federated\.venv\Lib\site-packages\torch\nn\modules\module.py", line 1778, in _wrapped_call_impl
    return self._call_impl(*args, **kwargs)
           ^^^^^^^^^^^^^^^^^^^^^^^^^^^^^^^^
  File "C:\Users\prana\OneDrive\Desktop\federated\.venv\Lib\site-packages\torch\nn\modules\module.py", line 1789, in _call_impl
    return forward_call(*args, **kwargs)
           ^^^^^^^^^^^^^^^^^^^^^^^^^^^^^
  File "C:\Users\prana\OneDrive\Desktop\federated\.venv\Lib\site-packages\torch\nn\modules\batchnorm.py", line 210, in forward
    return F.batch_norm(
           ^^^^^^^^^^^^^
  File "C:\Users\prana\OneDrive\Desktop\federated\.venv\Lib\site-packages\torch\nn\functional.py", line 2889, in batch_norm
    _verify_batch_size(input.size())
  File "C:\Users\prana\OneDrive\Desktop\federated\.venv\Lib\site-packages\torch\nn\functional.py", line 2854, in _verify_batch_size
    raise ValueError(
ValueError: Expected more than 1 value per channel when training, got input size torch.Size([1, 128])

The above exception was the direct cause of the following exception:

[36mray::ClientAppActor.run()[39m (pid=12704, ip=127.0.0.1, actor_id=dd6f8c5f3d3af0332db7aea901000000, repr=<flwr.simulation.ray_transport.ray_actor.ClientAppActor object at 0x0000019083B57110>)
  File "python\\ray\\_raylet.pyx", line 1836, in ray._raylet.execute_task
  File "python\\ray\\_raylet.pyx", line 1947, in ray._raylet.execute_task
  File "python\\ray\\_raylet.pyx", line 1843, in ray._raylet.execute_task
  File "python\\ray\\_raylet.pyx", line 1786, in ray._raylet.execute_task.function_executor
  File "C:\Users\prana\OneDrive\Desktop\federated\.venv\Lib\site-packages\ray\_private\function_manager.py", line 740, in actor_method_executor
    return method(__ray_actor, *args, **kwargs)
           ^^^^^^^^^^^^^^^^^^^^^^^^^^^^^^^^^^^^
  File "C:\Users\prana\OneDrive\Desktop\federated\.venv\Lib\site-packages\ray\util\tracing\tracing_helper.py", line 487, in _resume_span
    return method(self, *_args, **_kwargs)
           ^^^^^^^^^^^^^^^^^^^^^^^^^^^^^^^
  File "C:\Users\prana\OneDrive\Desktop\federated\.venv\Lib\site-packages\flwr\simulation\ray_transport\ray_actor.py", line 64, in run
    raise ClientAppException(str(ex)) from ex
flwr.client.client_app.ClientAppException: 
Exception ClientAppException occurred. Message: Expected more than 1 value per channel when training, got input size torch.Size([1, 128])

[2026-07-20 14:23:04,118][flwr][ERROR] - [36mray::ClientAppActor.run()[39m (pid=12704, ip=127.0.0.1, actor_id=dd6f8c5f3d3af0332db7aea901000000, repr=<flwr.simulation.ray_transport.ray_actor.ClientAppActor object at 0x0000019083B57110>)
                  ^^^^^^^^^^^^^^^^^^^^^^^^^^^^^^^^^^^^^
  File "C:\Users\prana\OneDrive\Desktop\federated\.venv\Lib\site-packages\flwr\client\client_app.py", line 98, in __call__
    return self._call(message, context)
           ^^^^^^^^^^^^^^^^^^^^^^^^^^^^
  File "C:\Users\prana\OneDrive\Desktop\federated\.venv\Lib\site-packages\flwr\client\client_app.py", line 81, in ffn
    out_message = handle_legacy_message_from_msgtype(
                  ^^^^^^^^^^^^^^^^^^^^^^^^^^^^^^^^^^^
  File "C:\Users\prana\OneDrive\Desktop\federated\.venv\Lib\site-packages\flwr\client\message_handler\message_handler.py", line 130, in handle_legacy_message_from_msgtype
    fit_res = maybe_call_fit(
              ^^^^^^^^^^^^^^^
  File "C:\Users\prana\OneDrive\Desktop\federated\.venv\Lib\site-packages\flwr\client\client.py", line 234, in maybe_call_fit
    return client.fit(fit_ins)
           ^^^^^^^^^^^^^^^^^^^
  File "C:\Users\prana\OneDrive\Desktop\federated\.venv\Lib\site-packages\flwr\client\numpy_client.py", line 238, in _fit
    results = self.numpy_client.fit(parameters, ins.config)  # type: ignore
              ^^^^^^^^^^^^^^^^^^^^^^^^^^^^^^^^^^^^^^^^^^^^^
  File "C:\Users\prana\OneDrive\Desktop\federated\app\federated\client.py", line 52, in fit
    self.trainer.fit(self.train_loader, self.val_loader, epochs=self.epochs,
  File "C:\Users\prana\OneDrive\Desktop\federated\app\training\trainer.py", line 37, in fit
    train_logs = self._train_epoch(train_loader, epoch, proximal_mu, global_params)
                 ^^^^^^^^^^^^^^^^^^^^^^^^^^^^^^^^^^^^^^^^^^^^^^^^^^^^^^^^^^^^^^^^^^
  File "C:\Users\prana\OneDrive\Desktop\federated\app\training\trainer.py", line 83, in _train_epoch
    output = self.model(data)
             ^^^^^^^^^^^^^^^^
  File "C:\Users\prana\OneDrive\Desktop\federated\.venv\Lib\site-packages\torch\nn\modules\module.py", line 1778, in _wrapped_call_impl
    return self._call_impl(*args, **kwargs)
           ^^^^^^^^^^^^^^^^^^^^^^^^^^^^^^^^
  File "C:\Users\prana\OneDrive\Desktop\federated\.venv\Lib\site-packages\torch\nn\modules\module.py", line 1789, in _call_impl
    return forward_call(*args, **kwargs)
           ^^^^^^^^^^^^^^^^^^^^^^^^^^^^^
  File "C:\Users\prana\OneDrive\Desktop\federated\app\models\mlp.py", line 24, in forward
    return self.network(x)
           ^^^^^^^^^^^^^^^
  File "C:\Users\prana\OneDrive\Desktop\federated\.venv\Lib\site-packages\torch\nn\modules\module.py", line 1778, in _wrapped_call_impl
    return self._call_impl(*args, **kwargs)
           ^^^^^^^^^^^^^^^^^^^^^^^^^^^^^^^^
  File "C:\Users\prana\OneDrive\Desktop\federated\.venv\Lib\site-packages\torch\nn\modules\module.py", line 1789, in _call_impl
    return forward_call(*args, **kwargs)
           ^^^^^^^^^^^^^^^^^^^^^^^^^^^^^
  File "C:\Users\prana\OneDrive\Desktop\federated\.venv\Lib\site-packages\torch\nn\modules\container.py", line 253, in forward
    input = module(input)
            ^^^^^^^^^^^^^
  File "C:\Users\prana\OneDrive\Desktop\federated\.venv\Lib\site-packages\torch\nn\modules\module.py", line 1778, in _wrapped_call_impl
    return self._call_impl(*args, **kwargs)
           ^^^^^^^^^^^^^^^^^^^^^^^^^^^^^^^^
  File "C:\Users\prana\OneDrive\Desktop\federated\.venv\Lib\site-packages\torch\nn\modules\module.py", line 1789, in _call_impl
    return forward_call(*args, **kwargs)
           ^^^^^^^^^^^^^^^^^^^^^^^^^^^^^
  File "C:\Users\prana\OneDrive\Desktop\federated\.venv\Lib\site-packages\torch\nn\modules\batchnorm.py", line 210, in forward
    return F.batch_norm(
           ^^^^^^^^^^^^^
  File "C:\Users\prana\OneDrive\Desktop\federated\.venv\Lib\site-packages\torch\nn\functional.py", line 2889, in batch_norm
    _verify_batch_size(input.size())
  File "C:\Users\prana\OneDrive\Desktop\federated\.venv\Lib\site-packages\torch\nn\functional.py", line 2854, in _verify_batch_size
    raise ValueError(
ValueError: Expected more than 1 value per channel when training, got input size torch.Size([1, 128])

The above exception was the direct cause of the following exception:

[36mray::ClientAppActor.run()[39m (pid=12704, ip=127.0.0.1, actor_id=dd6f8c5f3d3af0332db7aea901000000, repr=<flwr.simulation.ray_transport.ray_actor.ClientAppActor object at 0x0000019083B57110>)
  File "python\\ray\\_raylet.pyx", line 1836, in ray._raylet.execute_task
  File "python\\ray\\_raylet.pyx", line 1947, in ray._raylet.execute_task
  File "python\\ray\\_raylet.pyx", line 1843, in ray._raylet.execute_task
  File "python\\ray\\_raylet.pyx", line 1786, in ray._raylet.execute_task.function_executor
  File "C:\Users\prana\OneDrive\Desktop\federated\.venv\Lib\site-packages\ray\_private\function_manager.py", line 740, in actor_method_executor
    return method(__ray_actor, *args, **kwargs)
           ^^^^^^^^^^^^^^^^^^^^^^^^^^^^^^^^^^^^
  File "C:\Users\prana\OneDrive\Desktop\federated\.venv\Lib\site-packages\ray\util\tracing\tracing_helper.py", line 487, in _resume_span
    return method(self, *_args, **_kwargs)
           ^^^^^^^^^^^^^^^^^^^^^^^^^^^^^^^
  File "C:\Users\prana\OneDrive\Desktop\federated\.venv\Lib\site-packages\flwr\simulation\ray_transport\ray_actor.py", line 64, in run
    raise ClientAppException(str(ex)) from ex
flwr.client.client_app.ClientAppException: 
Exception ClientAppException occurred. Message: Expected more than 1 value per channel when training, got input size torch.Size([1, 128])
[2026-07-20 14:23:04,135][flwr][ERROR] - Traceback (most recent call last):
  File "C:\Users\prana\OneDrive\Desktop\federated\.venv\Lib\site-packages\flwr\simulation\ray_transport\ray_client_proxy.py", line 73, in _submit_job
    out_mssg, updated_context = self.actor_pool.get_client_result(
                                ^^^^^^^^^^^^^^^^^^^^^^^^^^^^^^^^^^
  File "C:\Users\prana\OneDrive\Desktop\federated\.venv\Lib\site-packages\flwr\simulation\ray_transport\ray_actor.py", line 399, in get_client_result
    return self._fetch_future_result(cid)
           ^^^^^^^^^^^^^^^^^^^^^^^^^^^^^^
  File "C:\Users\prana\OneDrive\Desktop\federated\.venv\Lib\site-packages\flwr\simulation\ray_transport\ray_actor.py", line 280, in _fetch_future_result
    res_cid, out_mssg, updated_context = ray.get(
                                         ^^^^^^^^
  File "C:\Users\prana\OneDrive\Desktop\federated\.venv\Lib\site-packages\ray\_private\auto_init_hook.py", line 22, in auto_init_wrapper
    return fn(*args, **kwargs)
           ^^^^^^^^^^^^^^^^^^^
  File "C:\Users\prana\OneDrive\Desktop\federated\.venv\Lib\site-packages\ray\_private\client_mode_hook.py", line 110, in wrapper
    return func(*args, **kwargs)
           ^^^^^^^^^^^^^^^^^^^^^
  File "C:\Users\prana\OneDrive\Desktop\federated\.venv\Lib\site-packages\ray\_private\worker.py", line 2968, in get
    values, debugger_breakpoint = worker.get_objects(
                                  ^^^^^^^^^^^^^^^^^^^
  File "C:\Users\prana\OneDrive\Desktop\federated\.venv\Lib\site-packages\ray\_private\worker.py", line 1050, in get_objects
    raise value.as_instanceof_cause()
ray.exceptions.RayTaskError(ClientAppException): [36mray::ClientAppActor.run()[39m (pid=26716, ip=127.0.0.1, actor_id=3047c8483b6a3b69956d8cfb01000000, repr=<flwr.simulation.ray_transport.ray_actor.ClientAppActor object at 0x000001C06EE72E40>)
                  ^^^^^^^^^^^^^^^^^^^^^^^^^^^^^^^^^^^^^
  File "C:\Users\prana\OneDrive\Desktop\federated\.venv\Lib\site-packages\flwr\client\client_app.py", line 98, in __call__
    return self._call(message, context)
           ^^^^^^^^^^^^^^^^^^^^^^^^^^^^
  File "C:\Users\prana\OneDrive\Desktop\federated\.venv\Lib\site-packages\flwr\client\client_app.py", line 81, in ffn
    out_message = handle_legacy_message_from_msgtype(
                  ^^^^^^^^^^^^^^^^^^^^^^^^^^^^^^^^^^^
  File "C:\Users\prana\OneDrive\Desktop\federated\.venv\Lib\site-packages\flwr\client\message_handler\message_handler.py", line 130, in handle_legacy_message_from_msgtype
    fit_res = maybe_call_fit(
              ^^^^^^^^^^^^^^^
  File "C:\Users\prana\OneDrive\Desktop\federated\.venv\Lib\site-packages\flwr\client\client.py", line 234, in maybe_call_fit
    return client.fit(fit_ins)
           ^^^^^^^^^^^^^^^^^^^
  File "C:\Users\prana\OneDrive\Desktop\federated\.venv\Lib\site-packages\flwr\client\numpy_client.py", line 238, in _fit
    results = self.numpy_client.fit(parameters, ins.config)  # type: ignore
              ^^^^^^^^^^^^^^^^^^^^^^^^^^^^^^^^^^^^^^^^^^^^^
  File "C:\Users\prana\OneDrive\Desktop\federated\app\federated\client.py", line 52, in fit
    self.trainer.fit(self.train_loader, self.val_loader, epochs=self.epochs,
  File "C:\Users\prana\OneDrive\Desktop\federated\app\training\trainer.py", line 37, in fit
    train_logs = self._train_epoch(train_loader, epoch, proximal_mu, global_params)
                 ^^^^^^^^^^^^^^^^^^^^^^^^^^^^^^^^^^^^^^^^^^^^^^^^^^^^^^^^^^^^^^^^^^
  File "C:\Users\prana\OneDrive\Desktop\federated\app\training\trainer.py", line 83, in _train_epoch
    output = self.model(data)
             ^^^^^^^^^^^^^^^^
  File "C:\Users\prana\OneDrive\Desktop\federated\.venv\Lib\site-packages\torch\nn\modules\module.py", line 1778, in _wrapped_call_impl
    return self._call_impl(*args, **kwargs)
           ^^^^^^^^^^^^^^^^^^^^^^^^^^^^^^^^
  File "C:\Users\prana\OneDrive\Desktop\federated\.venv\Lib\site-packages\torch\nn\modules\module.py", line 1789, in _call_impl
    return forward_call(*args, **kwargs)
           ^^^^^^^^^^^^^^^^^^^^^^^^^^^^^
  File "C:\Users\prana\OneDrive\Desktop\federated\app\models\mlp.py", line 24, in forward
    return self.network(x)
           ^^^^^^^^^^^^^^^
  File "C:\Users\prana\OneDrive\Desktop\federated\.venv\Lib\site-packages\torch\nn\modules\module.py", line 1778, in _wrapped_call_impl
    return self._call_impl(*args, **kwargs)
           ^^^^^^^^^^^^^^^^^^^^^^^^^^^^^^^^
  File "C:\Users\prana\OneDrive\Desktop\federated\.venv\Lib\site-packages\torch\nn\modules\module.py", line 1789, in _call_impl
    return forward_call(*args, **kwargs)
           ^^^^^^^^^^^^^^^^^^^^^^^^^^^^^
  File "C:\Users\prana\OneDrive\Desktop\federated\.venv\Lib\site-packages\torch\nn\modules\container.py", line 253, in forward
    input = module(input)
            ^^^^^^^^^^^^^
  File "C:\Users\prana\OneDrive\Desktop\federated\.venv\Lib\site-packages\torch\nn\modules\module.py", line 1778, in _wrapped_call_impl
    return self._call_impl(*args, **kwargs)
           ^^^^^^^^^^^^^^^^^^^^^^^^^^^^^^^^
  File "C:\Users\prana\OneDrive\Desktop\federated\.venv\Lib\site-packages\torch\nn\modules\module.py", line 1789, in _call_impl
    return forward_call(*args, **kwargs)
           ^^^^^^^^^^^^^^^^^^^^^^^^^^^^^
  File "C:\Users\prana\OneDrive\Desktop\federated\.venv\Lib\site-packages\torch\nn\modules\batchnorm.py", line 210, in forward
    return F.batch_norm(
           ^^^^^^^^^^^^^
  File "C:\Users\prana\OneDrive\Desktop\federated\.venv\Lib\site-packages\torch\nn\functional.py", line 2889, in batch_norm
    _verify_batch_size(input.size())
  File "C:\Users\prana\OneDrive\Desktop\federated\.venv\Lib\site-packages\torch\nn\functional.py", line 2854, in _verify_batch_size
    raise ValueError(
ValueError: Expected more than 1 value per channel when training, got input size torch.Size([1, 128])

The above exception was the direct cause of the following exception:

[36mray::ClientAppActor.run()[39m (pid=26716, ip=127.0.0.1, actor_id=3047c8483b6a3b69956d8cfb01000000, repr=<flwr.simulation.ray_transport.ray_actor.ClientAppActor object at 0x000001C06EE72E40>)
  File "python\\ray\\_raylet.pyx", line 1836, in ray._raylet.execute_task
  File "python\\ray\\_raylet.pyx", line 1947, in ray._raylet.execute_task
  File "python\\ray\\_raylet.pyx", line 1843, in ray._raylet.execute_task
  File "python\\ray\\_raylet.pyx", line 1786, in ray._raylet.execute_task.function_executor
  File "C:\Users\prana\OneDrive\Desktop\federated\.venv\Lib\site-packages\ray\_private\function_manager.py", line 740, in actor_method_executor
    return method(__ray_actor, *args, **kwargs)
           ^^^^^^^^^^^^^^^^^^^^^^^^^^^^^^^^^^^^
  File "C:\Users\prana\OneDrive\Desktop\federated\.venv\Lib\site-packages\ray\util\tracing\tracing_helper.py", line 487, in _resume_span
    return method(self, *_args, **_kwargs)
           ^^^^^^^^^^^^^^^^^^^^^^^^^^^^^^^
  File "C:\Users\prana\OneDrive\Desktop\federated\.venv\Lib\site-packages\flwr\simulation\ray_transport\ray_actor.py", line 64, in run
    raise ClientAppException(str(ex)) from ex
flwr.client.client_app.ClientAppException: 
Exception ClientAppException occurred. Message: Expected more than 1 value per channel when training, got input size torch.Size([1, 128])

[2026-07-20 14:23:04,136][flwr][ERROR] - [36mray::ClientAppActor.run()[39m (pid=26716, ip=127.0.0.1, actor_id=3047c8483b6a3b69956d8cfb01000000, repr=<flwr.simulation.ray_transport.ray_actor.ClientAppActor object at 0x000001C06EE72E40>)
                  ^^^^^^^^^^^^^^^^^^^^^^^^^^^^^^^^^^^^^
  File "C:\Users\prana\OneDrive\Desktop\federated\.venv\Lib\site-packages\flwr\client\client_app.py", line 98, in __call__
    return self._call(message, context)
           ^^^^^^^^^^^^^^^^^^^^^^^^^^^^
  File "C:\Users\prana\OneDrive\Desktop\federated\.venv\Lib\site-packages\flwr\client\client_app.py", line 81, in ffn
    out_message = handle_legacy_message_from_msgtype(
                  ^^^^^^^^^^^^^^^^^^^^^^^^^^^^^^^^^^^
  File "C:\Users\prana\OneDrive\Desktop\federated\.venv\Lib\site-packages\flwr\client\message_handler\message_handler.py", line 130, in handle_legacy_message_from_msgtype
    fit_res = maybe_call_fit(
              ^^^^^^^^^^^^^^^
  File "C:\Users\prana\OneDrive\Desktop\federated\.venv\Lib\site-packages\flwr\client\client.py", line 234, in maybe_call_fit
    return client.fit(fit_ins)
           ^^^^^^^^^^^^^^^^^^^
  File "C:\Users\prana\OneDrive\Desktop\federated\.venv\Lib\site-packages\flwr\client\numpy_client.py", line 238, in _fit
    results = self.numpy_client.fit(parameters, ins.config)  # type: ignore
              ^^^^^^^^^^^^^^^^^^^^^^^^^^^^^^^^^^^^^^^^^^^^^
  File "C:\Users\prana\OneDrive\Desktop\federated\app\federated\client.py", line 52, in fit
    self.trainer.fit(self.train_loader, self.val_loader, epochs=self.epochs,
  File "C:\Users\prana\OneDrive\Desktop\federated\app\training\trainer.py", line 37, in fit
    train_logs = self._train_epoch(train_loader, epoch, proximal_mu, global_params)
                 ^^^^^^^^^^^^^^^^^^^^^^^^^^^^^^^^^^^^^^^^^^^^^^^^^^^^^^^^^^^^^^^^^^
  File "C:\Users\prana\OneDrive\Desktop\federated\app\training\trainer.py", line 83, in _train_epoch
    output = self.model(data)
             ^^^^^^^^^^^^^^^^
  File "C:\Users\prana\OneDrive\Desktop\federated\.venv\Lib\site-packages\torch\nn\modules\module.py", line 1778, in _wrapped_call_impl
    return self._call_impl(*args, **kwargs)
           ^^^^^^^^^^^^^^^^^^^^^^^^^^^^^^^^
  File "C:\Users\prana\OneDrive\Desktop\federated\.venv\Lib\site-packages\torch\nn\modules\module.py", line 1789, in _call_impl
    return forward_call(*args, **kwargs)
           ^^^^^^^^^^^^^^^^^^^^^^^^^^^^^
  File "C:\Users\prana\OneDrive\Desktop\federated\app\models\mlp.py", line 24, in forward
    return self.network(x)
           ^^^^^^^^^^^^^^^
  File "C:\Users\prana\OneDrive\Desktop\federated\.venv\Lib\site-packages\torch\nn\modules\module.py", line 1778, in _wrapped_call_impl
    return self._call_impl(*args, **kwargs)
           ^^^^^^^^^^^^^^^^^^^^^^^^^^^^^^^^
  File "C:\Users\prana\OneDrive\Desktop\federated\.venv\Lib\site-packages\torch\nn\modules\module.py", line 1789, in _call_impl
    return forward_call(*args, **kwargs)
           ^^^^^^^^^^^^^^^^^^^^^^^^^^^^^
  File "C:\Users\prana\OneDrive\Desktop\federated\.venv\Lib\site-packages\torch\nn\modules\container.py", line 253, in forward
    input = module(input)
            ^^^^^^^^^^^^^
  File "C:\Users\prana\OneDrive\Desktop\federated\.venv\Lib\site-packages\torch\nn\modules\module.py", line 1778, in _wrapped_call_impl
    return self._call_impl(*args, **kwargs)
           ^^^^^^^^^^^^^^^^^^^^^^^^^^^^^^^^
  File "C:\Users\prana\OneDrive\Desktop\federated\.venv\Lib\site-packages\torch\nn\modules\module.py", line 1789, in _call_impl
    return forward_call(*args, **kwargs)
           ^^^^^^^^^^^^^^^^^^^^^^^^^^^^^
  File "C:\Users\prana\OneDrive\Desktop\federated\.venv\Lib\site-packages\torch\nn\modules\batchnorm.py", line 210, in forward
    return F.batch_norm(
           ^^^^^^^^^^^^^
  File "C:\Users\prana\OneDrive\Desktop\federated\.venv\Lib\site-packages\torch\nn\functional.py", line 2889, in batch_norm
    _verify_batch_size(input.size())
  File "C:\Users\prana\OneDrive\Desktop\federated\.venv\Lib\site-packages\torch\nn\functional.py", line 2854, in _verify_batch_size
    raise ValueError(
ValueError: Expected more than 1 value per channel when training, got input size torch.Size([1, 128])

The above exception was the direct cause of the following exception:

[36mray::ClientAppActor.run()[39m (pid=26716, ip=127.0.0.1, actor_id=3047c8483b6a3b69956d8cfb01000000, repr=<flwr.simulation.ray_transport.ray_actor.ClientAppActor object at 0x000001C06EE72E40>)
  File "python\\ray\\_raylet.pyx", line 1836, in ray._raylet.execute_task
  File "python\\ray\\_raylet.pyx", line 1947, in ray._raylet.execute_task
  File "python\\ray\\_raylet.pyx", line 1843, in ray._raylet.execute_task
  File "python\\ray\\_raylet.pyx", line 1786, in ray._raylet.execute_task.function_executor
  File "C:\Users\prana\OneDrive\Desktop\federated\.venv\Lib\site-packages\ray\_private\function_manager.py", line 740, in actor_method_executor
    return method(__ray_actor, *args, **kwargs)
           ^^^^^^^^^^^^^^^^^^^^^^^^^^^^^^^^^^^^
  File "C:\Users\prana\OneDrive\Desktop\federated\.venv\Lib\site-packages\ray\util\tracing\tracing_helper.py", line 487, in _resume_span
    return method(self, *_args, **_kwargs)
           ^^^^^^^^^^^^^^^^^^^^^^^^^^^^^^^
  File "C:\Users\prana\OneDrive\Desktop\federated\.venv\Lib\site-packages\flwr\simulation\ray_transport\ray_actor.py", line 64, in run
    raise ClientAppException(str(ex)) from ex
flwr.client.client_app.ClientAppException: 
Exception ClientAppException occurred. Message: Expected more than 1 value per channel when training, got input size torch.Size([1, 128])
[2026-07-20 14:23:04,138][flwr][INFO] - aggregate_fit: received 0 results and 3 failures
[2026-07-20 14:23:04,139][flwr][INFO] - configure_evaluate: strategy sampled 3 clients (out of 3)
[2026-07-20 14:23:04,175][flwr][ERROR] - Traceback (most recent call last):
  File "C:\Users\prana\OneDrive\Desktop\federated\.venv\Lib\site-packages\flwr\simulation\ray_transport\ray_client_proxy.py", line 73, in _submit_job
    out_mssg, updated_context = self.actor_pool.get_client_result(
                                ^^^^^^^^^^^^^^^^^^^^^^^^^^^^^^^^^^
  File "C:\Users\prana\OneDrive\Desktop\federated\.venv\Lib\site-packages\flwr\simulation\ray_transport\ray_actor.py", line 399, in get_client_result
    return self._fetch_future_result(cid)
           ^^^^^^^^^^^^^^^^^^^^^^^^^^^^^^
  File "C:\Users\prana\OneDrive\Desktop\federated\.venv\Lib\site-packages\flwr\simulation\ray_transport\ray_actor.py", line 280, in _fetch_future_result
    res_cid, out_mssg, updated_context = ray.get(
                                         ^^^^^^^^
  File "C:\Users\prana\OneDrive\Desktop\federated\.venv\Lib\site-packages\ray\_private\auto_init_hook.py", line 22, in auto_init_wrapper
    return fn(*args, **kwargs)
           ^^^^^^^^^^^^^^^^^^^
  File "C:\Users\prana\OneDrive\Desktop\federated\.venv\Lib\site-packages\ray\_private\client_mode_hook.py", line 110, in wrapper
    return func(*args, **kwargs)
           ^^^^^^^^^^^^^^^^^^^^^
  File "C:\Users\prana\OneDrive\Desktop\federated\.venv\Lib\site-packages\ray\_private\worker.py", line 2968, in get
    values, debugger_breakpoint = worker.get_objects(
                                  ^^^^^^^^^^^^^^^^^^^
  File "C:\Users\prana\OneDrive\Desktop\federated\.venv\Lib\site-packages\ray\_private\worker.py", line 1050, in get_objects
    raise value.as_instanceof_cause()
ray.exceptions.RayTaskError(ClientAppException): [36mray::ClientAppActor.run()[39m (pid=12704, ip=127.0.0.1, actor_id=dd6f8c5f3d3af0332db7aea901000000, repr=<flwr.simulation.ray_transport.ray_actor.ClientAppActor object at 0x0000019083B57110>)
                  ^^^^^^^^^^^^^^^^^^^^^^^^^^^^^^^^^^^^^
  File "C:\Users\prana\OneDrive\Desktop\federated\.venv\Lib\site-packages\flwr\client\client_app.py", line 98, in __call__
    return self._call(message, context)
           ^^^^^^^^^^^^^^^^^^^^^^^^^^^^
  File "C:\Users\prana\OneDrive\Desktop\federated\.venv\Lib\site-packages\flwr\client\client_app.py", line 81, in ffn
    out_message = handle_legacy_message_from_msgtype(
                  ^^^^^^^^^^^^^^^^^^^^^^^^^^^^^^^^^^^
  File "C:\Users\prana\OneDrive\Desktop\federated\.venv\Lib\site-packages\flwr\client\message_handler\message_handler.py", line 96, in handle_legacy_message_from_msgtype
    client = client_fn(str(message.metadata.partition_id))
             ^^^^^^^^^^^^^^^^^^^^^^^^^^^^^^^^^^^^^^^^^^^^^
  File "C:\Users\prana\OneDrive\Desktop\federated\scripts\federated_simulation.py", line 44, in client_fn
    train_loader = data_module.train_dataloader()
                   ^^^^^^^^^^^^^^^^^^^^^^^^^^^^^^
  File "C:\Users\prana\OneDrive\Desktop\federated\app\datasets\loader.py", line 31, in train_dataloader
    return DataLoader(self.train_dataset, batch_size=self.batch_size, shuffle=True)
           ^^^^^^^^^^^^^^^^^^^^^^^^^^^^^^^^^^^^^^^^^^^^^^^^^^^^^^^^^^^^^^^^^^^^^^^^
  File "C:\Users\prana\OneDrive\Desktop\federated\.venv\Lib\site-packages\torch\utils\data\dataloader.py", line 401, in __init__
    sampler = RandomSampler(dataset, generator=generator)  # type: ignore[arg-type]
              ^^^^^^^^^^^^^^^^^^^^^^^^^^^^^^^^^^^^^^^^^^^
  File "C:\Users\prana\OneDrive\Desktop\federated\.venv\Lib\site-packages\torch\utils\data\sampler.py", line 149, in __init__
    raise ValueError(
ValueError: num_samples should be a positive integer value, but got num_samples=0

The above exception was the direct cause of the following exception:

[36mray::ClientAppActor.run()[39m (pid=12704, ip=127.0.0.1, actor_id=dd6f8c5f3d3af0332db7aea901000000, repr=<flwr.simulation.ray_transport.ray_actor.ClientAppActor object at 0x0000019083B57110>)
  File "python\\ray\\_raylet.pyx", line 1836, in ray._raylet.execute_task
  File "python\\ray\\_raylet.pyx", line 1947, in ray._raylet.execute_task
  File "python\\ray\\_raylet.pyx", line 1843, in ray._raylet.execute_task
  File "python\\ray\\_raylet.pyx", line 1786, in ray._raylet.execute_task.function_executor
  File "C:\Users\prana\OneDrive\Desktop\federated\.venv\Lib\site-packages\ray\_private\function_manager.py", line 740, in actor_method_executor
    return method(__ray_actor, *args, **kwargs)
           ^^^^^^^^^^^^^^^^^^^^^^^^^^^^^^^^^^^^
  File "C:\Users\prana\OneDrive\Desktop\federated\.venv\Lib\site-packages\ray\util\tracing\tracing_helper.py", line 487, in _resume_span
    return method(self, *_args, **_kwargs)
           ^^^^^^^^^^^^^^^^^^^^^^^^^^^^^^^
  File "C:\Users\prana\OneDrive\Desktop\federated\.venv\Lib\site-packages\flwr\simulation\ray_transport\ray_actor.py", line 64, in run
    raise ClientAppException(str(ex)) from ex
flwr.client.client_app.ClientAppException: 
Exception ClientAppException occurred. Message: num_samples should be a positive integer value, but got num_samples=0

[2026-07-20 14:23:04,177][flwr][ERROR] - [36mray::ClientAppActor.run()[39m (pid=12704, ip=127.0.0.1, actor_id=dd6f8c5f3d3af0332db7aea901000000, repr=<flwr.simulation.ray_transport.ray_actor.ClientAppActor object at 0x0000019083B57110>)
                  ^^^^^^^^^^^^^^^^^^^^^^^^^^^^^^^^^^^^^
  File "C:\Users\prana\OneDrive\Desktop\federated\.venv\Lib\site-packages\flwr\client\client_app.py", line 98, in __call__
    return self._call(message, context)
           ^^^^^^^^^^^^^^^^^^^^^^^^^^^^
  File "C:\Users\prana\OneDrive\Desktop\federated\.venv\Lib\site-packages\flwr\client\client_app.py", line 81, in ffn
    out_message = handle_legacy_message_from_msgtype(
                  ^^^^^^^^^^^^^^^^^^^^^^^^^^^^^^^^^^^
  File "C:\Users\prana\OneDrive\Desktop\federated\.venv\Lib\site-packages\flwr\client\message_handler\message_handler.py", line 96, in handle_legacy_message_from_msgtype
    client = client_fn(str(message.metadata.partition_id))
             ^^^^^^^^^^^^^^^^^^^^^^^^^^^^^^^^^^^^^^^^^^^^^
  File "C:\Users\prana\OneDrive\Desktop\federated\scripts\federated_simulation.py", line 44, in client_fn
    train_loader = data_module.train_dataloader()
                   ^^^^^^^^^^^^^^^^^^^^^^^^^^^^^^
  File "C:\Users\prana\OneDrive\Desktop\federated\app\datasets\loader.py", line 31, in train_dataloader
    return DataLoader(self.train_dataset, batch_size=self.batch_size, shuffle=True)
           ^^^^^^^^^^^^^^^^^^^^^^^^^^^^^^^^^^^^^^^^^^^^^^^^^^^^^^^^^^^^^^^^^^^^^^^^
  File "C:\Users\prana\OneDrive\Desktop\federated\.venv\Lib\site-packages\torch\utils\data\dataloader.py", line 401, in __init__
    sampler = RandomSampler(dataset, generator=generator)  # type: ignore[arg-type]
              ^^^^^^^^^^^^^^^^^^^^^^^^^^^^^^^^^^^^^^^^^^^
  File "C:\Users\prana\OneDrive\Desktop\federated\.venv\Lib\site-packages\torch\utils\data\sampler.py", line 149, in __init__
    raise ValueError(
ValueError: num_samples should be a positive integer value, but got num_samples=0

The above exception was the direct cause of the following exception:

[36mray::ClientAppActor.run()[39m (pid=12704, ip=127.0.0.1, actor_id=dd6f8c5f3d3af0332db7aea901000000, repr=<flwr.simulation.ray_transport.ray_actor.ClientAppActor object at 0x0000019083B57110>)
  File "python\\ray\\_raylet.pyx", line 1836, in ray._raylet.execute_task
  File "python\\ray\\_raylet.pyx", line 1947, in ray._raylet.execute_task
  File "python\\ray\\_raylet.pyx", line 1843, in ray._raylet.execute_task
  File "python\\ray\\_raylet.pyx", line 1786, in ray._raylet.execute_task.function_executor
  File "C:\Users\prana\OneDrive\Desktop\federated\.venv\Lib\site-packages\ray\_private\function_manager.py", line 740, in actor_method_executor
    return method(__ray_actor, *args, **kwargs)
           ^^^^^^^^^^^^^^^^^^^^^^^^^^^^^^^^^^^^
  File "C:\Users\prana\OneDrive\Desktop\federated\.venv\Lib\site-packages\ray\util\tracing\tracing_helper.py", line 487, in _resume_span
    return method(self, *_args, **_kwargs)
           ^^^^^^^^^^^^^^^^^^^^^^^^^^^^^^^
  File "C:\Users\prana\OneDrive\Desktop\federated\.venv\Lib\site-packages\flwr\simulation\ray_transport\ray_actor.py", line 64, in run
    raise ClientAppException(str(ex)) from ex
flwr.client.client_app.ClientAppException: 
Exception ClientAppException occurred. Message: num_samples should be a positive integer value, but got num_samples=0
[2026-07-20 14:23:04,196][flwr][INFO] - aggregate_evaluate: received 2 results and 1 failures
[2026-07-20 14:23:04,268][flwr][INFO] - 
[2026-07-20 14:23:04,268][flwr][INFO] - [SUMMARY]
[2026-07-20 14:23:04,268][flwr][INFO] - Run finished 3 round(s) in 14.18s
[2026-07-20 14:23:04,268][flwr][INFO] - 	History (loss, distributed):
[2026-07-20 14:23:04,268][flwr][INFO] - 		round 1: 0.5390264391899109
[2026-07-20 14:23:04,268][flwr][INFO] - 		round 2: 0.5390264391899109
[2026-07-20 14:23:04,268][flwr][INFO] - 		round 3: 0.5390264391899109
[2026-07-20 14:23:04,268][flwr][INFO] - 	History (metrics, distributed, evaluate):
[2026-07-20 14:23:04,268][flwr][INFO] - 	{'accuracy': [(1, 1.0), (2, 1.0), (3, 1.0)]}
[2026-07-20 14:23:04,269][flwr][INFO] - 
[2026-07-20 14:23:04,378][flwr][INFO] - Starting Flower simulation, config: num_rounds=3, no round_timeout
[2026-07-20 14:23:17,439][flwr][INFO] - Flower VCE: Ray initialized with resources: {'CPU': 16.0, 'node:__internal_head__': 1.0, 'node:127.0.0.1': 1.0, 'object_store_memory': 878573568.0, 'memory': 2050004992.0}
[2026-07-20 14:23:17,439][flwr][INFO] - Optimize your simulation with Flower VCE: https://flower.ai/docs/framework/how-to-run-simulations.html
[2026-07-20 14:23:17,439][flwr][INFO] - Flower VCE: Resources for each Virtual Client: {'num_cpus': 1, 'num_gpus': 0.0}
[2026-07-20 14:23:17,462][flwr][INFO] - Flower VCE: Creating VirtualClientEngineActorPool with 16 actors
[2026-07-20 14:23:17,462][flwr][INFO] - [INIT]
[2026-07-20 14:23:17,462][flwr][INFO] - Requesting initial parameters from one random client
[2026-07-20 14:23:27,016][flwr][INFO] - Received initial parameters from one random client
[2026-07-20 14:23:27,016][flwr][INFO] - Evaluating initial global parameters
[2026-07-20 14:23:27,016][flwr][INFO] - 
[2026-07-20 14:23:27,016][flwr][INFO] - [ROUND 1]
[2026-07-20 14:23:27,016][flwr][INFO] - configure_fit: strategy sampled 3 clients (out of 3)
[2026-07-20 14:23:27,596][flwr][ERROR] - Traceback (most recent call last):
  File "C:\Users\prana\OneDrive\Desktop\federated\.venv\Lib\site-packages\flwr\simulation\ray_transport\ray_client_proxy.py", line 73, in _submit_job
    out_mssg, updated_context = self.actor_pool.get_client_result(
                                ^^^^^^^^^^^^^^^^^^^^^^^^^^^^^^^^^^
  File "C:\Users\prana\OneDrive\Desktop\federated\.venv\Lib\site-packages\flwr\simulation\ray_transport\ray_actor.py", line 399, in get_client_result
    return self._fetch_future_result(cid)
           ^^^^^^^^^^^^^^^^^^^^^^^^^^^^^^
  File "C:\Users\prana\OneDrive\Desktop\federated\.venv\Lib\site-packages\flwr\simulation\ray_transport\ray_actor.py", line 280, in _fetch_future_result
    res_cid, out_mssg, updated_context = ray.get(
                                         ^^^^^^^^
  File "C:\Users\prana\OneDrive\Desktop\federated\.venv\Lib\site-packages\ray\_private\auto_init_hook.py", line 22, in auto_init_wrapper
    return fn(*args, **kwargs)
           ^^^^^^^^^^^^^^^^^^^
  File "C:\Users\prana\OneDrive\Desktop\federated\.venv\Lib\site-packages\ray\_private\client_mode_hook.py", line 110, in wrapper
    return func(*args, **kwargs)
           ^^^^^^^^^^^^^^^^^^^^^
  File "C:\Users\prana\OneDrive\Desktop\federated\.venv\Lib\site-packages\ray\_private\worker.py", line 2968, in get
    values, debugger_breakpoint = worker.get_objects(
                                  ^^^^^^^^^^^^^^^^^^^
  File "C:\Users\prana\OneDrive\Desktop\federated\.venv\Lib\site-packages\ray\_private\worker.py", line 1050, in get_objects
    raise value.as_instanceof_cause()
ray.exceptions.RayTaskError(ClientAppException): [36mray::ClientAppActor.run()[39m (pid=39472, ip=127.0.0.1, actor_id=57fb1270613446dbdd26bc3e01000000, repr=<flwr.simulation.ray_transport.ray_actor.ClientAppActor object at 0x000001E1E69A2E10>)
                  ^^^^^^^^^^^^^^^^^^^^^^^^^^^^^^^^^^^^^
  File "C:\Users\prana\OneDrive\Desktop\federated\.venv\Lib\site-packages\flwr\client\client_app.py", line 98, in __call__
    return self._call(message, context)
           ^^^^^^^^^^^^^^^^^^^^^^^^^^^^
  File "C:\Users\prana\OneDrive\Desktop\federated\.venv\Lib\site-packages\flwr\client\client_app.py", line 81, in ffn
    out_message = handle_legacy_message_from_msgtype(
                  ^^^^^^^^^^^^^^^^^^^^^^^^^^^^^^^^^^^
  File "C:\Users\prana\OneDrive\Desktop\federated\.venv\Lib\site-packages\flwr\client\message_handler\message_handler.py", line 130, in handle_legacy_message_from_msgtype
    fit_res = maybe_call_fit(
              ^^^^^^^^^^^^^^^
  File "C:\Users\prana\OneDrive\Desktop\federated\.venv\Lib\site-packages\flwr\client\client.py", line 234, in maybe_call_fit
    return client.fit(fit_ins)
           ^^^^^^^^^^^^^^^^^^^
  File "C:\Users\prana\OneDrive\Desktop\federated\.venv\Lib\site-packages\flwr\client\numpy_client.py", line 238, in _fit
    results = self.numpy_client.fit(parameters, ins.config)  # type: ignore
              ^^^^^^^^^^^^^^^^^^^^^^^^^^^^^^^^^^^^^^^^^^^^^
  File "C:\Users\prana\OneDrive\Desktop\federated\app\federated\client.py", line 52, in fit
    self.trainer.fit(self.train_loader, self.val_loader, epochs=self.epochs,
  File "C:\Users\prana\OneDrive\Desktop\federated\app\training\trainer.py", line 37, in fit
    train_logs = self._train_epoch(train_loader, epoch, proximal_mu, global_params)
                 ^^^^^^^^^^^^^^^^^^^^^^^^^^^^^^^^^^^^^^^^^^^^^^^^^^^^^^^^^^^^^^^^^^
  File "C:\Users\prana\OneDrive\Desktop\federated\app\training\trainer.py", line 83, in _train_epoch
    output = self.model(data)
             ^^^^^^^^^^^^^^^^
  File "C:\Users\prana\OneDrive\Desktop\federated\.venv\Lib\site-packages\torch\nn\modules\module.py", line 1778, in _wrapped_call_impl
    return self._call_impl(*args, **kwargs)
           ^^^^^^^^^^^^^^^^^^^^^^^^^^^^^^^^
  File "C:\Users\prana\OneDrive\Desktop\federated\.venv\Lib\site-packages\torch\nn\modules\module.py", line 1789, in _call_impl
    return forward_call(*args, **kwargs)
           ^^^^^^^^^^^^^^^^^^^^^^^^^^^^^
  File "C:\Users\prana\OneDrive\Desktop\federated\app\models\mlp.py", line 24, in forward
    return self.network(x)
           ^^^^^^^^^^^^^^^
  File "C:\Users\prana\OneDrive\Desktop\federated\.venv\Lib\site-packages\torch\nn\modules\module.py", line 1778, in _wrapped_call_impl
    return self._call_impl(*args, **kwargs)
           ^^^^^^^^^^^^^^^^^^^^^^^^^^^^^^^^
  File "C:\Users\prana\OneDrive\Desktop\federated\.venv\Lib\site-packages\torch\nn\modules\module.py", line 1789, in _call_impl
    return forward_call(*args, **kwargs)
           ^^^^^^^^^^^^^^^^^^^^^^^^^^^^^
  File "C:\Users\prana\OneDrive\Desktop\federated\.venv\Lib\site-packages\torch\nn\modules\container.py", line 253, in forward
    input = module(input)
            ^^^^^^^^^^^^^
  File "C:\Users\prana\OneDrive\Desktop\federated\.venv\Lib\site-packages\torch\nn\modules\module.py", line 1778, in _wrapped_call_impl
    return self._call_impl(*args, **kwargs)
           ^^^^^^^^^^^^^^^^^^^^^^^^^^^^^^^^
  File "C:\Users\prana\OneDrive\Desktop\federated\.venv\Lib\site-packages\torch\nn\modules\module.py", line 1789, in _call_impl
    return forward_call(*args, **kwargs)
           ^^^^^^^^^^^^^^^^^^^^^^^^^^^^^
  File "C:\Users\prana\OneDrive\Desktop\federated\.venv\Lib\site-packages\torch\nn\modules\batchnorm.py", line 210, in forward
    return F.batch_norm(
           ^^^^^^^^^^^^^
  File "C:\Users\prana\OneDrive\Desktop\federated\.venv\Lib\site-packages\torch\nn\functional.py", line 2889, in batch_norm
    _verify_batch_size(input.size())
  File "C:\Users\prana\OneDrive\Desktop\federated\.venv\Lib\site-packages\torch\nn\functional.py", line 2854, in _verify_batch_size
    raise ValueError(
ValueError: Expected more than 1 value per channel when training, got input size torch.Size([1, 128])

The above exception was the direct cause of the following exception:

[36mray::ClientAppActor.run()[39m (pid=39472, ip=127.0.0.1, actor_id=57fb1270613446dbdd26bc3e01000000, repr=<flwr.simulation.ray_transport.ray_actor.ClientAppActor object at 0x000001E1E69A2E10>)
  File "python\\ray\\_raylet.pyx", line 1836, in ray._raylet.execute_task
  File "python\\ray\\_raylet.pyx", line 1947, in ray._raylet.execute_task
  File "python\\ray\\_raylet.pyx", line 1843, in ray._raylet.execute_task
  File "python\\ray\\_raylet.pyx", line 1786, in ray._raylet.execute_task.function_executor
  File "C:\Users\prana\OneDrive\Desktop\federated\.venv\Lib\site-packages\ray\_private\function_manager.py", line 740, in actor_method_executor
    return method(__ray_actor, *args, **kwargs)
           ^^^^^^^^^^^^^^^^^^^^^^^^^^^^^^^^^^^^
  File "C:\Users\prana\OneDrive\Desktop\federated\.venv\Lib\site-packages\ray\util\tracing\tracing_helper.py", line 487, in _resume_span
    return method(self, *_args, **_kwargs)
           ^^^^^^^^^^^^^^^^^^^^^^^^^^^^^^^
  File "C:\Users\prana\OneDrive\Desktop\federated\.venv\Lib\site-packages\flwr\simulation\ray_transport\ray_actor.py", line 64, in run
    raise ClientAppException(str(ex)) from ex
flwr.client.client_app.ClientAppException: 
Exception ClientAppException occurred. Message: Expected more than 1 value per channel when training, got input size torch.Size([1, 128])

[2026-07-20 14:23:27,598][flwr][ERROR] - [36mray::ClientAppActor.run()[39m (pid=39472, ip=127.0.0.1, actor_id=57fb1270613446dbdd26bc3e01000000, repr=<flwr.simulation.ray_transport.ray_actor.ClientAppActor object at 0x000001E1E69A2E10>)
                  ^^^^^^^^^^^^^^^^^^^^^^^^^^^^^^^^^^^^^
  File "C:\Users\prana\OneDrive\Desktop\federated\.venv\Lib\site-packages\flwr\client\client_app.py", line 98, in __call__
    return self._call(message, context)
           ^^^^^^^^^^^^^^^^^^^^^^^^^^^^
  File "C:\Users\prana\OneDrive\Desktop\federated\.venv\Lib\site-packages\flwr\client\client_app.py", line 81, in ffn
    out_message = handle_legacy_message_from_msgtype(
                  ^^^^^^^^^^^^^^^^^^^^^^^^^^^^^^^^^^^
  File "C:\Users\prana\OneDrive\Desktop\federated\.venv\Lib\site-packages\flwr\client\message_handler\message_handler.py", line 130, in handle_legacy_message_from_msgtype
    fit_res = maybe_call_fit(
              ^^^^^^^^^^^^^^^
  File "C:\Users\prana\OneDrive\Desktop\federated\.venv\Lib\site-packages\flwr\client\client.py", line 234, in maybe_call_fit
    return client.fit(fit_ins)
           ^^^^^^^^^^^^^^^^^^^
  File "C:\Users\prana\OneDrive\Desktop\federated\.venv\Lib\site-packages\flwr\client\numpy_client.py", line 238, in _fit
    results = self.numpy_client.fit(parameters, ins.config)  # type: ignore
              ^^^^^^^^^^^^^^^^^^^^^^^^^^^^^^^^^^^^^^^^^^^^^
  File "C:\Users\prana\OneDrive\Desktop\federated\app\federated\client.py", line 52, in fit
    self.trainer.fit(self.train_loader, self.val_loader, epochs=self.epochs,
  File "C:\Users\prana\OneDrive\Desktop\federated\app\training\trainer.py", line 37, in fit
    train_logs = self._train_epoch(train_loader, epoch, proximal_mu, global_params)
                 ^^^^^^^^^^^^^^^^^^^^^^^^^^^^^^^^^^^^^^^^^^^^^^^^^^^^^^^^^^^^^^^^^^
  File "C:\Users\prana\OneDrive\Desktop\federated\app\training\trainer.py", line 83, in _train_epoch
    output = self.model(data)
             ^^^^^^^^^^^^^^^^
  File "C:\Users\prana\OneDrive\Desktop\federated\.venv\Lib\site-packages\torch\nn\modules\module.py", line 1778, in _wrapped_call_impl
    return self._call_impl(*args, **kwargs)
           ^^^^^^^^^^^^^^^^^^^^^^^^^^^^^^^^
  File "C:\Users\prana\OneDrive\Desktop\federated\.venv\Lib\site-packages\torch\nn\modules\module.py", line 1789, in _call_impl
    return forward_call(*args, **kwargs)
           ^^^^^^^^^^^^^^^^^^^^^^^^^^^^^
  File "C:\Users\prana\OneDrive\Desktop\federated\app\models\mlp.py", line 24, in forward
    return self.network(x)
           ^^^^^^^^^^^^^^^
  File "C:\Users\prana\OneDrive\Desktop\federated\.venv\Lib\site-packages\torch\nn\modules\module.py", line 1778, in _wrapped_call_impl
    return self._call_impl(*args, **kwargs)
           ^^^^^^^^^^^^^^^^^^^^^^^^^^^^^^^^
  File "C:\Users\prana\OneDrive\Desktop\federated\.venv\Lib\site-packages\torch\nn\modules\module.py", line 1789, in _call_impl
    return forward_call(*args, **kwargs)
           ^^^^^^^^^^^^^^^^^^^^^^^^^^^^^
  File "C:\Users\prana\OneDrive\Desktop\federated\.venv\Lib\site-packages\torch\nn\modules\container.py", line 253, in forward
    input = module(input)
            ^^^^^^^^^^^^^
  File "C:\Users\prana\OneDrive\Desktop\federated\.venv\Lib\site-packages\torch\nn\modules\module.py", line 1778, in _wrapped_call_impl
    return self._call_impl(*args, **kwargs)
           ^^^^^^^^^^^^^^^^^^^^^^^^^^^^^^^^
  File "C:\Users\prana\OneDrive\Desktop\federated\.venv\Lib\site-packages\torch\nn\modules\module.py", line 1789, in _call_impl
    return forward_call(*args, **kwargs)
           ^^^^^^^^^^^^^^^^^^^^^^^^^^^^^
  File "C:\Users\prana\OneDrive\Desktop\federated\.venv\Lib\site-packages\torch\nn\modules\batchnorm.py", line 210, in forward
    return F.batch_norm(
           ^^^^^^^^^^^^^
  File "C:\Users\prana\OneDrive\Desktop\federated\.venv\Lib\site-packages\torch\nn\functional.py", line 2889, in batch_norm
    _verify_batch_size(input.size())
  File "C:\Users\prana\OneDrive\Desktop\federated\.venv\Lib\site-packages\torch\nn\functional.py", line 2854, in _verify_batch_size
    raise ValueError(
ValueError: Expected more than 1 value per channel when training, got input size torch.Size([1, 128])

The above exception was the direct cause of the following exception:

[36mray::ClientAppActor.run()[39m (pid=39472, ip=127.0.0.1, actor_id=57fb1270613446dbdd26bc3e01000000, repr=<flwr.simulation.ray_transport.ray_actor.ClientAppActor object at 0x000001E1E69A2E10>)
  File "python\\ray\\_raylet.pyx", line 1836, in ray._raylet.execute_task
  File "python\\ray\\_raylet.pyx", line 1947, in ray._raylet.execute_task
  File "python\\ray\\_raylet.pyx", line 1843, in ray._raylet.execute_task
  File "python\\ray\\_raylet.pyx", line 1786, in ray._raylet.execute_task.function_executor
  File "C:\Users\prana\OneDrive\Desktop\federated\.venv\Lib\site-packages\ray\_private\function_manager.py", line 740, in actor_method_executor
    return method(__ray_actor, *args, **kwargs)
           ^^^^^^^^^^^^^^^^^^^^^^^^^^^^^^^^^^^^
  File "C:\Users\prana\OneDrive\Desktop\federated\.venv\Lib\site-packages\ray\util\tracing\tracing_helper.py", line 487, in _resume_span
    return method(self, *_args, **_kwargs)
           ^^^^^^^^^^^^^^^^^^^^^^^^^^^^^^^
  File "C:\Users\prana\OneDrive\Desktop\federated\.venv\Lib\site-packages\flwr\simulation\ray_transport\ray_actor.py", line 64, in run
    raise ClientAppException(str(ex)) from ex
flwr.client.client_app.ClientAppException: 
Exception ClientAppException occurred. Message: Expected more than 1 value per channel when training, got input size torch.Size([1, 128])
[2026-07-20 14:23:39,215][flwr][ERROR] - Traceback (most recent call last):
  File "C:\Users\prana\OneDrive\Desktop\federated\.venv\Lib\site-packages\flwr\simulation\ray_transport\ray_client_proxy.py", line 73, in _submit_job
    out_mssg, updated_context = self.actor_pool.get_client_result(
                                ^^^^^^^^^^^^^^^^^^^^^^^^^^^^^^^^^^
  File "C:\Users\prana\OneDrive\Desktop\federated\.venv\Lib\site-packages\flwr\simulation\ray_transport\ray_actor.py", line 399, in get_client_result
    return self._fetch_future_result(cid)
           ^^^^^^^^^^^^^^^^^^^^^^^^^^^^^^
  File "C:\Users\prana\OneDrive\Desktop\federated\.venv\Lib\site-packages\flwr\simulation\ray_transport\ray_actor.py", line 280, in _fetch_future_result
    res_cid, out_mssg, updated_context = ray.get(
                                         ^^^^^^^^
  File "C:\Users\prana\OneDrive\Desktop\federated\.venv\Lib\site-packages\ray\_private\auto_init_hook.py", line 22, in auto_init_wrapper
    return fn(*args, **kwargs)
           ^^^^^^^^^^^^^^^^^^^
  File "C:\Users\prana\OneDrive\Desktop\federated\.venv\Lib\site-packages\ray\_private\client_mode_hook.py", line 110, in wrapper
    return func(*args, **kwargs)
           ^^^^^^^^^^^^^^^^^^^^^
  File "C:\Users\prana\OneDrive\Desktop\federated\.venv\Lib\site-packages\ray\_private\worker.py", line 2968, in get
    values, debugger_breakpoint = worker.get_objects(
                                  ^^^^^^^^^^^^^^^^^^^
  File "C:\Users\prana\OneDrive\Desktop\federated\.venv\Lib\site-packages\ray\_private\worker.py", line 1050, in get_objects
    raise value.as_instanceof_cause()
ray.exceptions.RayTaskError(ClientAppException): [36mray::ClientAppActor.run()[39m (pid=15588, ip=127.0.0.1, actor_id=fc7a098498a145d7af55d45101000000, repr=<flwr.simulation.ray_transport.ray_actor.ClientAppActor object at 0x00000241B4F02B40>)
                  ^^^^^^^^^^^^^^^^^^^^^^^^^^^^^^^^^^^^^
  File "C:\Users\prana\OneDrive\Desktop\federated\.venv\Lib\site-packages\flwr\client\client_app.py", line 98, in __call__
    return self._call(message, context)
           ^^^^^^^^^^^^^^^^^^^^^^^^^^^^
  File "C:\Users\prana\OneDrive\Desktop\federated\.venv\Lib\site-packages\flwr\client\client_app.py", line 81, in ffn
    out_message = handle_legacy_message_from_msgtype(
                  ^^^^^^^^^^^^^^^^^^^^^^^^^^^^^^^^^^^
  File "C:\Users\prana\OneDrive\Desktop\federated\.venv\Lib\site-packages\flwr\client\message_handler\message_handler.py", line 96, in handle_legacy_message_from_msgtype
    client = client_fn(str(message.metadata.partition_id))
             ^^^^^^^^^^^^^^^^^^^^^^^^^^^^^^^^^^^^^^^^^^^^^
  File "C:\Users\prana\OneDrive\Desktop\federated\scripts\federated_simulation.py", line 44, in client_fn
    train_loader = data_module.train_dataloader()
                   ^^^^^^^^^^^^^^^^^^^^^^^^^^^^^^
  File "C:\Users\prana\OneDrive\Desktop\federated\app\datasets\loader.py", line 31, in train_dataloader
    return DataLoader(self.train_dataset, batch_size=self.batch_size, shuffle=True)
           ^^^^^^^^^^^^^^^^^^^^^^^^^^^^^^^^^^^^^^^^^^^^^^^^^^^^^^^^^^^^^^^^^^^^^^^^
  File "C:\Users\prana\OneDrive\Desktop\federated\.venv\Lib\site-packages\torch\utils\data\dataloader.py", line 401, in __init__
    sampler = RandomSampler(dataset, generator=generator)  # type: ignore[arg-type]
              ^^^^^^^^^^^^^^^^^^^^^^^^^^^^^^^^^^^^^^^^^^^
  File "C:\Users\prana\OneDrive\Desktop\federated\.venv\Lib\site-packages\torch\utils\data\sampler.py", line 149, in __init__
    raise ValueError(
ValueError: num_samples should be a positive integer value, but got num_samples=0

The above exception was the direct cause of the following exception:

[36mray::ClientAppActor.run()[39m (pid=15588, ip=127.0.0.1, actor_id=fc7a098498a145d7af55d45101000000, repr=<flwr.simulation.ray_transport.ray_actor.ClientAppActor object at 0x00000241B4F02B40>)
  File "python\\ray\\_raylet.pyx", line 1836, in ray._raylet.execute_task
  File "python\\ray\\_raylet.pyx", line 1947, in ray._raylet.execute_task
  File "python\\ray\\_raylet.pyx", line 1843, in ray._raylet.execute_task
  File "python\\ray\\_raylet.pyx", line 1786, in ray._raylet.execute_task.function_executor
  File "C:\Users\prana\OneDrive\Desktop\federated\.venv\Lib\site-packages\ray\_private\function_manager.py", line 740, in actor_method_executor
    return method(__ray_actor, *args, **kwargs)
           ^^^^^^^^^^^^^^^^^^^^^^^^^^^^^^^^^^^^
  File "C:\Users\prana\OneDrive\Desktop\federated\.venv\Lib\site-packages\ray\util\tracing\tracing_helper.py", line 487, in _resume_span
    return method(self, *_args, **_kwargs)
           ^^^^^^^^^^^^^^^^^^^^^^^^^^^^^^^
  File "C:\Users\prana\OneDrive\Desktop\federated\.venv\Lib\site-packages\flwr\simulation\ray_transport\ray_actor.py", line 64, in run
    raise ClientAppException(str(ex)) from ex
flwr.client.client_app.ClientAppException: 
Exception ClientAppException occurred. Message: num_samples should be a positive integer value, but got num_samples=0

[2026-07-20 14:23:39,217][flwr][ERROR] - [36mray::ClientAppActor.run()[39m (pid=15588, ip=127.0.0.1, actor_id=fc7a098498a145d7af55d45101000000, repr=<flwr.simulation.ray_transport.ray_actor.ClientAppActor object at 0x00000241B4F02B40>)
                  ^^^^^^^^^^^^^^^^^^^^^^^^^^^^^^^^^^^^^
  File "C:\Users\prana\OneDrive\Desktop\federated\.venv\Lib\site-packages\flwr\client\client_app.py", line 98, in __call__
    return self._call(message, context)
           ^^^^^^^^^^^^^^^^^^^^^^^^^^^^
  File "C:\Users\prana\OneDrive\Desktop\federated\.venv\Lib\site-packages\flwr\client\client_app.py", line 81, in ffn
    out_message = handle_legacy_message_from_msgtype(
                  ^^^^^^^^^^^^^^^^^^^^^^^^^^^^^^^^^^^
  File "C:\Users\prana\OneDrive\Desktop\federated\.venv\Lib\site-packages\flwr\client\message_handler\message_handler.py", line 96, in handle_legacy_message_from_msgtype
    client = client_fn(str(message.metadata.partition_id))
             ^^^^^^^^^^^^^^^^^^^^^^^^^^^^^^^^^^^^^^^^^^^^^
  File "C:\Users\prana\OneDrive\Desktop\federated\scripts\federated_simulation.py", line 44, in client_fn
    train_loader = data_module.train_dataloader()
                   ^^^^^^^^^^^^^^^^^^^^^^^^^^^^^^
  File "C:\Users\prana\OneDrive\Desktop\federated\app\datasets\loader.py", line 31, in train_dataloader
    return DataLoader(self.train_dataset, batch_size=self.batch_size, shuffle=True)
           ^^^^^^^^^^^^^^^^^^^^^^^^^^^^^^^^^^^^^^^^^^^^^^^^^^^^^^^^^^^^^^^^^^^^^^^^
  File "C:\Users\prana\OneDrive\Desktop\federated\.venv\Lib\site-packages\torch\utils\data\dataloader.py", line 401, in __init__
    sampler = RandomSampler(dataset, generator=generator)  # type: ignore[arg-type]
              ^^^^^^^^^^^^^^^^^^^^^^^^^^^^^^^^^^^^^^^^^^^
  File "C:\Users\prana\OneDrive\Desktop\federated\.venv\Lib\site-packages\torch\utils\data\sampler.py", line 149, in __init__
    raise ValueError(
ValueError: num_samples should be a positive integer value, but got num_samples=0

The above exception was the direct cause of the following exception:

[36mray::ClientAppActor.run()[39m (pid=15588, ip=127.0.0.1, actor_id=fc7a098498a145d7af55d45101000000, repr=<flwr.simulation.ray_transport.ray_actor.ClientAppActor object at 0x00000241B4F02B40>)
  File "python\\ray\\_raylet.pyx", line 1836, in ray._raylet.execute_task
  File "python\\ray\\_raylet.pyx", line 1947, in ray._raylet.execute_task
  File "python\\ray\\_raylet.pyx", line 1843, in ray._raylet.execute_task
  File "python\\ray\\_raylet.pyx", line 1786, in ray._raylet.execute_task.function_executor
  File "C:\Users\prana\OneDrive\Desktop\federated\.venv\Lib\site-packages\ray\_private\function_manager.py", line 740, in actor_method_executor
    return method(__ray_actor, *args, **kwargs)
           ^^^^^^^^^^^^^^^^^^^^^^^^^^^^^^^^^^^^
  File "C:\Users\prana\OneDrive\Desktop\federated\.venv\Lib\site-packages\ray\util\tracing\tracing_helper.py", line 487, in _resume_span
    return method(self, *_args, **_kwargs)
           ^^^^^^^^^^^^^^^^^^^^^^^^^^^^^^^
  File "C:\Users\prana\OneDrive\Desktop\federated\.venv\Lib\site-packages\flwr\simulation\ray_transport\ray_actor.py", line 64, in run
    raise ClientAppException(str(ex)) from ex
flwr.client.client_app.ClientAppException: 
Exception ClientAppException occurred. Message: num_samples should be a positive integer value, but got num_samples=0
[2026-07-20 14:23:43,870][flwr][ERROR] - Traceback (most recent call last):
  File "C:\Users\prana\OneDrive\Desktop\federated\.venv\Lib\site-packages\flwr\simulation\ray_transport\ray_client_proxy.py", line 73, in _submit_job
    out_mssg, updated_context = self.actor_pool.get_client_result(
                                ^^^^^^^^^^^^^^^^^^^^^^^^^^^^^^^^^^
  File "C:\Users\prana\OneDrive\Desktop\federated\.venv\Lib\site-packages\flwr\simulation\ray_transport\ray_actor.py", line 399, in get_client_result
    return self._fetch_future_result(cid)
           ^^^^^^^^^^^^^^^^^^^^^^^^^^^^^^
  File "C:\Users\prana\OneDrive\Desktop\federated\.venv\Lib\site-packages\flwr\simulation\ray_transport\ray_actor.py", line 280, in _fetch_future_result
    res_cid, out_mssg, updated_context = ray.get(
                                         ^^^^^^^^
  File "C:\Users\prana\OneDrive\Desktop\federated\.venv\Lib\site-packages\ray\_private\auto_init_hook.py", line 22, in auto_init_wrapper
    return fn(*args, **kwargs)
           ^^^^^^^^^^^^^^^^^^^
  File "C:\Users\prana\OneDrive\Desktop\federated\.venv\Lib\site-packages\ray\_private\client_mode_hook.py", line 110, in wrapper
    return func(*args, **kwargs)
           ^^^^^^^^^^^^^^^^^^^^^
  File "C:\Users\prana\OneDrive\Desktop\federated\.venv\Lib\site-packages\ray\_private\worker.py", line 2968, in get
    values, debugger_breakpoint = worker.get_objects(
                                  ^^^^^^^^^^^^^^^^^^^
  File "C:\Users\prana\OneDrive\Desktop\federated\.venv\Lib\site-packages\ray\_private\worker.py", line 1050, in get_objects
    raise value.as_instanceof_cause()
ray.exceptions.RayTaskError(ClientAppException): [36mray::ClientAppActor.run()[39m (pid=32740, ip=127.0.0.1, actor_id=75b7ecd4076d0d78771ec85301000000, repr=<flwr.simulation.ray_transport.ray_actor.ClientAppActor object at 0x0000016D502D6960>)
                  ^^^^^^^^^^^^^^^^^^^^^^^^^^^^^^^^^^^^^
  File "C:\Users\prana\OneDrive\Desktop\federated\.venv\Lib\site-packages\flwr\client\client_app.py", line 98, in __call__
    return self._call(message, context)
           ^^^^^^^^^^^^^^^^^^^^^^^^^^^^
  File "C:\Users\prana\OneDrive\Desktop\federated\.venv\Lib\site-packages\flwr\client\client_app.py", line 81, in ffn
    out_message = handle_legacy_message_from_msgtype(
                  ^^^^^^^^^^^^^^^^^^^^^^^^^^^^^^^^^^^
  File "C:\Users\prana\OneDrive\Desktop\federated\.venv\Lib\site-packages\flwr\client\message_handler\message_handler.py", line 130, in handle_legacy_message_from_msgtype
    fit_res = maybe_call_fit(
              ^^^^^^^^^^^^^^^
  File "C:\Users\prana\OneDrive\Desktop\federated\.venv\Lib\site-packages\flwr\client\client.py", line 234, in maybe_call_fit
    return client.fit(fit_ins)
           ^^^^^^^^^^^^^^^^^^^
  File "C:\Users\prana\OneDrive\Desktop\federated\.venv\Lib\site-packages\flwr\client\numpy_client.py", line 238, in _fit
    results = self.numpy_client.fit(parameters, ins.config)  # type: ignore
              ^^^^^^^^^^^^^^^^^^^^^^^^^^^^^^^^^^^^^^^^^^^^^
  File "C:\Users\prana\OneDrive\Desktop\federated\app\federated\client.py", line 52, in fit
    self.trainer.fit(self.train_loader, self.val_loader, epochs=self.epochs,
  File "C:\Users\prana\OneDrive\Desktop\federated\app\training\trainer.py", line 37, in fit
    train_logs = self._train_epoch(train_loader, epoch, proximal_mu, global_params)
                 ^^^^^^^^^^^^^^^^^^^^^^^^^^^^^^^^^^^^^^^^^^^^^^^^^^^^^^^^^^^^^^^^^^
  File "C:\Users\prana\OneDrive\Desktop\federated\app\training\trainer.py", line 83, in _train_epoch
    output = self.model(data)
             ^^^^^^^^^^^^^^^^
  File "C:\Users\prana\OneDrive\Desktop\federated\.venv\Lib\site-packages\torch\nn\modules\module.py", line 1778, in _wrapped_call_impl
    return self._call_impl(*args, **kwargs)
           ^^^^^^^^^^^^^^^^^^^^^^^^^^^^^^^^
  File "C:\Users\prana\OneDrive\Desktop\federated\.venv\Lib\site-packages\torch\nn\modules\module.py", line 1789, in _call_impl
    return forward_call(*args, **kwargs)
           ^^^^^^^^^^^^^^^^^^^^^^^^^^^^^
  File "C:\Users\prana\OneDrive\Desktop\federated\app\models\mlp.py", line 24, in forward
    return self.network(x)
           ^^^^^^^^^^^^^^^
  File "C:\Users\prana\OneDrive\Desktop\federated\.venv\Lib\site-packages\torch\nn\modules\module.py", line 1778, in _wrapped_call_impl
    return self._call_impl(*args, **kwargs)
           ^^^^^^^^^^^^^^^^^^^^^^^^^^^^^^^^
  File "C:\Users\prana\OneDrive\Desktop\federated\.venv\Lib\site-packages\torch\nn\modules\module.py", line 1789, in _call_impl
    return forward_call(*args, **kwargs)
           ^^^^^^^^^^^^^^^^^^^^^^^^^^^^^
  File "C:\Users\prana\OneDrive\Desktop\federated\.venv\Lib\site-packages\torch\nn\modules\container.py", line 253, in forward
    input = module(input)
            ^^^^^^^^^^^^^
  File "C:\Users\prana\OneDrive\Desktop\federated\.venv\Lib\site-packages\torch\nn\modules\module.py", line 1778, in _wrapped_call_impl
    return self._call_impl(*args, **kwargs)
           ^^^^^^^^^^^^^^^^^^^^^^^^^^^^^^^^
  File "C:\Users\prana\OneDrive\Desktop\federated\.venv\Lib\site-packages\torch\nn\modules\module.py", line 1789, in _call_impl
    return forward_call(*args, **kwargs)
           ^^^^^^^^^^^^^^^^^^^^^^^^^^^^^
  File "C:\Users\prana\OneDrive\Desktop\federated\.venv\Lib\site-packages\torch\nn\modules\batchnorm.py", line 210, in forward
    return F.batch_norm(
           ^^^^^^^^^^^^^
  File "C:\Users\prana\OneDrive\Desktop\federated\.venv\Lib\site-packages\torch\nn\functional.py", line 2889, in batch_norm
    _verify_batch_size(input.size())
  File "C:\Users\prana\OneDrive\Desktop\federated\.venv\Lib\site-packages\torch\nn\functional.py", line 2854, in _verify_batch_size
    raise ValueError(
ValueError: Expected more than 1 value per channel when training, got input size torch.Size([1, 128])

The above exception was the direct cause of the following exception:

[36mray::ClientAppActor.run()[39m (pid=32740, ip=127.0.0.1, actor_id=75b7ecd4076d0d78771ec85301000000, repr=<flwr.simulation.ray_transport.ray_actor.ClientAppActor object at 0x0000016D502D6960>)
  File "python\\ray\\_raylet.pyx", line 1836, in ray._raylet.execute_task
  File "python\\ray\\_raylet.pyx", line 1947, in ray._raylet.execute_task
  File "python\\ray\\_raylet.pyx", line 1843, in ray._raylet.execute_task
  File "python\\ray\\_raylet.pyx", line 1786, in ray._raylet.execute_task.function_executor
  File "C:\Users\prana\OneDrive\Desktop\federated\.venv\Lib\site-packages\ray\_private\function_manager.py", line 740, in actor_method_executor
    return method(__ray_actor, *args, **kwargs)
           ^^^^^^^^^^^^^^^^^^^^^^^^^^^^^^^^^^^^
  File "C:\Users\prana\OneDrive\Desktop\federated\.venv\Lib\site-packages\ray\util\tracing\tracing_helper.py", line 487, in _resume_span
    return method(self, *_args, **_kwargs)
           ^^^^^^^^^^^^^^^^^^^^^^^^^^^^^^^
  File "C:\Users\prana\OneDrive\Desktop\federated\.venv\Lib\site-packages\flwr\simulation\ray_transport\ray_actor.py", line 64, in run
    raise ClientAppException(str(ex)) from ex
flwr.client.client_app.ClientAppException: 
Exception ClientAppException occurred. Message: Expected more than 1 value per channel when training, got input size torch.Size([1, 128])

[2026-07-20 14:23:43,870][flwr][ERROR] - [36mray::ClientAppActor.run()[39m (pid=32740, ip=127.0.0.1, actor_id=75b7ecd4076d0d78771ec85301000000, repr=<flwr.simulation.ray_transport.ray_actor.ClientAppActor object at 0x0000016D502D6960>)
                  ^^^^^^^^^^^^^^^^^^^^^^^^^^^^^^^^^^^^^
  File "C:\Users\prana\OneDrive\Desktop\federated\.venv\Lib\site-packages\flwr\client\client_app.py", line 98, in __call__
    return self._call(message, context)
           ^^^^^^^^^^^^^^^^^^^^^^^^^^^^
  File "C:\Users\prana\OneDrive\Desktop\federated\.venv\Lib\site-packages\flwr\client\client_app.py", line 81, in ffn
    out_message = handle_legacy_message_from_msgtype(
                  ^^^^^^^^^^^^^^^^^^^^^^^^^^^^^^^^^^^
  File "C:\Users\prana\OneDrive\Desktop\federated\.venv\Lib\site-packages\flwr\client\message_handler\message_handler.py", line 130, in handle_legacy_message_from_msgtype
    fit_res = maybe_call_fit(
              ^^^^^^^^^^^^^^^
  File "C:\Users\prana\OneDrive\Desktop\federated\.venv\Lib\site-packages\flwr\client\client.py", line 234, in maybe_call_fit
    return client.fit(fit_ins)
           ^^^^^^^^^^^^^^^^^^^
  File "C:\Users\prana\OneDrive\Desktop\federated\.venv\Lib\site-packages\flwr\client\numpy_client.py", line 238, in _fit
    results = self.numpy_client.fit(parameters, ins.config)  # type: ignore
              ^^^^^^^^^^^^^^^^^^^^^^^^^^^^^^^^^^^^^^^^^^^^^
  File "C:\Users\prana\OneDrive\Desktop\federated\app\federated\client.py", line 52, in fit
    self.trainer.fit(self.train_loader, self.val_loader, epochs=self.epochs,
  File "C:\Users\prana\OneDrive\Desktop\federated\app\training\trainer.py", line 37, in fit
    train_logs = self._train_epoch(train_loader, epoch, proximal_mu, global_params)
                 ^^^^^^^^^^^^^^^^^^^^^^^^^^^^^^^^^^^^^^^^^^^^^^^^^^^^^^^^^^^^^^^^^^
  File "C:\Users\prana\OneDrive\Desktop\federated\app\training\trainer.py", line 83, in _train_epoch
    output = self.model(data)
             ^^^^^^^^^^^^^^^^
  File "C:\Users\prana\OneDrive\Desktop\federated\.venv\Lib\site-packages\torch\nn\modules\module.py", line 1778, in _wrapped_call_impl
    return self._call_impl(*args, **kwargs)
           ^^^^^^^^^^^^^^^^^^^^^^^^^^^^^^^^
  File "C:\Users\prana\OneDrive\Desktop\federated\.venv\Lib\site-packages\torch\nn\modules\module.py", line 1789, in _call_impl
    return forward_call(*args, **kwargs)
           ^^^^^^^^^^^^^^^^^^^^^^^^^^^^^
  File "C:\Users\prana\OneDrive\Desktop\federated\app\models\mlp.py", line 24, in forward
    return self.network(x)
           ^^^^^^^^^^^^^^^
  File "C:\Users\prana\OneDrive\Desktop\federated\.venv\Lib\site-packages\torch\nn\modules\module.py", line 1778, in _wrapped_call_impl
    return self._call_impl(*args, **kwargs)
           ^^^^^^^^^^^^^^^^^^^^^^^^^^^^^^^^
  File "C:\Users\prana\OneDrive\Desktop\federated\.venv\Lib\site-packages\torch\nn\modules\module.py", line 1789, in _call_impl
    return forward_call(*args, **kwargs)
           ^^^^^^^^^^^^^^^^^^^^^^^^^^^^^
  File "C:\Users\prana\OneDrive\Desktop\federated\.venv\Lib\site-packages\torch\nn\modules\container.py", line 253, in forward
    input = module(input)
            ^^^^^^^^^^^^^
  File "C:\Users\prana\OneDrive\Desktop\federated\.venv\Lib\site-packages\torch\nn\modules\module.py", line 1778, in _wrapped_call_impl
    return self._call_impl(*args, **kwargs)
           ^^^^^^^^^^^^^^^^^^^^^^^^^^^^^^^^
  File "C:\Users\prana\OneDrive\Desktop\federated\.venv\Lib\site-packages\torch\nn\modules\module.py", line 1789, in _call_impl
    return forward_call(*args, **kwargs)
           ^^^^^^^^^^^^^^^^^^^^^^^^^^^^^
  File "C:\Users\prana\OneDrive\Desktop\federated\.venv\Lib\site-packages\torch\nn\modules\batchnorm.py", line 210, in forward
    return F.batch_norm(
           ^^^^^^^^^^^^^
  File "C:\Users\prana\OneDrive\Desktop\federated\.venv\Lib\site-packages\torch\nn\functional.py", line 2889, in batch_norm
    _verify_batch_size(input.size())
  File "C:\Users\prana\OneDrive\Desktop\federated\.venv\Lib\site-packages\torch\nn\functional.py", line 2854, in _verify_batch_size
    raise ValueError(
ValueError: Expected more than 1 value per channel when training, got input size torch.Size([1, 128])

The above exception was the direct cause of the following exception:

[36mray::ClientAppActor.run()[39m (pid=32740, ip=127.0.0.1, actor_id=75b7ecd4076d0d78771ec85301000000, repr=<flwr.simulation.ray_transport.ray_actor.ClientAppActor object at 0x0000016D502D6960>)
  File "python\\ray\\_raylet.pyx", line 1836, in ray._raylet.execute_task
  File "python\\ray\\_raylet.pyx", line 1947, in ray._raylet.execute_task
  File "python\\ray\\_raylet.pyx", line 1843, in ray._raylet.execute_task
  File "python\\ray\\_raylet.pyx", line 1786, in ray._raylet.execute_task.function_executor
  File "C:\Users\prana\OneDrive\Desktop\federated\.venv\Lib\site-packages\ray\_private\function_manager.py", line 740, in actor_method_executor
    return method(__ray_actor, *args, **kwargs)
           ^^^^^^^^^^^^^^^^^^^^^^^^^^^^^^^^^^^^
  File "C:\Users\prana\OneDrive\Desktop\federated\.venv\Lib\site-packages\ray\util\tracing\tracing_helper.py", line 487, in _resume_span
    return method(self, *_args, **_kwargs)
           ^^^^^^^^^^^^^^^^^^^^^^^^^^^^^^^
  File "C:\Users\prana\OneDrive\Desktop\federated\.venv\Lib\site-packages\flwr\simulation\ray_transport\ray_actor.py", line 64, in run
    raise ClientAppException(str(ex)) from ex
flwr.client.client_app.ClientAppException: 
Exception ClientAppException occurred. Message: Expected more than 1 value per channel when training, got input size torch.Size([1, 128])
[2026-07-20 14:23:43,874][flwr][INFO] - aggregate_fit: received 0 results and 3 failures
[2026-07-20 14:23:43,874][flwr][INFO] - configure_evaluate: strategy sampled 3 clients (out of 3)
[2026-07-20 14:23:43,904][flwr][ERROR] - Traceback (most recent call last):
  File "C:\Users\prana\OneDrive\Desktop\federated\.venv\Lib\site-packages\flwr\simulation\ray_transport\ray_client_proxy.py", line 73, in _submit_job
    out_mssg, updated_context = self.actor_pool.get_client_result(
                                ^^^^^^^^^^^^^^^^^^^^^^^^^^^^^^^^^^
  File "C:\Users\prana\OneDrive\Desktop\federated\.venv\Lib\site-packages\flwr\simulation\ray_transport\ray_actor.py", line 399, in get_client_result
    return self._fetch_future_result(cid)
           ^^^^^^^^^^^^^^^^^^^^^^^^^^^^^^
  File "C:\Users\prana\OneDrive\Desktop\federated\.venv\Lib\site-packages\flwr\simulation\ray_transport\ray_actor.py", line 280, in _fetch_future_result
    res_cid, out_mssg, updated_context = ray.get(
                                         ^^^^^^^^
  File "C:\Users\prana\OneDrive\Desktop\federated\.venv\Lib\site-packages\ray\_private\auto_init_hook.py", line 22, in auto_init_wrapper
    return fn(*args, **kwargs)
           ^^^^^^^^^^^^^^^^^^^
  File "C:\Users\prana\OneDrive\Desktop\federated\.venv\Lib\site-packages\ray\_private\client_mode_hook.py", line 110, in wrapper
    return func(*args, **kwargs)
           ^^^^^^^^^^^^^^^^^^^^^
  File "C:\Users\prana\OneDrive\Desktop\federated\.venv\Lib\site-packages\ray\_private\worker.py", line 2968, in get
    values, debugger_breakpoint = worker.get_objects(
                                  ^^^^^^^^^^^^^^^^^^^
  File "C:\Users\prana\OneDrive\Desktop\federated\.venv\Lib\site-packages\ray\_private\worker.py", line 1050, in get_objects
    raise value.as_instanceof_cause()
ray.exceptions.RayTaskError(ClientAppException): [36mray::ClientAppActor.run()[39m (pid=32740, ip=127.0.0.1, actor_id=75b7ecd4076d0d78771ec85301000000, repr=<flwr.simulation.ray_transport.ray_actor.ClientAppActor object at 0x0000016D502D6960>)
                  ^^^^^^^^^^^^^^^^^^^^^^^^^^^^^^^^^^^^^
  File "C:\Users\prana\OneDrive\Desktop\federated\.venv\Lib\site-packages\flwr\client\client_app.py", line 98, in __call__
    return self._call(message, context)
           ^^^^^^^^^^^^^^^^^^^^^^^^^^^^
  File "C:\Users\prana\OneDrive\Desktop\federated\.venv\Lib\site-packages\flwr\client\client_app.py", line 81, in ffn
    out_message = handle_legacy_message_from_msgtype(
                  ^^^^^^^^^^^^^^^^^^^^^^^^^^^^^^^^^^^
  File "C:\Users\prana\OneDrive\Desktop\federated\.venv\Lib\site-packages\flwr\client\message_handler\message_handler.py", line 96, in handle_legacy_message_from_msgtype
    client = client_fn(str(message.metadata.partition_id))
             ^^^^^^^^^^^^^^^^^^^^^^^^^^^^^^^^^^^^^^^^^^^^^
  File "C:\Users\prana\OneDrive\Desktop\federated\scripts\federated_simulation.py", line 44, in client_fn
    train_loader = data_module.train_dataloader()
                   ^^^^^^^^^^^^^^^^^^^^^^^^^^^^^^
  File "C:\Users\prana\OneDrive\Desktop\federated\app\datasets\loader.py", line 31, in train_dataloader
    return DataLoader(self.train_dataset, batch_size=self.batch_size, shuffle=True)
           ^^^^^^^^^^^^^^^^^^^^^^^^^^^^^^^^^^^^^^^^^^^^^^^^^^^^^^^^^^^^^^^^^^^^^^^^
  File "C:\Users\prana\OneDrive\Desktop\federated\.venv\Lib\site-packages\torch\utils\data\dataloader.py", line 401, in __init__
    sampler = RandomSampler(dataset, generator=generator)  # type: ignore[arg-type]
              ^^^^^^^^^^^^^^^^^^^^^^^^^^^^^^^^^^^^^^^^^^^
  File "C:\Users\prana\OneDrive\Desktop\federated\.venv\Lib\site-packages\torch\utils\data\sampler.py", line 149, in __init__
    raise ValueError(
ValueError: num_samples should be a positive integer value, but got num_samples=0

The above exception was the direct cause of the following exception:

[36mray::ClientAppActor.run()[39m (pid=32740, ip=127.0.0.1, actor_id=75b7ecd4076d0d78771ec85301000000, repr=<flwr.simulation.ray_transport.ray_actor.ClientAppActor object at 0x0000016D502D6960>)
  File "python\\ray\\_raylet.pyx", line 1836, in ray._raylet.execute_task
  File "python\\ray\\_raylet.pyx", line 1947, in ray._raylet.execute_task
  File "python\\ray\\_raylet.pyx", line 1843, in ray._raylet.execute_task
  File "python\\ray\\_raylet.pyx", line 1786, in ray._raylet.execute_task.function_executor
  File "C:\Users\prana\OneDrive\Desktop\federated\.venv\Lib\site-packages\ray\_private\function_manager.py", line 740, in actor_method_executor
    return method(__ray_actor, *args, **kwargs)
           ^^^^^^^^^^^^^^^^^^^^^^^^^^^^^^^^^^^^
  File "C:\Users\prana\OneDrive\Desktop\federated\.venv\Lib\site-packages\ray\util\tracing\tracing_helper.py", line 487, in _resume_span
    return method(self, *_args, **_kwargs)
           ^^^^^^^^^^^^^^^^^^^^^^^^^^^^^^^
  File "C:\Users\prana\OneDrive\Desktop\federated\.venv\Lib\site-packages\flwr\simulation\ray_transport\ray_actor.py", line 64, in run
    raise ClientAppException(str(ex)) from ex
flwr.client.client_app.ClientAppException: 
Exception ClientAppException occurred. Message: num_samples should be a positive integer value, but got num_samples=0

[2026-07-20 14:23:43,906][flwr][ERROR] - [36mray::ClientAppActor.run()[39m (pid=32740, ip=127.0.0.1, actor_id=75b7ecd4076d0d78771ec85301000000, repr=<flwr.simulation.ray_transport.ray_actor.ClientAppActor object at 0x0000016D502D6960>)
                  ^^^^^^^^^^^^^^^^^^^^^^^^^^^^^^^^^^^^^
  File "C:\Users\prana\OneDrive\Desktop\federated\.venv\Lib\site-packages\flwr\client\client_app.py", line 98, in __call__
    return self._call(message, context)
           ^^^^^^^^^^^^^^^^^^^^^^^^^^^^
  File "C:\Users\prana\OneDrive\Desktop\federated\.venv\Lib\site-packages\flwr\client\client_app.py", line 81, in ffn
    out_message = handle_legacy_message_from_msgtype(
                  ^^^^^^^^^^^^^^^^^^^^^^^^^^^^^^^^^^^
  File "C:\Users\prana\OneDrive\Desktop\federated\.venv\Lib\site-packages\flwr\client\message_handler\message_handler.py", line 96, in handle_legacy_message_from_msgtype
    client = client_fn(str(message.metadata.partition_id))
             ^^^^^^^^^^^^^^^^^^^^^^^^^^^^^^^^^^^^^^^^^^^^^
  File "C:\Users\prana\OneDrive\Desktop\federated\scripts\federated_simulation.py", line 44, in client_fn
    train_loader = data_module.train_dataloader()
                   ^^^^^^^^^^^^^^^^^^^^^^^^^^^^^^
  File "C:\Users\prana\OneDrive\Desktop\federated\app\datasets\loader.py", line 31, in train_dataloader
    return DataLoader(self.train_dataset, batch_size=self.batch_size, shuffle=True)
           ^^^^^^^^^^^^^^^^^^^^^^^^^^^^^^^^^^^^^^^^^^^^^^^^^^^^^^^^^^^^^^^^^^^^^^^^
  File "C:\Users\prana\OneDrive\Desktop\federated\.venv\Lib\site-packages\torch\utils\data\dataloader.py", line 401, in __init__
    sampler = RandomSampler(dataset, generator=generator)  # type: ignore[arg-type]
              ^^^^^^^^^^^^^^^^^^^^^^^^^^^^^^^^^^^^^^^^^^^
  File "C:\Users\prana\OneDrive\Desktop\federated\.venv\Lib\site-packages\torch\utils\data\sampler.py", line 149, in __init__
    raise ValueError(
ValueError: num_samples should be a positive integer value, but got num_samples=0

The above exception was the direct cause of the following exception:

[36mray::ClientAppActor.run()[39m (pid=32740, ip=127.0.0.1, actor_id=75b7ecd4076d0d78771ec85301000000, repr=<flwr.simulation.ray_transport.ray_actor.ClientAppActor object at 0x0000016D502D6960>)
  File "python\\ray\\_raylet.pyx", line 1836, in ray._raylet.execute_task
  File "python\\ray\\_raylet.pyx", line 1947, in ray._raylet.execute_task
  File "python\\ray\\_raylet.pyx", line 1843, in ray._raylet.execute_task
  File "python\\ray\\_raylet.pyx", line 1786, in ray._raylet.execute_task.function_executor
  File "C:\Users\prana\OneDrive\Desktop\federated\.venv\Lib\site-packages\ray\_private\function_manager.py", line 740, in actor_method_executor
    return method(__ray_actor, *args, **kwargs)
           ^^^^^^^^^^^^^^^^^^^^^^^^^^^^^^^^^^^^
  File "C:\Users\prana\OneDrive\Desktop\federated\.venv\Lib\site-packages\ray\util\tracing\tracing_helper.py", line 487, in _resume_span
    return method(self, *_args, **_kwargs)
           ^^^^^^^^^^^^^^^^^^^^^^^^^^^^^^^
  File "C:\Users\prana\OneDrive\Desktop\federated\.venv\Lib\site-packages\flwr\simulation\ray_transport\ray_actor.py", line 64, in run
    raise ClientAppException(str(ex)) from ex
flwr.client.client_app.ClientAppException: 
Exception ClientAppException occurred. Message: num_samples should be a positive integer value, but got num_samples=0
[2026-07-20 14:23:46,649][flwr][INFO] - aggregate_evaluate: received 2 results and 1 failures
[2026-07-20 14:23:46,679][flwr][INFO] - 
[2026-07-20 14:23:46,679][flwr][INFO] - [ROUND 2]
[2026-07-20 14:23:46,680][flwr][INFO] - configure_fit: strategy sampled 3 clients (out of 3)
[2026-07-20 14:23:46,701][flwr][ERROR] - Traceback (most recent call last):
  File "C:\Users\prana\OneDrive\Desktop\federated\.venv\Lib\site-packages\flwr\simulation\ray_transport\ray_client_proxy.py", line 73, in _submit_job
    out_mssg, updated_context = self.actor_pool.get_client_result(
                                ^^^^^^^^^^^^^^^^^^^^^^^^^^^^^^^^^^
  File "C:\Users\prana\OneDrive\Desktop\federated\.venv\Lib\site-packages\flwr\simulation\ray_transport\ray_actor.py", line 399, in get_client_result
    return self._fetch_future_result(cid)
           ^^^^^^^^^^^^^^^^^^^^^^^^^^^^^^
  File "C:\Users\prana\OneDrive\Desktop\federated\.venv\Lib\site-packages\flwr\simulation\ray_transport\ray_actor.py", line 280, in _fetch_future_result
    res_cid, out_mssg, updated_context = ray.get(
                                         ^^^^^^^^
  File "C:\Users\prana\OneDrive\Desktop\federated\.venv\Lib\site-packages\ray\_private\auto_init_hook.py", line 22, in auto_init_wrapper
    return fn(*args, **kwargs)
           ^^^^^^^^^^^^^^^^^^^
  File "C:\Users\prana\OneDrive\Desktop\federated\.venv\Lib\site-packages\ray\_private\client_mode_hook.py", line 110, in wrapper
    return func(*args, **kwargs)
           ^^^^^^^^^^^^^^^^^^^^^
  File "C:\Users\prana\OneDrive\Desktop\federated\.venv\Lib\site-packages\ray\_private\worker.py", line 2968, in get
    values, debugger_breakpoint = worker.get_objects(
                                  ^^^^^^^^^^^^^^^^^^^
  File "C:\Users\prana\OneDrive\Desktop\federated\.venv\Lib\site-packages\ray\_private\worker.py", line 1050, in get_objects
    raise value.as_instanceof_cause()
ray.exceptions.RayTaskError(ClientAppException): [36mray::ClientAppActor.run()[39m (pid=15588, ip=127.0.0.1, actor_id=fc7a098498a145d7af55d45101000000, repr=<flwr.simulation.ray_transport.ray_actor.ClientAppActor object at 0x00000241B4F02B40>)
                  ^^^^^^^^^^^^^^^^^^^^^^^^^^^^^^^^^^^^^
  File "C:\Users\prana\OneDrive\Desktop\federated\.venv\Lib\site-packages\flwr\client\client_app.py", line 98, in __call__
    return self._call(message, context)
           ^^^^^^^^^^^^^^^^^^^^^^^^^^^^
  File "C:\Users\prana\OneDrive\Desktop\federated\.venv\Lib\site-packages\flwr\client\client_app.py", line 81, in ffn
    out_message = handle_legacy_message_from_msgtype(
                  ^^^^^^^^^^^^^^^^^^^^^^^^^^^^^^^^^^^
  File "C:\Users\prana\OneDrive\Desktop\federated\.venv\Lib\site-packages\flwr\client\message_handler\message_handler.py", line 96, in handle_legacy_message_from_msgtype
    client = client_fn(str(message.metadata.partition_id))
             ^^^^^^^^^^^^^^^^^^^^^^^^^^^^^^^^^^^^^^^^^^^^^
  File "C:\Users\prana\OneDrive\Desktop\federated\scripts\federated_simulation.py", line 44, in client_fn
    train_loader = data_module.train_dataloader()
                   ^^^^^^^^^^^^^^^^^^^^^^^^^^^^^^
  File "C:\Users\prana\OneDrive\Desktop\federated\app\datasets\loader.py", line 31, in train_dataloader
    return DataLoader(self.train_dataset, batch_size=self.batch_size, shuffle=True)
           ^^^^^^^^^^^^^^^^^^^^^^^^^^^^^^^^^^^^^^^^^^^^^^^^^^^^^^^^^^^^^^^^^^^^^^^^
  File "C:\Users\prana\OneDrive\Desktop\federated\.venv\Lib\site-packages\torch\utils\data\dataloader.py", line 401, in __init__
    sampler = RandomSampler(dataset, generator=generator)  # type: ignore[arg-type]
              ^^^^^^^^^^^^^^^^^^^^^^^^^^^^^^^^^^^^^^^^^^^
  File "C:\Users\prana\OneDrive\Desktop\federated\.venv\Lib\site-packages\torch\utils\data\sampler.py", line 149, in __init__
    raise ValueError(
ValueError: num_samples should be a positive integer value, but got num_samples=0

The above exception was the direct cause of the following exception:

[36mray::ClientAppActor.run()[39m (pid=15588, ip=127.0.0.1, actor_id=fc7a098498a145d7af55d45101000000, repr=<flwr.simulation.ray_transport.ray_actor.ClientAppActor object at 0x00000241B4F02B40>)
  File "python\\ray\\_raylet.pyx", line 1836, in ray._raylet.execute_task
  File "python\\ray\\_raylet.pyx", line 1947, in ray._raylet.execute_task
  File "python\\ray\\_raylet.pyx", line 1843, in ray._raylet.execute_task
  File "python\\ray\\_raylet.pyx", line 1786, in ray._raylet.execute_task.function_executor
  File "C:\Users\prana\OneDrive\Desktop\federated\.venv\Lib\site-packages\ray\_private\function_manager.py", line 740, in actor_method_executor
    return method(__ray_actor, *args, **kwargs)
           ^^^^^^^^^^^^^^^^^^^^^^^^^^^^^^^^^^^^
  File "C:\Users\prana\OneDrive\Desktop\federated\.venv\Lib\site-packages\ray\util\tracing\tracing_helper.py", line 487, in _resume_span
    return method(self, *_args, **_kwargs)
           ^^^^^^^^^^^^^^^^^^^^^^^^^^^^^^^
  File "C:\Users\prana\OneDrive\Desktop\federated\.venv\Lib\site-packages\flwr\simulation\ray_transport\ray_actor.py", line 64, in run
    raise ClientAppException(str(ex)) from ex
flwr.client.client_app.ClientAppException: 
Exception ClientAppException occurred. Message: num_samples should be a positive integer value, but got num_samples=0

[2026-07-20 14:23:46,703][flwr][ERROR] - [36mray::ClientAppActor.run()[39m (pid=15588, ip=127.0.0.1, actor_id=fc7a098498a145d7af55d45101000000, repr=<flwr.simulation.ray_transport.ray_actor.ClientAppActor object at 0x00000241B4F02B40>)
                  ^^^^^^^^^^^^^^^^^^^^^^^^^^^^^^^^^^^^^
  File "C:\Users\prana\OneDrive\Desktop\federated\.venv\Lib\site-packages\flwr\client\client_app.py", line 98, in __call__
    return self._call(message, context)
           ^^^^^^^^^^^^^^^^^^^^^^^^^^^^
  File "C:\Users\prana\OneDrive\Desktop\federated\.venv\Lib\site-packages\flwr\client\client_app.py", line 81, in ffn
    out_message = handle_legacy_message_from_msgtype(
                  ^^^^^^^^^^^^^^^^^^^^^^^^^^^^^^^^^^^
  File "C:\Users\prana\OneDrive\Desktop\federated\.venv\Lib\site-packages\flwr\client\message_handler\message_handler.py", line 96, in handle_legacy_message_from_msgtype
    client = client_fn(str(message.metadata.partition_id))
             ^^^^^^^^^^^^^^^^^^^^^^^^^^^^^^^^^^^^^^^^^^^^^
  File "C:\Users\prana\OneDrive\Desktop\federated\scripts\federated_simulation.py", line 44, in client_fn
    train_loader = data_module.train_dataloader()
                   ^^^^^^^^^^^^^^^^^^^^^^^^^^^^^^
  File "C:\Users\prana\OneDrive\Desktop\federated\app\datasets\loader.py", line 31, in train_dataloader
    return DataLoader(self.train_dataset, batch_size=self.batch_size, shuffle=True)
           ^^^^^^^^^^^^^^^^^^^^^^^^^^^^^^^^^^^^^^^^^^^^^^^^^^^^^^^^^^^^^^^^^^^^^^^^
  File "C:\Users\prana\OneDrive\Desktop\federated\.venv\Lib\site-packages\torch\utils\data\dataloader.py", line 401, in __init__
    sampler = RandomSampler(dataset, generator=generator)  # type: ignore[arg-type]
              ^^^^^^^^^^^^^^^^^^^^^^^^^^^^^^^^^^^^^^^^^^^
  File "C:\Users\prana\OneDrive\Desktop\federated\.venv\Lib\site-packages\torch\utils\data\sampler.py", line 149, in __init__
    raise ValueError(
ValueError: num_samples should be a positive integer value, but got num_samples=0

The above exception was the direct cause of the following exception:

[36mray::ClientAppActor.run()[39m (pid=15588, ip=127.0.0.1, actor_id=fc7a098498a145d7af55d45101000000, repr=<flwr.simulation.ray_transport.ray_actor.ClientAppActor object at 0x00000241B4F02B40>)
  File "python\\ray\\_raylet.pyx", line 1836, in ray._raylet.execute_task
  File "python\\ray\\_raylet.pyx", line 1947, in ray._raylet.execute_task
  File "python\\ray\\_raylet.pyx", line 1843, in ray._raylet.execute_task
  File "python\\ray\\_raylet.pyx", line 1786, in ray._raylet.execute_task.function_executor
  File "C:\Users\prana\OneDrive\Desktop\federated\.venv\Lib\site-packages\ray\_private\function_manager.py", line 740, in actor_method_executor
    return method(__ray_actor, *args, **kwargs)
           ^^^^^^^^^^^^^^^^^^^^^^^^^^^^^^^^^^^^
  File "C:\Users\prana\OneDrive\Desktop\federated\.venv\Lib\site-packages\ray\util\tracing\tracing_helper.py", line 487, in _resume_span
    return method(self, *_args, **_kwargs)
           ^^^^^^^^^^^^^^^^^^^^^^^^^^^^^^^
  File "C:\Users\prana\OneDrive\Desktop\federated\.venv\Lib\site-packages\flwr\simulation\ray_transport\ray_actor.py", line 64, in run
    raise ClientAppException(str(ex)) from ex
flwr.client.client_app.ClientAppException: 
Exception ClientAppException occurred. Message: num_samples should be a positive integer value, but got num_samples=0
[2026-07-20 14:23:46,781][flwr][ERROR] - Traceback (most recent call last):
  File "C:\Users\prana\OneDrive\Desktop\federated\.venv\Lib\site-packages\flwr\simulation\ray_transport\ray_client_proxy.py", line 73, in _submit_job
    out_mssg, updated_context = self.actor_pool.get_client_result(
                                ^^^^^^^^^^^^^^^^^^^^^^^^^^^^^^^^^^
  File "C:\Users\prana\OneDrive\Desktop\federated\.venv\Lib\site-packages\flwr\simulation\ray_transport\ray_actor.py", line 399, in get_client_result
    return self._fetch_future_result(cid)
           ^^^^^^^^^^^^^^^^^^^^^^^^^^^^^^
  File "C:\Users\prana\OneDrive\Desktop\federated\.venv\Lib\site-packages\flwr\simulation\ray_transport\ray_actor.py", line 280, in _fetch_future_result
    res_cid, out_mssg, updated_context = ray.get(
                                         ^^^^^^^^
  File "C:\Users\prana\OneDrive\Desktop\federated\.venv\Lib\site-packages\ray\_private\auto_init_hook.py", line 22, in auto_init_wrapper
    return fn(*args, **kwargs)
           ^^^^^^^^^^^^^^^^^^^
  File "C:\Users\prana\OneDrive\Desktop\federated\.venv\Lib\site-packages\ray\_private\client_mode_hook.py", line 110, in wrapper
    return func(*args, **kwargs)
           ^^^^^^^^^^^^^^^^^^^^^
  File "C:\Users\prana\OneDrive\Desktop\federated\.venv\Lib\site-packages\ray\_private\worker.py", line 2968, in get
    values, debugger_breakpoint = worker.get_objects(
                                  ^^^^^^^^^^^^^^^^^^^
  File "C:\Users\prana\OneDrive\Desktop\federated\.venv\Lib\site-packages\ray\_private\worker.py", line 1050, in get_objects
    raise value.as_instanceof_cause()
ray.exceptions.RayTaskError(ClientAppException): [36mray::ClientAppActor.run()[39m (pid=39472, ip=127.0.0.1, actor_id=57fb1270613446dbdd26bc3e01000000, repr=<flwr.simulation.ray_transport.ray_actor.ClientAppActor object at 0x000001E1E69A2E10>)
                  ^^^^^^^^^^^^^^^^^^^^^^^^^^^^^^^^^^^^^
  File "C:\Users\prana\OneDrive\Desktop\federated\.venv\Lib\site-packages\flwr\client\client_app.py", line 98, in __call__
    return self._call(message, context)
           ^^^^^^^^^^^^^^^^^^^^^^^^^^^^
  File "C:\Users\prana\OneDrive\Desktop\federated\.venv\Lib\site-packages\flwr\client\client_app.py", line 81, in ffn
    out_message = handle_legacy_message_from_msgtype(
                  ^^^^^^^^^^^^^^^^^^^^^^^^^^^^^^^^^^^
  File "C:\Users\prana\OneDrive\Desktop\federated\.venv\Lib\site-packages\flwr\client\message_handler\message_handler.py", line 130, in handle_legacy_message_from_msgtype
    fit_res = maybe_call_fit(
              ^^^^^^^^^^^^^^^
  File "C:\Users\prana\OneDrive\Desktop\federated\.venv\Lib\site-packages\flwr\client\client.py", line 234, in maybe_call_fit
    return client.fit(fit_ins)
           ^^^^^^^^^^^^^^^^^^^
  File "C:\Users\prana\OneDrive\Desktop\federated\.venv\Lib\site-packages\flwr\client\numpy_client.py", line 238, in _fit
    results = self.numpy_client.fit(parameters, ins.config)  # type: ignore
              ^^^^^^^^^^^^^^^^^^^^^^^^^^^^^^^^^^^^^^^^^^^^^
  File "C:\Users\prana\OneDrive\Desktop\federated\app\federated\client.py", line 52, in fit
    self.trainer.fit(self.train_loader, self.val_loader, epochs=self.epochs,
  File "C:\Users\prana\OneDrive\Desktop\federated\app\training\trainer.py", line 37, in fit
    train_logs = self._train_epoch(train_loader, epoch, proximal_mu, global_params)
                 ^^^^^^^^^^^^^^^^^^^^^^^^^^^^^^^^^^^^^^^^^^^^^^^^^^^^^^^^^^^^^^^^^^
  File "C:\Users\prana\OneDrive\Desktop\federated\app\training\trainer.py", line 83, in _train_epoch
    output = self.model(data)
             ^^^^^^^^^^^^^^^^
  File "C:\Users\prana\OneDrive\Desktop\federated\.venv\Lib\site-packages\torch\nn\modules\module.py", line 1778, in _wrapped_call_impl
    return self._call_impl(*args, **kwargs)
           ^^^^^^^^^^^^^^^^^^^^^^^^^^^^^^^^
  File "C:\Users\prana\OneDrive\Desktop\federated\.venv\Lib\site-packages\torch\nn\modules\module.py", line 1789, in _call_impl
    return forward_call(*args, **kwargs)
           ^^^^^^^^^^^^^^^^^^^^^^^^^^^^^
  File "C:\Users\prana\OneDrive\Desktop\federated\app\models\mlp.py", line 24, in forward
    return self.network(x)
           ^^^^^^^^^^^^^^^
  File "C:\Users\prana\OneDrive\Desktop\federated\.venv\Lib\site-packages\torch\nn\modules\module.py", line 1778, in _wrapped_call_impl
    return self._call_impl(*args, **kwargs)
           ^^^^^^^^^^^^^^^^^^^^^^^^^^^^^^^^
  File "C:\Users\prana\OneDrive\Desktop\federated\.venv\Lib\site-packages\torch\nn\modules\module.py", line 1789, in _call_impl
    return forward_call(*args, **kwargs)
           ^^^^^^^^^^^^^^^^^^^^^^^^^^^^^
  File "C:\Users\prana\OneDrive\Desktop\federated\.venv\Lib\site-packages\torch\nn\modules\container.py", line 253, in forward
    input = module(input)
            ^^^^^^^^^^^^^
  File "C:\Users\prana\OneDrive\Desktop\federated\.venv\Lib\site-packages\torch\nn\modules\module.py", line 1778, in _wrapped_call_impl
    return self._call_impl(*args, **kwargs)
           ^^^^^^^^^^^^^^^^^^^^^^^^^^^^^^^^
  File "C:\Users\prana\OneDrive\Desktop\federated\.venv\Lib\site-packages\torch\nn\modules\module.py", line 1789, in _call_impl
    return forward_call(*args, **kwargs)
           ^^^^^^^^^^^^^^^^^^^^^^^^^^^^^
  File "C:\Users\prana\OneDrive\Desktop\federated\.venv\Lib\site-packages\torch\nn\modules\batchnorm.py", line 210, in forward
    return F.batch_norm(
           ^^^^^^^^^^^^^
  File "C:\Users\prana\OneDrive\Desktop\federated\.venv\Lib\site-packages\torch\nn\functional.py", line 2889, in batch_norm
    _verify_batch_size(input.size())
  File "C:\Users\prana\OneDrive\Desktop\federated\.venv\Lib\site-packages\torch\nn\functional.py", line 2854, in _verify_batch_size
    raise ValueError(
ValueError: Expected more than 1 value per channel when training, got input size torch.Size([1, 128])

The above exception was the direct cause of the following exception:

[36mray::ClientAppActor.run()[39m (pid=39472, ip=127.0.0.1, actor_id=57fb1270613446dbdd26bc3e01000000, repr=<flwr.simulation.ray_transport.ray_actor.ClientAppActor object at 0x000001E1E69A2E10>)
  File "python\\ray\\_raylet.pyx", line 1836, in ray._raylet.execute_task
  File "python\\ray\\_raylet.pyx", line 1947, in ray._raylet.execute_task
  File "python\\ray\\_raylet.pyx", line 1843, in ray._raylet.execute_task
  File "python\\ray\\_raylet.pyx", line 1786, in ray._raylet.execute_task.function_executor
  File "C:\Users\prana\OneDrive\Desktop\federated\.venv\Lib\site-packages\ray\_private\function_manager.py", line 740, in actor_method_executor
    return method(__ray_actor, *args, **kwargs)
           ^^^^^^^^^^^^^^^^^^^^^^^^^^^^^^^^^^^^
  File "C:\Users\prana\OneDrive\Desktop\federated\.venv\Lib\site-packages\ray\util\tracing\tracing_helper.py", line 487, in _resume_span
    return method(self, *_args, **_kwargs)
           ^^^^^^^^^^^^^^^^^^^^^^^^^^^^^^^
  File "C:\Users\prana\OneDrive\Desktop\federated\.venv\Lib\site-packages\flwr\simulation\ray_transport\ray_actor.py", line 64, in run
    raise ClientAppException(str(ex)) from ex
flwr.client.client_app.ClientAppException: 
Exception ClientAppException occurred. Message: Expected more than 1 value per channel when training, got input size torch.Size([1, 128])

[2026-07-20 14:23:46,783][flwr][ERROR] - Traceback (most recent call last):
  File "C:\Users\prana\OneDrive\Desktop\federated\.venv\Lib\site-packages\flwr\simulation\ray_transport\ray_client_proxy.py", line 73, in _submit_job
    out_mssg, updated_context = self.actor_pool.get_client_result(
                                ^^^^^^^^^^^^^^^^^^^^^^^^^^^^^^^^^^
  File "C:\Users\prana\OneDrive\Desktop\federated\.venv\Lib\site-packages\flwr\simulation\ray_transport\ray_actor.py", line 399, in get_client_result
    return self._fetch_future_result(cid)
           ^^^^^^^^^^^^^^^^^^^^^^^^^^^^^^
  File "C:\Users\prana\OneDrive\Desktop\federated\.venv\Lib\site-packages\flwr\simulation\ray_transport\ray_actor.py", line 280, in _fetch_future_result
    res_cid, out_mssg, updated_context = ray.get(
                                         ^^^^^^^^
  File "C:\Users\prana\OneDrive\Desktop\federated\.venv\Lib\site-packages\ray\_private\auto_init_hook.py", line 22, in auto_init_wrapper
    return fn(*args, **kwargs)
           ^^^^^^^^^^^^^^^^^^^
  File "C:\Users\prana\OneDrive\Desktop\federated\.venv\Lib\site-packages\ray\_private\client_mode_hook.py", line 110, in wrapper
    return func(*args, **kwargs)
           ^^^^^^^^^^^^^^^^^^^^^
  File "C:\Users\prana\OneDrive\Desktop\federated\.venv\Lib\site-packages\ray\_private\worker.py", line 2968, in get
    values, debugger_breakpoint = worker.get_objects(
                                  ^^^^^^^^^^^^^^^^^^^
  File "C:\Users\prana\OneDrive\Desktop\federated\.venv\Lib\site-packages\ray\_private\worker.py", line 1050, in get_objects
    raise value.as_instanceof_cause()
ray.exceptions.RayTaskError(ClientAppException): [36mray::ClientAppActor.run()[39m (pid=32740, ip=127.0.0.1, actor_id=75b7ecd4076d0d78771ec85301000000, repr=<flwr.simulation.ray_transport.ray_actor.ClientAppActor object at 0x0000016D502D6960>)
                  ^^^^^^^^^^^^^^^^^^^^^^^^^^^^^^^^^^^^^
  File "C:\Users\prana\OneDrive\Desktop\federated\.venv\Lib\site-packages\flwr\client\client_app.py", line 98, in __call__
    return self._call(message, context)
           ^^^^^^^^^^^^^^^^^^^^^^^^^^^^
  File "C:\Users\prana\OneDrive\Desktop\federated\.venv\Lib\site-packages\flwr\client\client_app.py", line 81, in ffn
    out_message = handle_legacy_message_from_msgtype(
                  ^^^^^^^^^^^^^^^^^^^^^^^^^^^^^^^^^^^
  File "C:\Users\prana\OneDrive\Desktop\federated\.venv\Lib\site-packages\flwr\client\message_handler\message_handler.py", line 130, in handle_legacy_message_from_msgtype
    fit_res = maybe_call_fit(
              ^^^^^^^^^^^^^^^
  File "C:\Users\prana\OneDrive\Desktop\federated\.venv\Lib\site-packages\flwr\client\client.py", line 234, in maybe_call_fit
    return client.fit(fit_ins)
           ^^^^^^^^^^^^^^^^^^^
  File "C:\Users\prana\OneDrive\Desktop\federated\.venv\Lib\site-packages\flwr\client\numpy_client.py", line 238, in _fit
    results = self.numpy_client.fit(parameters, ins.config)  # type: ignore
              ^^^^^^^^^^^^^^^^^^^^^^^^^^^^^^^^^^^^^^^^^^^^^
  File "C:\Users\prana\OneDrive\Desktop\federated\app\federated\client.py", line 52, in fit
    self.trainer.fit(self.train_loader, self.val_loader, epochs=self.epochs,
  File "C:\Users\prana\OneDrive\Desktop\federated\app\training\trainer.py", line 37, in fit
    train_logs = self._train_epoch(train_loader, epoch, proximal_mu, global_params)
                 ^^^^^^^^^^^^^^^^^^^^^^^^^^^^^^^^^^^^^^^^^^^^^^^^^^^^^^^^^^^^^^^^^^
  File "C:\Users\prana\OneDrive\Desktop\federated\app\training\trainer.py", line 83, in _train_epoch
    output = self.model(data)
             ^^^^^^^^^^^^^^^^
  File "C:\Users\prana\OneDrive\Desktop\federated\.venv\Lib\site-packages\torch\nn\modules\module.py", line 1778, in _wrapped_call_impl
    return self._call_impl(*args, **kwargs)
           ^^^^^^^^^^^^^^^^^^^^^^^^^^^^^^^^
  File "C:\Users\prana\OneDrive\Desktop\federated\.venv\Lib\site-packages\torch\nn\modules\module.py", line 1789, in _call_impl
    return forward_call(*args, **kwargs)
           ^^^^^^^^^^^^^^^^^^^^^^^^^^^^^
  File "C:\Users\prana\OneDrive\Desktop\federated\app\models\mlp.py", line 24, in forward
    return self.network(x)
           ^^^^^^^^^^^^^^^
  File "C:\Users\prana\OneDrive\Desktop\federated\.venv\Lib\site-packages\torch\nn\modules\module.py", line 1778, in _wrapped_call_impl
    return self._call_impl(*args, **kwargs)
           ^^^^^^^^^^^^^^^^^^^^^^^^^^^^^^^^
  File "C:\Users\prana\OneDrive\Desktop\federated\.venv\Lib\site-packages\torch\nn\modules\module.py", line 1789, in _call_impl
    return forward_call(*args, **kwargs)
           ^^^^^^^^^^^^^^^^^^^^^^^^^^^^^
  File "C:\Users\prana\OneDrive\Desktop\federated\.venv\Lib\site-packages\torch\nn\modules\container.py", line 253, in forward
    input = module(input)
            ^^^^^^^^^^^^^
  File "C:\Users\prana\OneDrive\Desktop\federated\.venv\Lib\site-packages\torch\nn\modules\module.py", line 1778, in _wrapped_call_impl
    return self._call_impl(*args, **kwargs)
           ^^^^^^^^^^^^^^^^^^^^^^^^^^^^^^^^
  File "C:\Users\prana\OneDrive\Desktop\federated\.venv\Lib\site-packages\torch\nn\modules\module.py", line 1789, in _call_impl
    return forward_call(*args, **kwargs)
           ^^^^^^^^^^^^^^^^^^^^^^^^^^^^^
  File "C:\Users\prana\OneDrive\Desktop\federated\.venv\Lib\site-packages\torch\nn\modules\batchnorm.py", line 210, in forward
    return F.batch_norm(
           ^^^^^^^^^^^^^
  File "C:\Users\prana\OneDrive\Desktop\federated\.venv\Lib\site-packages\torch\nn\functional.py", line 2889, in batch_norm
    _verify_batch_size(input.size())
  File "C:\Users\prana\OneDrive\Desktop\federated\.venv\Lib\site-packages\torch\nn\functional.py", line 2854, in _verify_batch_size
    raise ValueError(
ValueError: Expected more than 1 value per channel when training, got input size torch.Size([1, 128])

The above exception was the direct cause of the following exception:

[36mray::ClientAppActor.run()[39m (pid=32740, ip=127.0.0.1, actor_id=75b7ecd4076d0d78771ec85301000000, repr=<flwr.simulation.ray_transport.ray_actor.ClientAppActor object at 0x0000016D502D6960>)
  File "python\\ray\\_raylet.pyx", line 1836, in ray._raylet.execute_task
  File "python\\ray\\_raylet.pyx", line 1947, in ray._raylet.execute_task
  File "python\\ray\\_raylet.pyx", line 1843, in ray._raylet.execute_task
  File "python\\ray\\_raylet.pyx", line 1786, in ray._raylet.execute_task.function_executor
  File "C:\Users\prana\OneDrive\Desktop\federated\.venv\Lib\site-packages\ray\_private\function_manager.py", line 740, in actor_method_executor
    return method(__ray_actor, *args, **kwargs)
           ^^^^^^^^^^^^^^^^^^^^^^^^^^^^^^^^^^^^
  File "C:\Users\prana\OneDrive\Desktop\federated\.venv\Lib\site-packages\ray\util\tracing\tracing_helper.py", line 487, in _resume_span
    return method(self, *_args, **_kwargs)
           ^^^^^^^^^^^^^^^^^^^^^^^^^^^^^^^
  File "C:\Users\prana\OneDrive\Desktop\federated\.venv\Lib\site-packages\flwr\simulation\ray_transport\ray_actor.py", line 64, in run
    raise ClientAppException(str(ex)) from ex
flwr.client.client_app.ClientAppException: 
Exception ClientAppException occurred. Message: Expected more than 1 value per channel when training, got input size torch.Size([1, 128])

[2026-07-20 14:23:46,783][flwr][ERROR] - [36mray::ClientAppActor.run()[39m (pid=39472, ip=127.0.0.1, actor_id=57fb1270613446dbdd26bc3e01000000, repr=<flwr.simulation.ray_transport.ray_actor.ClientAppActor object at 0x000001E1E69A2E10>)
                  ^^^^^^^^^^^^^^^^^^^^^^^^^^^^^^^^^^^^^
  File "C:\Users\prana\OneDrive\Desktop\federated\.venv\Lib\site-packages\flwr\client\client_app.py", line 98, in __call__
    return self._call(message, context)
           ^^^^^^^^^^^^^^^^^^^^^^^^^^^^
  File "C:\Users\prana\OneDrive\Desktop\federated\.venv\Lib\site-packages\flwr\client\client_app.py", line 81, in ffn
    out_message = handle_legacy_message_from_msgtype(
                  ^^^^^^^^^^^^^^^^^^^^^^^^^^^^^^^^^^^
  File "C:\Users\prana\OneDrive\Desktop\federated\.venv\Lib\site-packages\flwr\client\message_handler\message_handler.py", line 130, in handle_legacy_message_from_msgtype
    fit_res = maybe_call_fit(
              ^^^^^^^^^^^^^^^
  File "C:\Users\prana\OneDrive\Desktop\federated\.venv\Lib\site-packages\flwr\client\client.py", line 234, in maybe_call_fit
    return client.fit(fit_ins)
           ^^^^^^^^^^^^^^^^^^^
  File "C:\Users\prana\OneDrive\Desktop\federated\.venv\Lib\site-packages\flwr\client\numpy_client.py", line 238, in _fit
    results = self.numpy_client.fit(parameters, ins.config)  # type: ignore
              ^^^^^^^^^^^^^^^^^^^^^^^^^^^^^^^^^^^^^^^^^^^^^
  File "C:\Users\prana\OneDrive\Desktop\federated\app\federated\client.py", line 52, in fit
    self.trainer.fit(self.train_loader, self.val_loader, epochs=self.epochs,
  File "C:\Users\prana\OneDrive\Desktop\federated\app\training\trainer.py", line 37, in fit
    train_logs = self._train_epoch(train_loader, epoch, proximal_mu, global_params)
                 ^^^^^^^^^^^^^^^^^^^^^^^^^^^^^^^^^^^^^^^^^^^^^^^^^^^^^^^^^^^^^^^^^^
  File "C:\Users\prana\OneDrive\Desktop\federated\app\training\trainer.py", line 83, in _train_epoch
    output = self.model(data)
             ^^^^^^^^^^^^^^^^
  File "C:\Users\prana\OneDrive\Desktop\federated\.venv\Lib\site-packages\torch\nn\modules\module.py", line 1778, in _wrapped_call_impl
    return self._call_impl(*args, **kwargs)
           ^^^^^^^^^^^^^^^^^^^^^^^^^^^^^^^^
  File "C:\Users\prana\OneDrive\Desktop\federated\.venv\Lib\site-packages\torch\nn\modules\module.py", line 1789, in _call_impl
    return forward_call(*args, **kwargs)
           ^^^^^^^^^^^^^^^^^^^^^^^^^^^^^
  File "C:\Users\prana\OneDrive\Desktop\federated\app\models\mlp.py", line 24, in forward
    return self.network(x)
           ^^^^^^^^^^^^^^^
  File "C:\Users\prana\OneDrive\Desktop\federated\.venv\Lib\site-packages\torch\nn\modules\module.py", line 1778, in _wrapped_call_impl
    return self._call_impl(*args, **kwargs)
           ^^^^^^^^^^^^^^^^^^^^^^^^^^^^^^^^
  File "C:\Users\prana\OneDrive\Desktop\federated\.venv\Lib\site-packages\torch\nn\modules\module.py", line 1789, in _call_impl
    return forward_call(*args, **kwargs)
           ^^^^^^^^^^^^^^^^^^^^^^^^^^^^^
  File "C:\Users\prana\OneDrive\Desktop\federated\.venv\Lib\site-packages\torch\nn\modules\container.py", line 253, in forward
    input = module(input)
            ^^^^^^^^^^^^^
  File "C:\Users\prana\OneDrive\Desktop\federated\.venv\Lib\site-packages\torch\nn\modules\module.py", line 1778, in _wrapped_call_impl
    return self._call_impl(*args, **kwargs)
           ^^^^^^^^^^^^^^^^^^^^^^^^^^^^^^^^
  File "C:\Users\prana\OneDrive\Desktop\federated\.venv\Lib\site-packages\torch\nn\modules\module.py", line 1789, in _call_impl
    return forward_call(*args, **kwargs)
           ^^^^^^^^^^^^^^^^^^^^^^^^^^^^^
  File "C:\Users\prana\OneDrive\Desktop\federated\.venv\Lib\site-packages\torch\nn\modules\batchnorm.py", line 210, in forward
    return F.batch_norm(
           ^^^^^^^^^^^^^
  File "C:\Users\prana\OneDrive\Desktop\federated\.venv\Lib\site-packages\torch\nn\functional.py", line 2889, in batch_norm
    _verify_batch_size(input.size())
  File "C:\Users\prana\OneDrive\Desktop\federated\.venv\Lib\site-packages\torch\nn\functional.py", line 2854, in _verify_batch_size
    raise ValueError(
ValueError: Expected more than 1 value per channel when training, got input size torch.Size([1, 128])

The above exception was the direct cause of the following exception:

[36mray::ClientAppActor.run()[39m (pid=39472, ip=127.0.0.1, actor_id=57fb1270613446dbdd26bc3e01000000, repr=<flwr.simulation.ray_transport.ray_actor.ClientAppActor object at 0x000001E1E69A2E10>)
  File "python\\ray\\_raylet.pyx", line 1836, in ray._raylet.execute_task
  File "python\\ray\\_raylet.pyx", line 1947, in ray._raylet.execute_task
  File "python\\ray\\_raylet.pyx", line 1843, in ray._raylet.execute_task
  File "python\\ray\\_raylet.pyx", line 1786, in ray._raylet.execute_task.function_executor
  File "C:\Users\prana\OneDrive\Desktop\federated\.venv\Lib\site-packages\ray\_private\function_manager.py", line 740, in actor_method_executor
    return method(__ray_actor, *args, **kwargs)
           ^^^^^^^^^^^^^^^^^^^^^^^^^^^^^^^^^^^^
  File "C:\Users\prana\OneDrive\Desktop\federated\.venv\Lib\site-packages\ray\util\tracing\tracing_helper.py", line 487, in _resume_span
    return method(self, *_args, **_kwargs)
           ^^^^^^^^^^^^^^^^^^^^^^^^^^^^^^^
  File "C:\Users\prana\OneDrive\Desktop\federated\.venv\Lib\site-packages\flwr\simulation\ray_transport\ray_actor.py", line 64, in run
    raise ClientAppException(str(ex)) from ex
flwr.client.client_app.ClientAppException: 
Exception ClientAppException occurred. Message: Expected more than 1 value per channel when training, got input size torch.Size([1, 128])
[2026-07-20 14:23:46,785][flwr][ERROR] - [36mray::ClientAppActor.run()[39m (pid=32740, ip=127.0.0.1, actor_id=75b7ecd4076d0d78771ec85301000000, repr=<flwr.simulation.ray_transport.ray_actor.ClientAppActor object at 0x0000016D502D6960>)
                  ^^^^^^^^^^^^^^^^^^^^^^^^^^^^^^^^^^^^^
  File "C:\Users\prana\OneDrive\Desktop\federated\.venv\Lib\site-packages\flwr\client\client_app.py", line 98, in __call__
    return self._call(message, context)
           ^^^^^^^^^^^^^^^^^^^^^^^^^^^^
  File "C:\Users\prana\OneDrive\Desktop\federated\.venv\Lib\site-packages\flwr\client\client_app.py", line 81, in ffn
    out_message = handle_legacy_message_from_msgtype(
                  ^^^^^^^^^^^^^^^^^^^^^^^^^^^^^^^^^^^
  File "C:\Users\prana\OneDrive\Desktop\federated\.venv\Lib\site-packages\flwr\client\message_handler\message_handler.py", line 130, in handle_legacy_message_from_msgtype
    fit_res = maybe_call_fit(
              ^^^^^^^^^^^^^^^
  File "C:\Users\prana\OneDrive\Desktop\federated\.venv\Lib\site-packages\flwr\client\client.py", line 234, in maybe_call_fit
    return client.fit(fit_ins)
           ^^^^^^^^^^^^^^^^^^^
  File "C:\Users\prana\OneDrive\Desktop\federated\.venv\Lib\site-packages\flwr\client\numpy_client.py", line 238, in _fit
    results = self.numpy_client.fit(parameters, ins.config)  # type: ignore
              ^^^^^^^^^^^^^^^^^^^^^^^^^^^^^^^^^^^^^^^^^^^^^
  File "C:\Users\prana\OneDrive\Desktop\federated\app\federated\client.py", line 52, in fit
    self.trainer.fit(self.train_loader, self.val_loader, epochs=self.epochs,
  File "C:\Users\prana\OneDrive\Desktop\federated\app\training\trainer.py", line 37, in fit
    train_logs = self._train_epoch(train_loader, epoch, proximal_mu, global_params)
                 ^^^^^^^^^^^^^^^^^^^^^^^^^^^^^^^^^^^^^^^^^^^^^^^^^^^^^^^^^^^^^^^^^^
  File "C:\Users\prana\OneDrive\Desktop\federated\app\training\trainer.py", line 83, in _train_epoch
    output = self.model(data)
             ^^^^^^^^^^^^^^^^
  File "C:\Users\prana\OneDrive\Desktop\federated\.venv\Lib\site-packages\torch\nn\modules\module.py", line 1778, in _wrapped_call_impl
    return self._call_impl(*args, **kwargs)
           ^^^^^^^^^^^^^^^^^^^^^^^^^^^^^^^^
  File "C:\Users\prana\OneDrive\Desktop\federated\.venv\Lib\site-packages\torch\nn\modules\module.py", line 1789, in _call_impl
    return forward_call(*args, **kwargs)
           ^^^^^^^^^^^^^^^^^^^^^^^^^^^^^
  File "C:\Users\prana\OneDrive\Desktop\federated\app\models\mlp.py", line 24, in forward
    return self.network(x)
           ^^^^^^^^^^^^^^^
  File "C:\Users\prana\OneDrive\Desktop\federated\.venv\Lib\site-packages\torch\nn\modules\module.py", line 1778, in _wrapped_call_impl
    return self._call_impl(*args, **kwargs)
           ^^^^^^^^^^^^^^^^^^^^^^^^^^^^^^^^
  File "C:\Users\prana\OneDrive\Desktop\federated\.venv\Lib\site-packages\torch\nn\modules\module.py", line 1789, in _call_impl
    return forward_call(*args, **kwargs)
           ^^^^^^^^^^^^^^^^^^^^^^^^^^^^^
  File "C:\Users\prana\OneDrive\Desktop\federated\.venv\Lib\site-packages\torch\nn\modules\container.py", line 253, in forward
    input = module(input)
            ^^^^^^^^^^^^^
  File "C:\Users\prana\OneDrive\Desktop\federated\.venv\Lib\site-packages\torch\nn\modules\module.py", line 1778, in _wrapped_call_impl
    return self._call_impl(*args, **kwargs)
           ^^^^^^^^^^^^^^^^^^^^^^^^^^^^^^^^
  File "C:\Users\prana\OneDrive\Desktop\federated\.venv\Lib\site-packages\torch\nn\modules\module.py", line 1789, in _call_impl
    return forward_call(*args, **kwargs)
           ^^^^^^^^^^^^^^^^^^^^^^^^^^^^^
  File "C:\Users\prana\OneDrive\Desktop\federated\.venv\Lib\site-packages\torch\nn\modules\batchnorm.py", line 210, in forward
    return F.batch_norm(
           ^^^^^^^^^^^^^
  File "C:\Users\prana\OneDrive\Desktop\federated\.venv\Lib\site-packages\torch\nn\functional.py", line 2889, in batch_norm
    _verify_batch_size(input.size())
  File "C:\Users\prana\OneDrive\Desktop\federated\.venv\Lib\site-packages\torch\nn\functional.py", line 2854, in _verify_batch_size
    raise ValueError(
ValueError: Expected more than 1 value per channel when training, got input size torch.Size([1, 128])

The above exception was the direct cause of the following exception:

[36mray::ClientAppActor.run()[39m (pid=32740, ip=127.0.0.1, actor_id=75b7ecd4076d0d78771ec85301000000, repr=<flwr.simulation.ray_transport.ray_actor.ClientAppActor object at 0x0000016D502D6960>)
  File "python\\ray\\_raylet.pyx", line 1836, in ray._raylet.execute_task
  File "python\\ray\\_raylet.pyx", line 1947, in ray._raylet.execute_task
  File "python\\ray\\_raylet.pyx", line 1843, in ray._raylet.execute_task
  File "python\\ray\\_raylet.pyx", line 1786, in ray._raylet.execute_task.function_executor
  File "C:\Users\prana\OneDrive\Desktop\federated\.venv\Lib\site-packages\ray\_private\function_manager.py", line 740, in actor_method_executor
    return method(__ray_actor, *args, **kwargs)
           ^^^^^^^^^^^^^^^^^^^^^^^^^^^^^^^^^^^^
  File "C:\Users\prana\OneDrive\Desktop\federated\.venv\Lib\site-packages\ray\util\tracing\tracing_helper.py", line 487, in _resume_span
    return method(self, *_args, **_kwargs)
           ^^^^^^^^^^^^^^^^^^^^^^^^^^^^^^^
  File "C:\Users\prana\OneDrive\Desktop\federated\.venv\Lib\site-packages\flwr\simulation\ray_transport\ray_actor.py", line 64, in run
    raise ClientAppException(str(ex)) from ex
flwr.client.client_app.ClientAppException: 
Exception ClientAppException occurred. Message: Expected more than 1 value per channel when training, got input size torch.Size([1, 128])
[2026-07-20 14:23:46,789][flwr][INFO] - aggregate_fit: received 0 results and 3 failures
[2026-07-20 14:23:46,789][flwr][INFO] - configure_evaluate: strategy sampled 3 clients (out of 3)
[2026-07-20 14:23:46,810][flwr][ERROR] - Traceback (most recent call last):
  File "C:\Users\prana\OneDrive\Desktop\federated\.venv\Lib\site-packages\flwr\simulation\ray_transport\ray_client_proxy.py", line 73, in _submit_job
    out_mssg, updated_context = self.actor_pool.get_client_result(
                                ^^^^^^^^^^^^^^^^^^^^^^^^^^^^^^^^^^
  File "C:\Users\prana\OneDrive\Desktop\federated\.venv\Lib\site-packages\flwr\simulation\ray_transport\ray_actor.py", line 399, in get_client_result
    return self._fetch_future_result(cid)
           ^^^^^^^^^^^^^^^^^^^^^^^^^^^^^^
  File "C:\Users\prana\OneDrive\Desktop\federated\.venv\Lib\site-packages\flwr\simulation\ray_transport\ray_actor.py", line 280, in _fetch_future_result
    res_cid, out_mssg, updated_context = ray.get(
                                         ^^^^^^^^
  File "C:\Users\prana\OneDrive\Desktop\federated\.venv\Lib\site-packages\ray\_private\auto_init_hook.py", line 22, in auto_init_wrapper
    return fn(*args, **kwargs)
           ^^^^^^^^^^^^^^^^^^^
  File "C:\Users\prana\OneDrive\Desktop\federated\.venv\Lib\site-packages\ray\_private\client_mode_hook.py", line 110, in wrapper
    return func(*args, **kwargs)
           ^^^^^^^^^^^^^^^^^^^^^
  File "C:\Users\prana\OneDrive\Desktop\federated\.venv\Lib\site-packages\ray\_private\worker.py", line 2968, in get
    values, debugger_breakpoint = worker.get_objects(
                                  ^^^^^^^^^^^^^^^^^^^
  File "C:\Users\prana\OneDrive\Desktop\federated\.venv\Lib\site-packages\ray\_private\worker.py", line 1050, in get_objects
    raise value.as_instanceof_cause()
ray.exceptions.RayTaskError(ClientAppException): [36mray::ClientAppActor.run()[39m (pid=32740, ip=127.0.0.1, actor_id=75b7ecd4076d0d78771ec85301000000, repr=<flwr.simulation.ray_transport.ray_actor.ClientAppActor object at 0x0000016D502D6960>)
                  ^^^^^^^^^^^^^^^^^^^^^^^^^^^^^^^^^^^^^
  File "C:\Users\prana\OneDrive\Desktop\federated\.venv\Lib\site-packages\flwr\client\client_app.py", line 98, in __call__
    return self._call(message, context)
           ^^^^^^^^^^^^^^^^^^^^^^^^^^^^
  File "C:\Users\prana\OneDrive\Desktop\federated\.venv\Lib\site-packages\flwr\client\client_app.py", line 81, in ffn
    out_message = handle_legacy_message_from_msgtype(
                  ^^^^^^^^^^^^^^^^^^^^^^^^^^^^^^^^^^^
  File "C:\Users\prana\OneDrive\Desktop\federated\.venv\Lib\site-packages\flwr\client\message_handler\message_handler.py", line 96, in handle_legacy_message_from_msgtype
    client = client_fn(str(message.metadata.partition_id))
             ^^^^^^^^^^^^^^^^^^^^^^^^^^^^^^^^^^^^^^^^^^^^^
  File "C:\Users\prana\OneDrive\Desktop\federated\scripts\federated_simulation.py", line 44, in client_fn
    train_loader = data_module.train_dataloader()
                   ^^^^^^^^^^^^^^^^^^^^^^^^^^^^^^
  File "C:\Users\prana\OneDrive\Desktop\federated\app\datasets\loader.py", line 31, in train_dataloader
    return DataLoader(self.train_dataset, batch_size=self.batch_size, shuffle=True)
           ^^^^^^^^^^^^^^^^^^^^^^^^^^^^^^^^^^^^^^^^^^^^^^^^^^^^^^^^^^^^^^^^^^^^^^^^
  File "C:\Users\prana\OneDrive\Desktop\federated\.venv\Lib\site-packages\torch\utils\data\dataloader.py", line 401, in __init__
    sampler = RandomSampler(dataset, generator=generator)  # type: ignore[arg-type]
              ^^^^^^^^^^^^^^^^^^^^^^^^^^^^^^^^^^^^^^^^^^^
  File "C:\Users\prana\OneDrive\Desktop\federated\.venv\Lib\site-packages\torch\utils\data\sampler.py", line 149, in __init__
    raise ValueError(
ValueError: num_samples should be a positive integer value, but got num_samples=0

The above exception was the direct cause of the following exception:

[36mray::ClientAppActor.run()[39m (pid=32740, ip=127.0.0.1, actor_id=75b7ecd4076d0d78771ec85301000000, repr=<flwr.simulation.ray_transport.ray_actor.ClientAppActor object at 0x0000016D502D6960>)
  File "python\\ray\\_raylet.pyx", line 1836, in ray._raylet.execute_task
  File "python\\ray\\_raylet.pyx", line 1947, in ray._raylet.execute_task
  File "python\\ray\\_raylet.pyx", line 1843, in ray._raylet.execute_task
  File "python\\ray\\_raylet.pyx", line 1786, in ray._raylet.execute_task.function_executor
  File "C:\Users\prana\OneDrive\Desktop\federated\.venv\Lib\site-packages\ray\_private\function_manager.py", line 740, in actor_method_executor
    return method(__ray_actor, *args, **kwargs)
           ^^^^^^^^^^^^^^^^^^^^^^^^^^^^^^^^^^^^
  File "C:\Users\prana\OneDrive\Desktop\federated\.venv\Lib\site-packages\ray\util\tracing\tracing_helper.py", line 487, in _resume_span
    return method(self, *_args, **_kwargs)
           ^^^^^^^^^^^^^^^^^^^^^^^^^^^^^^^
  File "C:\Users\prana\OneDrive\Desktop\federated\.venv\Lib\site-packages\flwr\simulation\ray_transport\ray_actor.py", line 64, in run
    raise ClientAppException(str(ex)) from ex
flwr.client.client_app.ClientAppException: 
Exception ClientAppException occurred. Message: num_samples should be a positive integer value, but got num_samples=0

[2026-07-20 14:23:46,811][flwr][ERROR] - [36mray::ClientAppActor.run()[39m (pid=32740, ip=127.0.0.1, actor_id=75b7ecd4076d0d78771ec85301000000, repr=<flwr.simulation.ray_transport.ray_actor.ClientAppActor object at 0x0000016D502D6960>)
                  ^^^^^^^^^^^^^^^^^^^^^^^^^^^^^^^^^^^^^
  File "C:\Users\prana\OneDrive\Desktop\federated\.venv\Lib\site-packages\flwr\client\client_app.py", line 98, in __call__
    return self._call(message, context)
           ^^^^^^^^^^^^^^^^^^^^^^^^^^^^
  File "C:\Users\prana\OneDrive\Desktop\federated\.venv\Lib\site-packages\flwr\client\client_app.py", line 81, in ffn
    out_message = handle_legacy_message_from_msgtype(
                  ^^^^^^^^^^^^^^^^^^^^^^^^^^^^^^^^^^^
  File "C:\Users\prana\OneDrive\Desktop\federated\.venv\Lib\site-packages\flwr\client\message_handler\message_handler.py", line 96, in handle_legacy_message_from_msgtype
    client = client_fn(str(message.metadata.partition_id))
             ^^^^^^^^^^^^^^^^^^^^^^^^^^^^^^^^^^^^^^^^^^^^^
  File "C:\Users\prana\OneDrive\Desktop\federated\scripts\federated_simulation.py", line 44, in client_fn
    train_loader = data_module.train_dataloader()
                   ^^^^^^^^^^^^^^^^^^^^^^^^^^^^^^
  File "C:\Users\prana\OneDrive\Desktop\federated\app\datasets\loader.py", line 31, in train_dataloader
    return DataLoader(self.train_dataset, batch_size=self.batch_size, shuffle=True)
           ^^^^^^^^^^^^^^^^^^^^^^^^^^^^^^^^^^^^^^^^^^^^^^^^^^^^^^^^^^^^^^^^^^^^^^^^
  File "C:\Users\prana\OneDrive\Desktop\federated\.venv\Lib\site-packages\torch\utils\data\dataloader.py", line 401, in __init__
    sampler = RandomSampler(dataset, generator=generator)  # type: ignore[arg-type]
              ^^^^^^^^^^^^^^^^^^^^^^^^^^^^^^^^^^^^^^^^^^^
  File "C:\Users\prana\OneDrive\Desktop\federated\.venv\Lib\site-packages\torch\utils\data\sampler.py", line 149, in __init__
    raise ValueError(
ValueError: num_samples should be a positive integer value, but got num_samples=0

The above exception was the direct cause of the following exception:

[36mray::ClientAppActor.run()[39m (pid=32740, ip=127.0.0.1, actor_id=75b7ecd4076d0d78771ec85301000000, repr=<flwr.simulation.ray_transport.ray_actor.ClientAppActor object at 0x0000016D502D6960>)
  File "python\\ray\\_raylet.pyx", line 1836, in ray._raylet.execute_task
  File "python\\ray\\_raylet.pyx", line 1947, in ray._raylet.execute_task
  File "python\\ray\\_raylet.pyx", line 1843, in ray._raylet.execute_task
  File "python\\ray\\_raylet.pyx", line 1786, in ray._raylet.execute_task.function_executor
  File "C:\Users\prana\OneDrive\Desktop\federated\.venv\Lib\site-packages\ray\_private\function_manager.py", line 740, in actor_method_executor
    return method(__ray_actor, *args, **kwargs)
           ^^^^^^^^^^^^^^^^^^^^^^^^^^^^^^^^^^^^
  File "C:\Users\prana\OneDrive\Desktop\federated\.venv\Lib\site-packages\ray\util\tracing\tracing_helper.py", line 487, in _resume_span
    return method(self, *_args, **_kwargs)
           ^^^^^^^^^^^^^^^^^^^^^^^^^^^^^^^
  File "C:\Users\prana\OneDrive\Desktop\federated\.venv\Lib\site-packages\flwr\simulation\ray_transport\ray_actor.py", line 64, in run
    raise ClientAppException(str(ex)) from ex
flwr.client.client_app.ClientAppException: 
Exception ClientAppException occurred. Message: num_samples should be a positive integer value, but got num_samples=0
[2026-07-20 14:23:46,895][flwr][INFO] - aggregate_evaluate: received 2 results and 1 failures
[2026-07-20 14:23:46,964][flwr][INFO] - 
[2026-07-20 14:23:46,964][flwr][INFO] - [ROUND 3]
[2026-07-20 14:23:46,964][flwr][INFO] - configure_fit: strategy sampled 3 clients (out of 3)
[2026-07-20 14:23:46,985][flwr][ERROR] - Traceback (most recent call last):
  File "C:\Users\prana\OneDrive\Desktop\federated\.venv\Lib\site-packages\flwr\simulation\ray_transport\ray_client_proxy.py", line 73, in _submit_job
    out_mssg, updated_context = self.actor_pool.get_client_result(
                                ^^^^^^^^^^^^^^^^^^^^^^^^^^^^^^^^^^
  File "C:\Users\prana\OneDrive\Desktop\federated\.venv\Lib\site-packages\flwr\simulation\ray_transport\ray_actor.py", line 399, in get_client_result
    return self._fetch_future_result(cid)
           ^^^^^^^^^^^^^^^^^^^^^^^^^^^^^^
  File "C:\Users\prana\OneDrive\Desktop\federated\.venv\Lib\site-packages\flwr\simulation\ray_transport\ray_actor.py", line 280, in _fetch_future_result
    res_cid, out_mssg, updated_context = ray.get(
                                         ^^^^^^^^
  File "C:\Users\prana\OneDrive\Desktop\federated\.venv\Lib\site-packages\ray\_private\auto_init_hook.py", line 22, in auto_init_wrapper
    return fn(*args, **kwargs)
           ^^^^^^^^^^^^^^^^^^^
  File "C:\Users\prana\OneDrive\Desktop\federated\.venv\Lib\site-packages\ray\_private\client_mode_hook.py", line 110, in wrapper
    return func(*args, **kwargs)
           ^^^^^^^^^^^^^^^^^^^^^
  File "C:\Users\prana\OneDrive\Desktop\federated\.venv\Lib\site-packages\ray\_private\worker.py", line 2968, in get
    values, debugger_breakpoint = worker.get_objects(
                                  ^^^^^^^^^^^^^^^^^^^
  File "C:\Users\prana\OneDrive\Desktop\federated\.venv\Lib\site-packages\ray\_private\worker.py", line 1050, in get_objects
    raise value.as_instanceof_cause()
ray.exceptions.RayTaskError(ClientAppException): [36mray::ClientAppActor.run()[39m (pid=39472, ip=127.0.0.1, actor_id=57fb1270613446dbdd26bc3e01000000, repr=<flwr.simulation.ray_transport.ray_actor.ClientAppActor object at 0x000001E1E69A2E10>)
                  ^^^^^^^^^^^^^^^^^^^^^^^^^^^^^^^^^^^^^
  File "C:\Users\prana\OneDrive\Desktop\federated\.venv\Lib\site-packages\flwr\client\client_app.py", line 98, in __call__
    return self._call(message, context)
           ^^^^^^^^^^^^^^^^^^^^^^^^^^^^
  File "C:\Users\prana\OneDrive\Desktop\federated\.venv\Lib\site-packages\flwr\client\client_app.py", line 81, in ffn
    out_message = handle_legacy_message_from_msgtype(
                  ^^^^^^^^^^^^^^^^^^^^^^^^^^^^^^^^^^^
  File "C:\Users\prana\OneDrive\Desktop\federated\.venv\Lib\site-packages\flwr\client\message_handler\message_handler.py", line 96, in handle_legacy_message_from_msgtype
    client = client_fn(str(message.metadata.partition_id))
             ^^^^^^^^^^^^^^^^^^^^^^^^^^^^^^^^^^^^^^^^^^^^^
  File "C:\Users\prana\OneDrive\Desktop\federated\scripts\federated_simulation.py", line 44, in client_fn
    train_loader = data_module.train_dataloader()
                   ^^^^^^^^^^^^^^^^^^^^^^^^^^^^^^
  File "C:\Users\prana\OneDrive\Desktop\federated\app\datasets\loader.py", line 31, in train_dataloader
    return DataLoader(self.train_dataset, batch_size=self.batch_size, shuffle=True)
           ^^^^^^^^^^^^^^^^^^^^^^^^^^^^^^^^^^^^^^^^^^^^^^^^^^^^^^^^^^^^^^^^^^^^^^^^
  File "C:\Users\prana\OneDrive\Desktop\federated\.venv\Lib\site-packages\torch\utils\data\dataloader.py", line 401, in __init__
    sampler = RandomSampler(dataset, generator=generator)  # type: ignore[arg-type]
              ^^^^^^^^^^^^^^^^^^^^^^^^^^^^^^^^^^^^^^^^^^^
  File "C:\Users\prana\OneDrive\Desktop\federated\.venv\Lib\site-packages\torch\utils\data\sampler.py", line 149, in __init__
    raise ValueError(
ValueError: num_samples should be a positive integer value, but got num_samples=0

The above exception was the direct cause of the following exception:

[36mray::ClientAppActor.run()[39m (pid=39472, ip=127.0.0.1, actor_id=57fb1270613446dbdd26bc3e01000000, repr=<flwr.simulation.ray_transport.ray_actor.ClientAppActor object at 0x000001E1E69A2E10>)
  File "python\\ray\\_raylet.pyx", line 1836, in ray._raylet.execute_task
  File "python\\ray\\_raylet.pyx", line 1947, in ray._raylet.execute_task
  File "python\\ray\\_raylet.pyx", line 1843, in ray._raylet.execute_task
  File "python\\ray\\_raylet.pyx", line 1786, in ray._raylet.execute_task.function_executor
  File "C:\Users\prana\OneDrive\Desktop\federated\.venv\Lib\site-packages\ray\_private\function_manager.py", line 740, in actor_method_executor
    return method(__ray_actor, *args, **kwargs)
           ^^^^^^^^^^^^^^^^^^^^^^^^^^^^^^^^^^^^
  File "C:\Users\prana\OneDrive\Desktop\federated\.venv\Lib\site-packages\ray\util\tracing\tracing_helper.py", line 487, in _resume_span
    return method(self, *_args, **_kwargs)
           ^^^^^^^^^^^^^^^^^^^^^^^^^^^^^^^
  File "C:\Users\prana\OneDrive\Desktop\federated\.venv\Lib\site-packages\flwr\simulation\ray_transport\ray_actor.py", line 64, in run
    raise ClientAppException(str(ex)) from ex
flwr.client.client_app.ClientAppException: 
Exception ClientAppException occurred. Message: num_samples should be a positive integer value, but got num_samples=0

[2026-07-20 14:23:46,986][flwr][ERROR] - [36mray::ClientAppActor.run()[39m (pid=39472, ip=127.0.0.1, actor_id=57fb1270613446dbdd26bc3e01000000, repr=<flwr.simulation.ray_transport.ray_actor.ClientAppActor object at 0x000001E1E69A2E10>)
                  ^^^^^^^^^^^^^^^^^^^^^^^^^^^^^^^^^^^^^
  File "C:\Users\prana\OneDrive\Desktop\federated\.venv\Lib\site-packages\flwr\client\client_app.py", line 98, in __call__
    return self._call(message, context)
           ^^^^^^^^^^^^^^^^^^^^^^^^^^^^
  File "C:\Users\prana\OneDrive\Desktop\federated\.venv\Lib\site-packages\flwr\client\client_app.py", line 81, in ffn
    out_message = handle_legacy_message_from_msgtype(
                  ^^^^^^^^^^^^^^^^^^^^^^^^^^^^^^^^^^^
  File "C:\Users\prana\OneDrive\Desktop\federated\.venv\Lib\site-packages\flwr\client\message_handler\message_handler.py", line 96, in handle_legacy_message_from_msgtype
    client = client_fn(str(message.metadata.partition_id))
             ^^^^^^^^^^^^^^^^^^^^^^^^^^^^^^^^^^^^^^^^^^^^^
  File "C:\Users\prana\OneDrive\Desktop\federated\scripts\federated_simulation.py", line 44, in client_fn
    train_loader = data_module.train_dataloader()
                   ^^^^^^^^^^^^^^^^^^^^^^^^^^^^^^
  File "C:\Users\prana\OneDrive\Desktop\federated\app\datasets\loader.py", line 31, in train_dataloader
    return DataLoader(self.train_dataset, batch_size=self.batch_size, shuffle=True)
           ^^^^^^^^^^^^^^^^^^^^^^^^^^^^^^^^^^^^^^^^^^^^^^^^^^^^^^^^^^^^^^^^^^^^^^^^
  File "C:\Users\prana\OneDrive\Desktop\federated\.venv\Lib\site-packages\torch\utils\data\dataloader.py", line 401, in __init__
    sampler = RandomSampler(dataset, generator=generator)  # type: ignore[arg-type]
              ^^^^^^^^^^^^^^^^^^^^^^^^^^^^^^^^^^^^^^^^^^^
  File "C:\Users\prana\OneDrive\Desktop\federated\.venv\Lib\site-packages\torch\utils\data\sampler.py", line 149, in __init__
    raise ValueError(
ValueError: num_samples should be a positive integer value, but got num_samples=0

The above exception was the direct cause of the following exception:

[36mray::ClientAppActor.run()[39m (pid=39472, ip=127.0.0.1, actor_id=57fb1270613446dbdd26bc3e01000000, repr=<flwr.simulation.ray_transport.ray_actor.ClientAppActor object at 0x000001E1E69A2E10>)
  File "python\\ray\\_raylet.pyx", line 1836, in ray._raylet.execute_task
  File "python\\ray\\_raylet.pyx", line 1947, in ray._raylet.execute_task
  File "python\\ray\\_raylet.pyx", line 1843, in ray._raylet.execute_task
  File "python\\ray\\_raylet.pyx", line 1786, in ray._raylet.execute_task.function_executor
  File "C:\Users\prana\OneDrive\Desktop\federated\.venv\Lib\site-packages\ray\_private\function_manager.py", line 740, in actor_method_executor
    return method(__ray_actor, *args, **kwargs)
           ^^^^^^^^^^^^^^^^^^^^^^^^^^^^^^^^^^^^
  File "C:\Users\prana\OneDrive\Desktop\federated\.venv\Lib\site-packages\ray\util\tracing\tracing_helper.py", line 487, in _resume_span
    return method(self, *_args, **_kwargs)
           ^^^^^^^^^^^^^^^^^^^^^^^^^^^^^^^
  File "C:\Users\prana\OneDrive\Desktop\federated\.venv\Lib\site-packages\flwr\simulation\ray_transport\ray_actor.py", line 64, in run
    raise ClientAppException(str(ex)) from ex
flwr.client.client_app.ClientAppException: 
Exception ClientAppException occurred. Message: num_samples should be a positive integer value, but got num_samples=0
[2026-07-20 14:23:47,069][flwr][ERROR] - Traceback (most recent call last):
  File "C:\Users\prana\OneDrive\Desktop\federated\.venv\Lib\site-packages\flwr\simulation\ray_transport\ray_client_proxy.py", line 73, in _submit_job
    out_mssg, updated_context = self.actor_pool.get_client_result(
                                ^^^^^^^^^^^^^^^^^^^^^^^^^^^^^^^^^^
  File "C:\Users\prana\OneDrive\Desktop\federated\.venv\Lib\site-packages\flwr\simulation\ray_transport\ray_actor.py", line 399, in get_client_result
    return self._fetch_future_result(cid)
           ^^^^^^^^^^^^^^^^^^^^^^^^^^^^^^
  File "C:\Users\prana\OneDrive\Desktop\federated\.venv\Lib\site-packages\flwr\simulation\ray_transport\ray_actor.py", line 280, in _fetch_future_result
    res_cid, out_mssg, updated_context = ray.get(
                                         ^^^^^^^^
  File "C:\Users\prana\OneDrive\Desktop\federated\.venv\Lib\site-packages\ray\_private\auto_init_hook.py", line 22, in auto_init_wrapper
    return fn(*args, **kwargs)
           ^^^^^^^^^^^^^^^^^^^
  File "C:\Users\prana\OneDrive\Desktop\federated\.venv\Lib\site-packages\ray\_private\client_mode_hook.py", line 110, in wrapper
    return func(*args, **kwargs)
           ^^^^^^^^^^^^^^^^^^^^^
  File "C:\Users\prana\OneDrive\Desktop\federated\.venv\Lib\site-packages\ray\_private\worker.py", line 2968, in get
    values, debugger_breakpoint = worker.get_objects(
                                  ^^^^^^^^^^^^^^^^^^^
  File "C:\Users\prana\OneDrive\Desktop\federated\.venv\Lib\site-packages\ray\_private\worker.py", line 1050, in get_objects
    raise value.as_instanceof_cause()
ray.exceptions.RayTaskError(ClientAppException): [36mray::ClientAppActor.run()[39m (pid=32740, ip=127.0.0.1, actor_id=75b7ecd4076d0d78771ec85301000000, repr=<flwr.simulation.ray_transport.ray_actor.ClientAppActor object at 0x0000016D502D6960>)
                  ^^^^^^^^^^^^^^^^^^^^^^^^^^^^^^^^^^^^^
  File "C:\Users\prana\OneDrive\Desktop\federated\.venv\Lib\site-packages\flwr\client\client_app.py", line 98, in __call__
    return self._call(message, context)
           ^^^^^^^^^^^^^^^^^^^^^^^^^^^^
  File "C:\Users\prana\OneDrive\Desktop\federated\.venv\Lib\site-packages\flwr\client\client_app.py", line 81, in ffn
    out_message = handle_legacy_message_from_msgtype(
                  ^^^^^^^^^^^^^^^^^^^^^^^^^^^^^^^^^^^
  File "C:\Users\prana\OneDrive\Desktop\federated\.venv\Lib\site-packages\flwr\client\message_handler\message_handler.py", line 130, in handle_legacy_message_from_msgtype
    fit_res = maybe_call_fit(
              ^^^^^^^^^^^^^^^
  File "C:\Users\prana\OneDrive\Desktop\federated\.venv\Lib\site-packages\flwr\client\client.py", line 234, in maybe_call_fit
    return client.fit(fit_ins)
           ^^^^^^^^^^^^^^^^^^^
  File "C:\Users\prana\OneDrive\Desktop\federated\.venv\Lib\site-packages\flwr\client\numpy_client.py", line 238, in _fit
    results = self.numpy_client.fit(parameters, ins.config)  # type: ignore
              ^^^^^^^^^^^^^^^^^^^^^^^^^^^^^^^^^^^^^^^^^^^^^
  File "C:\Users\prana\OneDrive\Desktop\federated\app\federated\client.py", line 52, in fit
    self.trainer.fit(self.train_loader, self.val_loader, epochs=self.epochs,
  File "C:\Users\prana\OneDrive\Desktop\federated\app\training\trainer.py", line 37, in fit
    train_logs = self._train_epoch(train_loader, epoch, proximal_mu, global_params)
                 ^^^^^^^^^^^^^^^^^^^^^^^^^^^^^^^^^^^^^^^^^^^^^^^^^^^^^^^^^^^^^^^^^^
  File "C:\Users\prana\OneDrive\Desktop\federated\app\training\trainer.py", line 83, in _train_epoch
    output = self.model(data)
             ^^^^^^^^^^^^^^^^
  File "C:\Users\prana\OneDrive\Desktop\federated\.venv\Lib\site-packages\torch\nn\modules\module.py", line 1778, in _wrapped_call_impl
    return self._call_impl(*args, **kwargs)
           ^^^^^^^^^^^^^^^^^^^^^^^^^^^^^^^^
  File "C:\Users\prana\OneDrive\Desktop\federated\.venv\Lib\site-packages\torch\nn\modules\module.py", line 1789, in _call_impl
    return forward_call(*args, **kwargs)
           ^^^^^^^^^^^^^^^^^^^^^^^^^^^^^
  File "C:\Users\prana\OneDrive\Desktop\federated\app\models\mlp.py", line 24, in forward
    return self.network(x)
           ^^^^^^^^^^^^^^^
  File "C:\Users\prana\OneDrive\Desktop\federated\.venv\Lib\site-packages\torch\nn\modules\module.py", line 1778, in _wrapped_call_impl
    return self._call_impl(*args, **kwargs)
           ^^^^^^^^^^^^^^^^^^^^^^^^^^^^^^^^
  File "C:\Users\prana\OneDrive\Desktop\federated\.venv\Lib\site-packages\torch\nn\modules\module.py", line 1789, in _call_impl
    return forward_call(*args, **kwargs)
           ^^^^^^^^^^^^^^^^^^^^^^^^^^^^^
  File "C:\Users\prana\OneDrive\Desktop\federated\.venv\Lib\site-packages\torch\nn\modules\container.py", line 253, in forward
    input = module(input)
            ^^^^^^^^^^^^^
  File "C:\Users\prana\OneDrive\Desktop\federated\.venv\Lib\site-packages\torch\nn\modules\module.py", line 1778, in _wrapped_call_impl
    return self._call_impl(*args, **kwargs)
           ^^^^^^^^^^^^^^^^^^^^^^^^^^^^^^^^
  File "C:\Users\prana\OneDrive\Desktop\federated\.venv\Lib\site-packages\torch\nn\modules\module.py", line 1789, in _call_impl
    return forward_call(*args, **kwargs)
           ^^^^^^^^^^^^^^^^^^^^^^^^^^^^^
  File "C:\Users\prana\OneDrive\Desktop\federated\.venv\Lib\site-packages\torch\nn\modules\batchnorm.py", line 210, in forward
    return F.batch_norm(
           ^^^^^^^^^^^^^
  File "C:\Users\prana\OneDrive\Desktop\federated\.venv\Lib\site-packages\torch\nn\functional.py", line 2889, in batch_norm
    _verify_batch_size(input.size())
  File "C:\Users\prana\OneDrive\Desktop\federated\.venv\Lib\site-packages\torch\nn\functional.py", line 2854, in _verify_batch_size
    raise ValueError(
ValueError: Expected more than 1 value per channel when training, got input size torch.Size([1, 128])

The above exception was the direct cause of the following exception:

[36mray::ClientAppActor.run()[39m (pid=32740, ip=127.0.0.1, actor_id=75b7ecd4076d0d78771ec85301000000, repr=<flwr.simulation.ray_transport.ray_actor.ClientAppActor object at 0x0000016D502D6960>)
  File "python\\ray\\_raylet.pyx", line 1836, in ray._raylet.execute_task
  File "python\\ray\\_raylet.pyx", line 1947, in ray._raylet.execute_task
  File "python\\ray\\_raylet.pyx", line 1843, in ray._raylet.execute_task
  File "python\\ray\\_raylet.pyx", line 1786, in ray._raylet.execute_task.function_executor
  File "C:\Users\prana\OneDrive\Desktop\federated\.venv\Lib\site-packages\ray\_private\function_manager.py", line 740, in actor_method_executor
    return method(__ray_actor, *args, **kwargs)
           ^^^^^^^^^^^^^^^^^^^^^^^^^^^^^^^^^^^^
  File "C:\Users\prana\OneDrive\Desktop\federated\.venv\Lib\site-packages\ray\util\tracing\tracing_helper.py", line 487, in _resume_span
    return method(self, *_args, **_kwargs)
           ^^^^^^^^^^^^^^^^^^^^^^^^^^^^^^^
  File "C:\Users\prana\OneDrive\Desktop\federated\.venv\Lib\site-packages\flwr\simulation\ray_transport\ray_actor.py", line 64, in run
    raise ClientAppException(str(ex)) from ex
flwr.client.client_app.ClientAppException: 
Exception ClientAppException occurred. Message: Expected more than 1 value per channel when training, got input size torch.Size([1, 128])

[2026-07-20 14:23:47,072][flwr][ERROR] - [36mray::ClientAppActor.run()[39m (pid=32740, ip=127.0.0.1, actor_id=75b7ecd4076d0d78771ec85301000000, repr=<flwr.simulation.ray_transport.ray_actor.ClientAppActor object at 0x0000016D502D6960>)
                  ^^^^^^^^^^^^^^^^^^^^^^^^^^^^^^^^^^^^^
  File "C:\Users\prana\OneDrive\Desktop\federated\.venv\Lib\site-packages\flwr\client\client_app.py", line 98, in __call__
    return self._call(message, context)
           ^^^^^^^^^^^^^^^^^^^^^^^^^^^^
  File "C:\Users\prana\OneDrive\Desktop\federated\.venv\Lib\site-packages\flwr\client\client_app.py", line 81, in ffn
    out_message = handle_legacy_message_from_msgtype(
                  ^^^^^^^^^^^^^^^^^^^^^^^^^^^^^^^^^^^
  File "C:\Users\prana\OneDrive\Desktop\federated\.venv\Lib\site-packages\flwr\client\message_handler\message_handler.py", line 130, in handle_legacy_message_from_msgtype
    fit_res = maybe_call_fit(
              ^^^^^^^^^^^^^^^
  File "C:\Users\prana\OneDrive\Desktop\federated\.venv\Lib\site-packages\flwr\client\client.py", line 234, in maybe_call_fit
    return client.fit(fit_ins)
           ^^^^^^^^^^^^^^^^^^^
  File "C:\Users\prana\OneDrive\Desktop\federated\.venv\Lib\site-packages\flwr\client\numpy_client.py", line 238, in _fit
    results = self.numpy_client.fit(parameters, ins.config)  # type: ignore
              ^^^^^^^^^^^^^^^^^^^^^^^^^^^^^^^^^^^^^^^^^^^^^
  File "C:\Users\prana\OneDrive\Desktop\federated\app\federated\client.py", line 52, in fit
    self.trainer.fit(self.train_loader, self.val_loader, epochs=self.epochs,
  File "C:\Users\prana\OneDrive\Desktop\federated\app\training\trainer.py", line 37, in fit
    train_logs = self._train_epoch(train_loader, epoch, proximal_mu, global_params)
                 ^^^^^^^^^^^^^^^^^^^^^^^^^^^^^^^^^^^^^^^^^^^^^^^^^^^^^^^^^^^^^^^^^^
  File "C:\Users\prana\OneDrive\Desktop\federated\app\training\trainer.py", line 83, in _train_epoch
    output = self.model(data)
             ^^^^^^^^^^^^^^^^
  File "C:\Users\prana\OneDrive\Desktop\federated\.venv\Lib\site-packages\torch\nn\modules\module.py", line 1778, in _wrapped_call_impl
    return self._call_impl(*args, **kwargs)
           ^^^^^^^^^^^^^^^^^^^^^^^^^^^^^^^^
  File "C:\Users\prana\OneDrive\Desktop\federated\.venv\Lib\site-packages\torch\nn\modules\module.py", line 1789, in _call_impl
    return forward_call(*args, **kwargs)
           ^^^^^^^^^^^^^^^^^^^^^^^^^^^^^
  File "C:\Users\prana\OneDrive\Desktop\federated\app\models\mlp.py", line 24, in forward
    return self.network(x)
           ^^^^^^^^^^^^^^^
  File "C:\Users\prana\OneDrive\Desktop\federated\.venv\Lib\site-packages\torch\nn\modules\module.py", line 1778, in _wrapped_call_impl
    return self._call_impl(*args, **kwargs)
           ^^^^^^^^^^^^^^^^^^^^^^^^^^^^^^^^
  File "C:\Users\prana\OneDrive\Desktop\federated\.venv\Lib\site-packages\torch\nn\modules\module.py", line 1789, in _call_impl
    return forward_call(*args, **kwargs)
           ^^^^^^^^^^^^^^^^^^^^^^^^^^^^^
  File "C:\Users\prana\OneDrive\Desktop\federated\.venv\Lib\site-packages\torch\nn\modules\container.py", line 253, in forward
    input = module(input)
            ^^^^^^^^^^^^^
  File "C:\Users\prana\OneDrive\Desktop\federated\.venv\Lib\site-packages\torch\nn\modules\module.py", line 1778, in _wrapped_call_impl
    return self._call_impl(*args, **kwargs)
           ^^^^^^^^^^^^^^^^^^^^^^^^^^^^^^^^
  File "C:\Users\prana\OneDrive\Desktop\federated\.venv\Lib\site-packages\torch\nn\modules\module.py", line 1789, in _call_impl
    return forward_call(*args, **kwargs)
           ^^^^^^^^^^^^^^^^^^^^^^^^^^^^^
  File "C:\Users\prana\OneDrive\Desktop\federated\.venv\Lib\site-packages\torch\nn\modules\batchnorm.py", line 210, in forward
    return F.batch_norm(
           ^^^^^^^^^^^^^
  File "C:\Users\prana\OneDrive\Desktop\federated\.venv\Lib\site-packages\torch\nn\functional.py", line 2889, in batch_norm
    _verify_batch_size(input.size())
  File "C:\Users\prana\OneDrive\Desktop\federated\.venv\Lib\site-packages\torch\nn\functional.py", line 2854, in _verify_batch_size
    raise ValueError(
ValueError: Expected more than 1 value per channel when training, got input size torch.Size([1, 128])

The above exception was the direct cause of the following exception:

[36mray::ClientAppActor.run()[39m (pid=32740, ip=127.0.0.1, actor_id=75b7ecd4076d0d78771ec85301000000, repr=<flwr.simulation.ray_transport.ray_actor.ClientAppActor object at 0x0000016D502D6960>)
  File "python\\ray\\_raylet.pyx", line 1836, in ray._raylet.execute_task
  File "python\\ray\\_raylet.pyx", line 1947, in ray._raylet.execute_task
  File "python\\ray\\_raylet.pyx", line 1843, in ray._raylet.execute_task
  File "python\\ray\\_raylet.pyx", line 1786, in ray._raylet.execute_task.function_executor
  File "C:\Users\prana\OneDrive\Desktop\federated\.venv\Lib\site-packages\ray\_private\function_manager.py", line 740, in actor_method_executor
    return method(__ray_actor, *args, **kwargs)
           ^^^^^^^^^^^^^^^^^^^^^^^^^^^^^^^^^^^^
  File "C:\Users\prana\OneDrive\Desktop\federated\.venv\Lib\site-packages\ray\util\tracing\tracing_helper.py", line 487, in _resume_span
    return method(self, *_args, **_kwargs)
           ^^^^^^^^^^^^^^^^^^^^^^^^^^^^^^^
  File "C:\Users\prana\OneDrive\Desktop\federated\.venv\Lib\site-packages\flwr\simulation\ray_transport\ray_actor.py", line 64, in run
    raise ClientAppException(str(ex)) from ex
flwr.client.client_app.ClientAppException: 
Exception ClientAppException occurred. Message: Expected more than 1 value per channel when training, got input size torch.Size([1, 128])
[2026-07-20 14:23:47,377][flwr][ERROR] - Traceback (most recent call last):
  File "C:\Users\prana\OneDrive\Desktop\federated\.venv\Lib\site-packages\flwr\simulation\ray_transport\ray_client_proxy.py", line 73, in _submit_job
    out_mssg, updated_context = self.actor_pool.get_client_result(
                                ^^^^^^^^^^^^^^^^^^^^^^^^^^^^^^^^^^
  File "C:\Users\prana\OneDrive\Desktop\federated\.venv\Lib\site-packages\flwr\simulation\ray_transport\ray_actor.py", line 399, in get_client_result
    return self._fetch_future_result(cid)
           ^^^^^^^^^^^^^^^^^^^^^^^^^^^^^^
  File "C:\Users\prana\OneDrive\Desktop\federated\.venv\Lib\site-packages\flwr\simulation\ray_transport\ray_actor.py", line 280, in _fetch_future_result
    res_cid, out_mssg, updated_context = ray.get(
                                         ^^^^^^^^
  File "C:\Users\prana\OneDrive\Desktop\federated\.venv\Lib\site-packages\ray\_private\auto_init_hook.py", line 22, in auto_init_wrapper
    return fn(*args, **kwargs)
           ^^^^^^^^^^^^^^^^^^^
  File "C:\Users\prana\OneDrive\Desktop\federated\.venv\Lib\site-packages\ray\_private\client_mode_hook.py", line 110, in wrapper
    return func(*args, **kwargs)
           ^^^^^^^^^^^^^^^^^^^^^
  File "C:\Users\prana\OneDrive\Desktop\federated\.venv\Lib\site-packages\ray\_private\worker.py", line 2968, in get
    values, debugger_breakpoint = worker.get_objects(
                                  ^^^^^^^^^^^^^^^^^^^
  File "C:\Users\prana\OneDrive\Desktop\federated\.venv\Lib\site-packages\ray\_private\worker.py", line 1050, in get_objects
    raise value.as_instanceof_cause()
ray.exceptions.RayTaskError(ClientAppException): [36mray::ClientAppActor.run()[39m (pid=15588, ip=127.0.0.1, actor_id=fc7a098498a145d7af55d45101000000, repr=<flwr.simulation.ray_transport.ray_actor.ClientAppActor object at 0x00000241B4F02B40>)
                  ^^^^^^^^^^^^^^^^^^^^^^^^^^^^^^^^^^^^^
  File "C:\Users\prana\OneDrive\Desktop\federated\.venv\Lib\site-packages\flwr\client\client_app.py", line 98, in __call__
    return self._call(message, context)
           ^^^^^^^^^^^^^^^^^^^^^^^^^^^^
  File "C:\Users\prana\OneDrive\Desktop\federated\.venv\Lib\site-packages\flwr\client\client_app.py", line 81, in ffn
    out_message = handle_legacy_message_from_msgtype(
                  ^^^^^^^^^^^^^^^^^^^^^^^^^^^^^^^^^^^
  File "C:\Users\prana\OneDrive\Desktop\federated\.venv\Lib\site-packages\flwr\client\message_handler\message_handler.py", line 130, in handle_legacy_message_from_msgtype
    fit_res = maybe_call_fit(
              ^^^^^^^^^^^^^^^
  File "C:\Users\prana\OneDrive\Desktop\federated\.venv\Lib\site-packages\flwr\client\client.py", line 234, in maybe_call_fit
    return client.fit(fit_ins)
           ^^^^^^^^^^^^^^^^^^^
  File "C:\Users\prana\OneDrive\Desktop\federated\.venv\Lib\site-packages\flwr\client\numpy_client.py", line 238, in _fit
    results = self.numpy_client.fit(parameters, ins.config)  # type: ignore
              ^^^^^^^^^^^^^^^^^^^^^^^^^^^^^^^^^^^^^^^^^^^^^
  File "C:\Users\prana\OneDrive\Desktop\federated\app\federated\client.py", line 52, in fit
    self.trainer.fit(self.train_loader, self.val_loader, epochs=self.epochs,
  File "C:\Users\prana\OneDrive\Desktop\federated\app\training\trainer.py", line 37, in fit
    train_logs = self._train_epoch(train_loader, epoch, proximal_mu, global_params)
                 ^^^^^^^^^^^^^^^^^^^^^^^^^^^^^^^^^^^^^^^^^^^^^^^^^^^^^^^^^^^^^^^^^^
  File "C:\Users\prana\OneDrive\Desktop\federated\app\training\trainer.py", line 83, in _train_epoch
    output = self.model(data)
             ^^^^^^^^^^^^^^^^
  File "C:\Users\prana\OneDrive\Desktop\federated\.venv\Lib\site-packages\torch\nn\modules\module.py", line 1778, in _wrapped_call_impl
    return self._call_impl(*args, **kwargs)
           ^^^^^^^^^^^^^^^^^^^^^^^^^^^^^^^^
  File "C:\Users\prana\OneDrive\Desktop\federated\.venv\Lib\site-packages\torch\nn\modules\module.py", line 1789, in _call_impl
    return forward_call(*args, **kwargs)
           ^^^^^^^^^^^^^^^^^^^^^^^^^^^^^
  File "C:\Users\prana\OneDrive\Desktop\federated\app\models\mlp.py", line 24, in forward
    return self.network(x)
           ^^^^^^^^^^^^^^^
  File "C:\Users\prana\OneDrive\Desktop\federated\.venv\Lib\site-packages\torch\nn\modules\module.py", line 1778, in _wrapped_call_impl
    return self._call_impl(*args, **kwargs)
           ^^^^^^^^^^^^^^^^^^^^^^^^^^^^^^^^
  File "C:\Users\prana\OneDrive\Desktop\federated\.venv\Lib\site-packages\torch\nn\modules\module.py", line 1789, in _call_impl
    return forward_call(*args, **kwargs)
           ^^^^^^^^^^^^^^^^^^^^^^^^^^^^^
  File "C:\Users\prana\OneDrive\Desktop\federated\.venv\Lib\site-packages\torch\nn\modules\container.py", line 253, in forward
    input = module(input)
            ^^^^^^^^^^^^^
  File "C:\Users\prana\OneDrive\Desktop\federated\.venv\Lib\site-packages\torch\nn\modules\module.py", line 1778, in _wrapped_call_impl
    return self._call_impl(*args, **kwargs)
           ^^^^^^^^^^^^^^^^^^^^^^^^^^^^^^^^
  File "C:\Users\prana\OneDrive\Desktop\federated\.venv\Lib\site-packages\torch\nn\modules\module.py", line 1789, in _call_impl
    return forward_call(*args, **kwargs)
           ^^^^^^^^^^^^^^^^^^^^^^^^^^^^^
  File "C:\Users\prana\OneDrive\Desktop\federated\.venv\Lib\site-packages\torch\nn\modules\batchnorm.py", line 210, in forward
    return F.batch_norm(
           ^^^^^^^^^^^^^
  File "C:\Users\prana\OneDrive\Desktop\federated\.venv\Lib\site-packages\torch\nn\functional.py", line 2889, in batch_norm
    _verify_batch_size(input.size())
  File "C:\Users\prana\OneDrive\Desktop\federated\.venv\Lib\site-packages\torch\nn\functional.py", line 2854, in _verify_batch_size
    raise ValueError(
ValueError: Expected more than 1 value per channel when training, got input size torch.Size([1, 128])

The above exception was the direct cause of the following exception:

[36mray::ClientAppActor.run()[39m (pid=15588, ip=127.0.0.1, actor_id=fc7a098498a145d7af55d45101000000, repr=<flwr.simulation.ray_transport.ray_actor.ClientAppActor object at 0x00000241B4F02B40>)
  File "python\\ray\\_raylet.pyx", line 1836, in ray._raylet.execute_task
  File "python\\ray\\_raylet.pyx", line 1947, in ray._raylet.execute_task
  File "python\\ray\\_raylet.pyx", line 1843, in ray._raylet.execute_task
  File "python\\ray\\_raylet.pyx", line 1786, in ray._raylet.execute_task.function_executor
  File "C:\Users\prana\OneDrive\Desktop\federated\.venv\Lib\site-packages\ray\_private\function_manager.py", line 740, in actor_method_executor
    return method(__ray_actor, *args, **kwargs)
           ^^^^^^^^^^^^^^^^^^^^^^^^^^^^^^^^^^^^
  File "C:\Users\prana\OneDrive\Desktop\federated\.venv\Lib\site-packages\ray\util\tracing\tracing_helper.py", line 487, in _resume_span
    return method(self, *_args, **_kwargs)
           ^^^^^^^^^^^^^^^^^^^^^^^^^^^^^^^
  File "C:\Users\prana\OneDrive\Desktop\federated\.venv\Lib\site-packages\flwr\simulation\ray_transport\ray_actor.py", line 64, in run
    raise ClientAppException(str(ex)) from ex
flwr.client.client_app.ClientAppException: 
Exception ClientAppException occurred. Message: Expected more than 1 value per channel when training, got input size torch.Size([1, 128])

[2026-07-20 14:23:47,379][flwr][ERROR] - [36mray::ClientAppActor.run()[39m (pid=15588, ip=127.0.0.1, actor_id=fc7a098498a145d7af55d45101000000, repr=<flwr.simulation.ray_transport.ray_actor.ClientAppActor object at 0x00000241B4F02B40>)
                  ^^^^^^^^^^^^^^^^^^^^^^^^^^^^^^^^^^^^^
  File "C:\Users\prana\OneDrive\Desktop\federated\.venv\Lib\site-packages\flwr\client\client_app.py", line 98, in __call__
    return self._call(message, context)
           ^^^^^^^^^^^^^^^^^^^^^^^^^^^^
  File "C:\Users\prana\OneDrive\Desktop\federated\.venv\Lib\site-packages\flwr\client\client_app.py", line 81, in ffn
    out_message = handle_legacy_message_from_msgtype(
                  ^^^^^^^^^^^^^^^^^^^^^^^^^^^^^^^^^^^
  File "C:\Users\prana\OneDrive\Desktop\federated\.venv\Lib\site-packages\flwr\client\message_handler\message_handler.py", line 130, in handle_legacy_message_from_msgtype
    fit_res = maybe_call_fit(
              ^^^^^^^^^^^^^^^
  File "C:\Users\prana\OneDrive\Desktop\federated\.venv\Lib\site-packages\flwr\client\client.py", line 234, in maybe_call_fit
    return client.fit(fit_ins)
           ^^^^^^^^^^^^^^^^^^^
  File "C:\Users\prana\OneDrive\Desktop\federated\.venv\Lib\site-packages\flwr\client\numpy_client.py", line 238, in _fit
    results = self.numpy_client.fit(parameters, ins.config)  # type: ignore
              ^^^^^^^^^^^^^^^^^^^^^^^^^^^^^^^^^^^^^^^^^^^^^
  File "C:\Users\prana\OneDrive\Desktop\federated\app\federated\client.py", line 52, in fit
    self.trainer.fit(self.train_loader, self.val_loader, epochs=self.epochs,
  File "C:\Users\prana\OneDrive\Desktop\federated\app\training\trainer.py", line 37, in fit
    train_logs = self._train_epoch(train_loader, epoch, proximal_mu, global_params)
                 ^^^^^^^^^^^^^^^^^^^^^^^^^^^^^^^^^^^^^^^^^^^^^^^^^^^^^^^^^^^^^^^^^^
  File "C:\Users\prana\OneDrive\Desktop\federated\app\training\trainer.py", line 83, in _train_epoch
    output = self.model(data)
             ^^^^^^^^^^^^^^^^
  File "C:\Users\prana\OneDrive\Desktop\federated\.venv\Lib\site-packages\torch\nn\modules\module.py", line 1778, in _wrapped_call_impl
    return self._call_impl(*args, **kwargs)
           ^^^^^^^^^^^^^^^^^^^^^^^^^^^^^^^^
  File "C:\Users\prana\OneDrive\Desktop\federated\.venv\Lib\site-packages\torch\nn\modules\module.py", line 1789, in _call_impl
    return forward_call(*args, **kwargs)
           ^^^^^^^^^^^^^^^^^^^^^^^^^^^^^
  File "C:\Users\prana\OneDrive\Desktop\federated\app\models\mlp.py", line 24, in forward
    return self.network(x)
           ^^^^^^^^^^^^^^^
  File "C:\Users\prana\OneDrive\Desktop\federated\.venv\Lib\site-packages\torch\nn\modules\module.py", line 1778, in _wrapped_call_impl
    return self._call_impl(*args, **kwargs)
           ^^^^^^^^^^^^^^^^^^^^^^^^^^^^^^^^
  File "C:\Users\prana\OneDrive\Desktop\federated\.venv\Lib\site-packages\torch\nn\modules\module.py", line 1789, in _call_impl
    return forward_call(*args, **kwargs)
           ^^^^^^^^^^^^^^^^^^^^^^^^^^^^^
  File "C:\Users\prana\OneDrive\Desktop\federated\.venv\Lib\site-packages\torch\nn\modules\container.py", line 253, in forward
    input = module(input)
            ^^^^^^^^^^^^^
  File "C:\Users\prana\OneDrive\Desktop\federated\.venv\Lib\site-packages\torch\nn\modules\module.py", line 1778, in _wrapped_call_impl
    return self._call_impl(*args, **kwargs)
           ^^^^^^^^^^^^^^^^^^^^^^^^^^^^^^^^
  File "C:\Users\prana\OneDrive\Desktop\federated\.venv\Lib\site-packages\torch\nn\modules\module.py", line 1789, in _call_impl
    return forward_call(*args, **kwargs)
           ^^^^^^^^^^^^^^^^^^^^^^^^^^^^^
  File "C:\Users\prana\OneDrive\Desktop\federated\.venv\Lib\site-packages\torch\nn\modules\batchnorm.py", line 210, in forward
    return F.batch_norm(
           ^^^^^^^^^^^^^
  File "C:\Users\prana\OneDrive\Desktop\federated\.venv\Lib\site-packages\torch\nn\functional.py", line 2889, in batch_norm
    _verify_batch_size(input.size())
  File "C:\Users\prana\OneDrive\Desktop\federated\.venv\Lib\site-packages\torch\nn\functional.py", line 2854, in _verify_batch_size
    raise ValueError(
ValueError: Expected more than 1 value per channel when training, got input size torch.Size([1, 128])

The above exception was the direct cause of the following exception:

[36mray::ClientAppActor.run()[39m (pid=15588, ip=127.0.0.1, actor_id=fc7a098498a145d7af55d45101000000, repr=<flwr.simulation.ray_transport.ray_actor.ClientAppActor object at 0x00000241B4F02B40>)
  File "python\\ray\\_raylet.pyx", line 1836, in ray._raylet.execute_task
  File "python\\ray\\_raylet.pyx", line 1947, in ray._raylet.execute_task
  File "python\\ray\\_raylet.pyx", line 1843, in ray._raylet.execute_task
  File "python\\ray\\_raylet.pyx", line 1786, in ray._raylet.execute_task.function_executor
  File "C:\Users\prana\OneDrive\Desktop\federated\.venv\Lib\site-packages\ray\_private\function_manager.py", line 740, in actor_method_executor
    return method(__ray_actor, *args, **kwargs)
           ^^^^^^^^^^^^^^^^^^^^^^^^^^^^^^^^^^^^
  File "C:\Users\prana\OneDrive\Desktop\federated\.venv\Lib\site-packages\ray\util\tracing\tracing_helper.py", line 487, in _resume_span
    return method(self, *_args, **_kwargs)
           ^^^^^^^^^^^^^^^^^^^^^^^^^^^^^^^
  File "C:\Users\prana\OneDrive\Desktop\federated\.venv\Lib\site-packages\flwr\simulation\ray_transport\ray_actor.py", line 64, in run
    raise ClientAppException(str(ex)) from ex
flwr.client.client_app.ClientAppException: 
Exception ClientAppException occurred. Message: Expected more than 1 value per channel when training, got input size torch.Size([1, 128])
[2026-07-20 14:23:47,382][flwr][INFO] - aggregate_fit: received 0 results and 3 failures
[2026-07-20 14:23:47,382][flwr][INFO] - configure_evaluate: strategy sampled 3 clients (out of 3)
[2026-07-20 14:23:47,407][flwr][ERROR] - Traceback (most recent call last):
  File "C:\Users\prana\OneDrive\Desktop\federated\.venv\Lib\site-packages\flwr\simulation\ray_transport\ray_client_proxy.py", line 73, in _submit_job
    out_mssg, updated_context = self.actor_pool.get_client_result(
                                ^^^^^^^^^^^^^^^^^^^^^^^^^^^^^^^^^^
  File "C:\Users\prana\OneDrive\Desktop\federated\.venv\Lib\site-packages\flwr\simulation\ray_transport\ray_actor.py", line 399, in get_client_result
    return self._fetch_future_result(cid)
           ^^^^^^^^^^^^^^^^^^^^^^^^^^^^^^
  File "C:\Users\prana\OneDrive\Desktop\federated\.venv\Lib\site-packages\flwr\simulation\ray_transport\ray_actor.py", line 280, in _fetch_future_result
    res_cid, out_mssg, updated_context = ray.get(
                                         ^^^^^^^^
  File "C:\Users\prana\OneDrive\Desktop\federated\.venv\Lib\site-packages\ray\_private\auto_init_hook.py", line 22, in auto_init_wrapper
    return fn(*args, **kwargs)
           ^^^^^^^^^^^^^^^^^^^
  File "C:\Users\prana\OneDrive\Desktop\federated\.venv\Lib\site-packages\ray\_private\client_mode_hook.py", line 110, in wrapper
    return func(*args, **kwargs)
           ^^^^^^^^^^^^^^^^^^^^^
  File "C:\Users\prana\OneDrive\Desktop\federated\.venv\Lib\site-packages\ray\_private\worker.py", line 2968, in get
    values, debugger_breakpoint = worker.get_objects(
                                  ^^^^^^^^^^^^^^^^^^^
  File "C:\Users\prana\OneDrive\Desktop\federated\.venv\Lib\site-packages\ray\_private\worker.py", line 1050, in get_objects
    raise value.as_instanceof_cause()
ray.exceptions.RayTaskError(ClientAppException): [36mray::ClientAppActor.run()[39m (pid=32740, ip=127.0.0.1, actor_id=75b7ecd4076d0d78771ec85301000000, repr=<flwr.simulation.ray_transport.ray_actor.ClientAppActor object at 0x0000016D502D6960>)
                  ^^^^^^^^^^^^^^^^^^^^^^^^^^^^^^^^^^^^^
  File "C:\Users\prana\OneDrive\Desktop\federated\.venv\Lib\site-packages\flwr\client\client_app.py", line 98, in __call__
    return self._call(message, context)
           ^^^^^^^^^^^^^^^^^^^^^^^^^^^^
  File "C:\Users\prana\OneDrive\Desktop\federated\.venv\Lib\site-packages\flwr\client\client_app.py", line 81, in ffn
    out_message = handle_legacy_message_from_msgtype(
                  ^^^^^^^^^^^^^^^^^^^^^^^^^^^^^^^^^^^
  File "C:\Users\prana\OneDrive\Desktop\federated\.venv\Lib\site-packages\flwr\client\message_handler\message_handler.py", line 96, in handle_legacy_message_from_msgtype
    client = client_fn(str(message.metadata.partition_id))
             ^^^^^^^^^^^^^^^^^^^^^^^^^^^^^^^^^^^^^^^^^^^^^
  File "C:\Users\prana\OneDrive\Desktop\federated\scripts\federated_simulation.py", line 44, in client_fn
    train_loader = data_module.train_dataloader()
                   ^^^^^^^^^^^^^^^^^^^^^^^^^^^^^^
  File "C:\Users\prana\OneDrive\Desktop\federated\app\datasets\loader.py", line 31, in train_dataloader
    return DataLoader(self.train_dataset, batch_size=self.batch_size, shuffle=True)
           ^^^^^^^^^^^^^^^^^^^^^^^^^^^^^^^^^^^^^^^^^^^^^^^^^^^^^^^^^^^^^^^^^^^^^^^^
  File "C:\Users\prana\OneDrive\Desktop\federated\.venv\Lib\site-packages\torch\utils\data\dataloader.py", line 401, in __init__
    sampler = RandomSampler(dataset, generator=generator)  # type: ignore[arg-type]
              ^^^^^^^^^^^^^^^^^^^^^^^^^^^^^^^^^^^^^^^^^^^
  File "C:\Users\prana\OneDrive\Desktop\federated\.venv\Lib\site-packages\torch\utils\data\sampler.py", line 149, in __init__
    raise ValueError(
ValueError: num_samples should be a positive integer value, but got num_samples=0

The above exception was the direct cause of the following exception:

[36mray::ClientAppActor.run()[39m (pid=32740, ip=127.0.0.1, actor_id=75b7ecd4076d0d78771ec85301000000, repr=<flwr.simulation.ray_transport.ray_actor.ClientAppActor object at 0x0000016D502D6960>)
  File "python\\ray\\_raylet.pyx", line 1836, in ray._raylet.execute_task
  File "python\\ray\\_raylet.pyx", line 1947, in ray._raylet.execute_task
  File "python\\ray\\_raylet.pyx", line 1843, in ray._raylet.execute_task
  File "python\\ray\\_raylet.pyx", line 1786, in ray._raylet.execute_task.function_executor
  File "C:\Users\prana\OneDrive\Desktop\federated\.venv\Lib\site-packages\ray\_private\function_manager.py", line 740, in actor_method_executor
    return method(__ray_actor, *args, **kwargs)
           ^^^^^^^^^^^^^^^^^^^^^^^^^^^^^^^^^^^^
  File "C:\Users\prana\OneDrive\Desktop\federated\.venv\Lib\site-packages\ray\util\tracing\tracing_helper.py", line 487, in _resume_span
    return method(self, *_args, **_kwargs)
           ^^^^^^^^^^^^^^^^^^^^^^^^^^^^^^^
  File "C:\Users\prana\OneDrive\Desktop\federated\.venv\Lib\site-packages\flwr\simulation\ray_transport\ray_actor.py", line 64, in run
    raise ClientAppException(str(ex)) from ex
flwr.client.client_app.ClientAppException: 
Exception ClientAppException occurred. Message: num_samples should be a positive integer value, but got num_samples=0

[2026-07-20 14:23:47,409][flwr][ERROR] - [36mray::ClientAppActor.run()[39m (pid=32740, ip=127.0.0.1, actor_id=75b7ecd4076d0d78771ec85301000000, repr=<flwr.simulation.ray_transport.ray_actor.ClientAppActor object at 0x0000016D502D6960>)
                  ^^^^^^^^^^^^^^^^^^^^^^^^^^^^^^^^^^^^^
  File "C:\Users\prana\OneDrive\Desktop\federated\.venv\Lib\site-packages\flwr\client\client_app.py", line 98, in __call__
    return self._call(message, context)
           ^^^^^^^^^^^^^^^^^^^^^^^^^^^^
  File "C:\Users\prana\OneDrive\Desktop\federated\.venv\Lib\site-packages\flwr\client\client_app.py", line 81, in ffn
    out_message = handle_legacy_message_from_msgtype(
                  ^^^^^^^^^^^^^^^^^^^^^^^^^^^^^^^^^^^
  File "C:\Users\prana\OneDrive\Desktop\federated\.venv\Lib\site-packages\flwr\client\message_handler\message_handler.py", line 96, in handle_legacy_message_from_msgtype
    client = client_fn(str(message.metadata.partition_id))
             ^^^^^^^^^^^^^^^^^^^^^^^^^^^^^^^^^^^^^^^^^^^^^
  File "C:\Users\prana\OneDrive\Desktop\federated\scripts\federated_simulation.py", line 44, in client_fn
    train_loader = data_module.train_dataloader()
                   ^^^^^^^^^^^^^^^^^^^^^^^^^^^^^^
  File "C:\Users\prana\OneDrive\Desktop\federated\app\datasets\loader.py", line 31, in train_dataloader
    return DataLoader(self.train_dataset, batch_size=self.batch_size, shuffle=True)
           ^^^^^^^^^^^^^^^^^^^^^^^^^^^^^^^^^^^^^^^^^^^^^^^^^^^^^^^^^^^^^^^^^^^^^^^^
  File "C:\Users\prana\OneDrive\Desktop\federated\.venv\Lib\site-packages\torch\utils\data\dataloader.py", line 401, in __init__
    sampler = RandomSampler(dataset, generator=generator)  # type: ignore[arg-type]
              ^^^^^^^^^^^^^^^^^^^^^^^^^^^^^^^^^^^^^^^^^^^
  File "C:\Users\prana\OneDrive\Desktop\federated\.venv\Lib\site-packages\torch\utils\data\sampler.py", line 149, in __init__
    raise ValueError(
ValueError: num_samples should be a positive integer value, but got num_samples=0

The above exception was the direct cause of the following exception:

[36mray::ClientAppActor.run()[39m (pid=32740, ip=127.0.0.1, actor_id=75b7ecd4076d0d78771ec85301000000, repr=<flwr.simulation.ray_transport.ray_actor.ClientAppActor object at 0x0000016D502D6960>)
  File "python\\ray\\_raylet.pyx", line 1836, in ray._raylet.execute_task
  File "python\\ray\\_raylet.pyx", line 1947, in ray._raylet.execute_task
  File "python\\ray\\_raylet.pyx", line 1843, in ray._raylet.execute_task
  File "python\\ray\\_raylet.pyx", line 1786, in ray._raylet.execute_task.function_executor
  File "C:\Users\prana\OneDrive\Desktop\federated\.venv\Lib\site-packages\ray\_private\function_manager.py", line 740, in actor_method_executor
    return method(__ray_actor, *args, **kwargs)
           ^^^^^^^^^^^^^^^^^^^^^^^^^^^^^^^^^^^^
  File "C:\Users\prana\OneDrive\Desktop\federated\.venv\Lib\site-packages\ray\util\tracing\tracing_helper.py", line 487, in _resume_span
    return method(self, *_args, **_kwargs)
           ^^^^^^^^^^^^^^^^^^^^^^^^^^^^^^^
  File "C:\Users\prana\OneDrive\Desktop\federated\.venv\Lib\site-packages\flwr\simulation\ray_transport\ray_actor.py", line 64, in run
    raise ClientAppException(str(ex)) from ex
flwr.client.client_app.ClientAppException: 
Exception ClientAppException occurred. Message: num_samples should be a positive integer value, but got num_samples=0
[2026-07-20 14:23:47,443][flwr][INFO] - aggregate_evaluate: received 2 results and 1 failures
[2026-07-20 14:23:47,513][flwr][INFO] - 
[2026-07-20 14:23:47,513][flwr][INFO] - [SUMMARY]
[2026-07-20 14:23:47,513][flwr][INFO] - Run finished 3 round(s) in 20.50s
[2026-07-20 14:23:47,513][flwr][INFO] - 	History (loss, distributed):
[2026-07-20 14:23:47,514][flwr][INFO] - 		round 1: 0.6400485038757324
[2026-07-20 14:23:47,514][flwr][INFO] - 		round 2: 0.6400485038757324
[2026-07-20 14:23:47,514][flwr][INFO] - 		round 3: 0.6400485038757324
[2026-07-20 14:23:47,514][flwr][INFO] - 	History (metrics, distributed, evaluate):
[2026-07-20 14:23:47,514][flwr][INFO] - 	{'accuracy': [(1, 1.0), (2, 1.0), (3, 1.0)]}
[2026-07-20 14:23:47,514][flwr][INFO] - 
