[2026-07-20 14:18:16,128][flwr][INFO] - Starting Flower simulation, config: num_rounds=3, no round_timeout
[2026-07-20 14:18:29,097][flwr][INFO] - Flower VCE: Ray initialized with resources: {'CPU': 16.0, 'node:__internal_head__': 1.0, 'node:127.0.0.1': 1.0, 'object_store_memory': 856118476.0, 'memory': 1997609780.0}
[2026-07-20 14:18:29,097][flwr][INFO] - Optimize your simulation with Flower VCE: https://flower.ai/docs/framework/how-to-run-simulations.html
[2026-07-20 14:18:29,098][flwr][INFO] - Flower VCE: Resources for each Virtual Client: {'num_cpus': 1, 'num_gpus': 0.0}
[2026-07-20 14:18:29,710][flwr][INFO] - Flower VCE: Creating VirtualClientEngineActorPool with 16 actors
[2026-07-20 14:18:29,712][flwr][INFO] - [INIT]
[2026-07-20 14:18:29,712][flwr][INFO] - Requesting initial parameters from one random client
[2026-07-20 14:18:47,282][flwr][INFO] - Received initial parameters from one random client
[2026-07-20 14:18:47,283][flwr][INFO] - Evaluating initial global parameters
[2026-07-20 14:18:47,283][flwr][INFO] - 
[2026-07-20 14:18:47,283][flwr][INFO] - [ROUND 1]
[2026-07-20 14:18:47,283][flwr][INFO] - configure_fit: strategy sampled 3 clients (out of 3)
[2026-07-20 14:18:47,316][flwr][ERROR] - Traceback (most recent call last):
  File "C:\Users\prana\OneDrive\Desktop\federated\.venv\Lib\site-packages\flwr\simulation\ray_transport\ray_client_proxy.py", line 73, in _submit_job
    out_mssg, updated_context = self.actor_pool.get_client_result(
                                ^^^^^^^^^^^^^^^^^^^^^^^^^^^^^^^^^^
  File "C:\Users\prana\OneDrive\Desktop\federated\.venv\Lib\site-packages\flwr\simulation\ray_transport\ray_actor.py", line 399, in get_client_result
    return self._fetch_future_result(cid)
           ^^^^^^^^^^^^^^^^^^^^^^^^^^^^^^
  File "C:\Users\prana\OneDrive\Desktop\federated\.venv\Lib\site-packages\flwr\simulation\ray_transport\ray_actor.py", line 280, in _fetch_future_result
    res_cid, out_mssg, updated_context = ray.get(
                                         ^^^^^^^^
  File "C:\Users\prana\OneDrive\Desktop\federated\.venv\Lib\site-packages\ray\_private\auto_init_hook.py", line 22, in auto_init_wrapper
    return fn(*args, **kwargs)
           ^^^^^^^^^^^^^^^^^^^
  File "C:\Users\prana\OneDrive\Desktop\federated\.venv\Lib\site-packages\ray\_private\client_mode_hook.py", line 110, in wrapper
    return func(*args, **kwargs)
           ^^^^^^^^^^^^^^^^^^^^^
  File "C:\Users\prana\OneDrive\Desktop\federated\.venv\Lib\site-packages\ray\_private\worker.py", line 2968, in get
    values, debugger_breakpoint = worker.get_objects(
                                  ^^^^^^^^^^^^^^^^^^^
  File "C:\Users\prana\OneDrive\Desktop\federated\.venv\Lib\site-packages\ray\_private\worker.py", line 1050, in get_objects
    raise value.as_instanceof_cause()
ray.exceptions.RayTaskError(ClientAppException): [36mray::ClientAppActor.run()[39m (pid=30208, ip=127.0.0.1, actor_id=ce5320a6ffa0f61e43ad02f901000000, repr=<flwr.simulation.ray_transport.ray_actor.ClientAppActor object at 0x00000297FBA06A20>)
                  ^^^^^^^^^^^^^^^^^^^^^^^^^^^^^^^^^^^^^
  File "C:\Users\prana\OneDrive\Desktop\federated\.venv\Lib\site-packages\flwr\client\client_app.py", line 98, in __call__
    return self._call(message, context)
           ^^^^^^^^^^^^^^^^^^^^^^^^^^^^
  File "C:\Users\prana\OneDrive\Desktop\federated\.venv\Lib\site-packages\flwr\client\client_app.py", line 81, in ffn
    out_message = handle_legacy_message_from_msgtype(
                  ^^^^^^^^^^^^^^^^^^^^^^^^^^^^^^^^^^^
  File "C:\Users\prana\OneDrive\Desktop\federated\.venv\Lib\site-packages\flwr\client\message_handler\message_handler.py", line 96, in handle_legacy_message_from_msgtype
    client = client_fn(str(message.metadata.partition_id))
             ^^^^^^^^^^^^^^^^^^^^^^^^^^^^^^^^^^^^^^^^^^^^^
  File "C:\Users\prana\OneDrive\Desktop\federated\scripts\federated_simulation.py", line 44, in client_fn
    train_loader = data_module.train_dataloader()
                   ^^^^^^^^^^^^^^^^^^^^^^^^^^^^^^
  File "C:\Users\prana\OneDrive\Desktop\federated\app\datasets\loader.py", line 31, in train_dataloader
    return DataLoader(self.train_dataset, batch_size=self.batch_size, shuffle=True)
           ^^^^^^^^^^^^^^^^^^^^^^^^^^^^^^^^^^^^^^^^^^^^^^^^^^^^^^^^^^^^^^^^^^^^^^^^
  File "C:\Users\prana\OneDrive\Desktop\federated\.venv\Lib\site-packages\torch\utils\data\dataloader.py", line 401, in __init__
    sampler = RandomSampler(dataset, generator=generator)  # type: ignore[arg-type]
              ^^^^^^^^^^^^^^^^^^^^^^^^^^^^^^^^^^^^^^^^^^^
  File "C:\Users\prana\OneDrive\Desktop\federated\.venv\Lib\site-packages\torch\utils\data\sampler.py", line 149, in __init__
    raise ValueError(
ValueError: num_samples should be a positive integer value, but got num_samples=0

The above exception was the direct cause of the following exception:

[36mray::ClientAppActor.run()[39m (pid=30208, ip=127.0.0.1, actor_id=ce5320a6ffa0f61e43ad02f901000000, repr=<flwr.simulation.ray_transport.ray_actor.ClientAppActor object at 0x00000297FBA06A20>)
  File "python\\ray\\_raylet.pyx", line 1836, in ray._raylet.execute_task
  File "python\\ray\\_raylet.pyx", line 1947, in ray._raylet.execute_task
  File "python\\ray\\_raylet.pyx", line 1843, in ray._raylet.execute_task
  File "python\\ray\\_raylet.pyx", line 1786, in ray._raylet.execute_task.function_executor
  File "C:\Users\prana\OneDrive\Desktop\federated\.venv\Lib\site-packages\ray\_private\function_manager.py", line 740, in actor_method_executor
    return method(__ray_actor, *args, **kwargs)
           ^^^^^^^^^^^^^^^^^^^^^^^^^^^^^^^^^^^^
  File "C:\Users\prana\OneDrive\Desktop\federated\.venv\Lib\site-packages\ray\util\tracing\tracing_helper.py", line 487, in _resume_span
    return method(self, *_args, **_kwargs)
           ^^^^^^^^^^^^^^^^^^^^^^^^^^^^^^^
  File "C:\Users\prana\OneDrive\Desktop\federated\.venv\Lib\site-packages\flwr\simulation\ray_transport\ray_actor.py", line 64, in run
    raise ClientAppException(str(ex)) from ex
flwr.client.client_app.ClientAppException: 
Exception ClientAppException occurred. Message: num_samples should be a positive integer value, but got num_samples=0

[2026-07-20 14:18:47,318][flwr][ERROR] - [36mray::ClientAppActor.run()[39m (pid=30208, ip=127.0.0.1, actor_id=ce5320a6ffa0f61e43ad02f901000000, repr=<flwr.simulation.ray_transport.ray_actor.ClientAppActor object at 0x00000297FBA06A20>)
                  ^^^^^^^^^^^^^^^^^^^^^^^^^^^^^^^^^^^^^
  File "C:\Users\prana\OneDrive\Desktop\federated\.venv\Lib\site-packages\flwr\client\client_app.py", line 98, in __call__
    return self._call(message, context)
           ^^^^^^^^^^^^^^^^^^^^^^^^^^^^
  File "C:\Users\prana\OneDrive\Desktop\federated\.venv\Lib\site-packages\flwr\client\client_app.py", line 81, in ffn
    out_message = handle_legacy_message_from_msgtype(
                  ^^^^^^^^^^^^^^^^^^^^^^^^^^^^^^^^^^^
  File "C:\Users\prana\OneDrive\Desktop\federated\.venv\Lib\site-packages\flwr\client\message_handler\message_handler.py", line 96, in handle_legacy_message_from_msgtype
    client = client_fn(str(message.metadata.partition_id))
             ^^^^^^^^^^^^^^^^^^^^^^^^^^^^^^^^^^^^^^^^^^^^^
  File "C:\Users\prana\OneDrive\Desktop\federated\scripts\federated_simulation.py", line 44, in client_fn
    train_loader = data_module.train_dataloader()
                   ^^^^^^^^^^^^^^^^^^^^^^^^^^^^^^
  File "C:\Users\prana\OneDrive\Desktop\federated\app\datasets\loader.py", line 31, in train_dataloader
    return DataLoader(self.train_dataset, batch_size=self.batch_size, shuffle=True)
           ^^^^^^^^^^^^^^^^^^^^^^^^^^^^^^^^^^^^^^^^^^^^^^^^^^^^^^^^^^^^^^^^^^^^^^^^
  File "C:\Users\prana\OneDrive\Desktop\federated\.venv\Lib\site-packages\torch\utils\data\dataloader.py", line 401, in __init__
    sampler = RandomSampler(dataset, generator=generator)  # type: ignore[arg-type]
              ^^^^^^^^^^^^^^^^^^^^^^^^^^^^^^^^^^^^^^^^^^^
  File "C:\Users\prana\OneDrive\Desktop\federated\.venv\Lib\site-packages\torch\utils\data\sampler.py", line 149, in __init__
    raise ValueError(
ValueError: num_samples should be a positive integer value, but got num_samples=0

The above exception was the direct cause of the following exception:

[36mray::ClientAppActor.run()[39m (pid=30208, ip=127.0.0.1, actor_id=ce5320a6ffa0f61e43ad02f901000000, repr=<flwr.simulation.ray_transport.ray_actor.ClientAppActor object at 0x00000297FBA06A20>)
  File "python\\ray\\_raylet.pyx", line 1836, in ray._raylet.execute_task
  File "python\\ray\\_raylet.pyx", line 1947, in ray._raylet.execute_task
  File "python\\ray\\_raylet.pyx", line 1843, in ray._raylet.execute_task
  File "python\\ray\\_raylet.pyx", line 1786, in ray._raylet.execute_task.function_executor
  File "C:\Users\prana\OneDrive\Desktop\federated\.venv\Lib\site-packages\ray\_private\function_manager.py", line 740, in actor_method_executor
    return method(__ray_actor, *args, **kwargs)
           ^^^^^^^^^^^^^^^^^^^^^^^^^^^^^^^^^^^^
  File "C:\Users\prana\OneDrive\Desktop\federated\.venv\Lib\site-packages\ray\util\tracing\tracing_helper.py", line 487, in _resume_span
    return method(self, *_args, **_kwargs)
           ^^^^^^^^^^^^^^^^^^^^^^^^^^^^^^^
  File "C:\Users\prana\OneDrive\Desktop\federated\.venv\Lib\site-packages\flwr\simulation\ray_transport\ray_actor.py", line 64, in run
    raise ClientAppException(str(ex)) from ex
flwr.client.client_app.ClientAppException: 
Exception ClientAppException occurred. Message: num_samples should be a positive integer value, but got num_samples=0
[2026-07-20 14:19:00,520][flwr][ERROR] - Traceback (most recent call last):
  File "C:\Users\prana\OneDrive\Desktop\federated\.venv\Lib\site-packages\flwr\simulation\ray_transport\ray_client_proxy.py", line 73, in _submit_job
    out_mssg, updated_context = self.actor_pool.get_client_result(
                                ^^^^^^^^^^^^^^^^^^^^^^^^^^^^^^^^^^
  File "C:\Users\prana\OneDrive\Desktop\federated\.venv\Lib\site-packages\flwr\simulation\ray_transport\ray_actor.py", line 399, in get_client_result
    return self._fetch_future_result(cid)
           ^^^^^^^^^^^^^^^^^^^^^^^^^^^^^^
  File "C:\Users\prana\OneDrive\Desktop\federated\.venv\Lib\site-packages\flwr\simulation\ray_transport\ray_actor.py", line 280, in _fetch_future_result
    res_cid, out_mssg, updated_context = ray.get(
                                         ^^^^^^^^
  File "C:\Users\prana\OneDrive\Desktop\federated\.venv\Lib\site-packages\ray\_private\auto_init_hook.py", line 22, in auto_init_wrapper
    return fn(*args, **kwargs)
           ^^^^^^^^^^^^^^^^^^^
  File "C:\Users\prana\OneDrive\Desktop\federated\.venv\Lib\site-packages\ray\_private\client_mode_hook.py", line 110, in wrapper
    return func(*args, **kwargs)
           ^^^^^^^^^^^^^^^^^^^^^
  File "C:\Users\prana\OneDrive\Desktop\federated\.venv\Lib\site-packages\ray\_private\worker.py", line 2968, in get
    values, debugger_breakpoint = worker.get_objects(
                                  ^^^^^^^^^^^^^^^^^^^
  File "C:\Users\prana\OneDrive\Desktop\federated\.venv\Lib\site-packages\ray\_private\worker.py", line 1050, in get_objects
    raise value.as_instanceof_cause()
ray.exceptions.RayTaskError(ClientAppException): [36mray::ClientAppActor.run()[39m (pid=30052, ip=127.0.0.1, actor_id=d77f4d3b0d76a39b4bc84a6c01000000, repr=<flwr.simulation.ray_transport.ray_actor.ClientAppActor object at 0x00000224B8E168D0>)
                  ^^^^^^^^^^^^^^^^^^^^^^^^^^^^^^^^^^^^^
  File "C:\Users\prana\OneDrive\Desktop\federated\.venv\Lib\site-packages\flwr\client\client_app.py", line 98, in __call__
    return self._call(message, context)
           ^^^^^^^^^^^^^^^^^^^^^^^^^^^^
  File "C:\Users\prana\OneDrive\Desktop\federated\.venv\Lib\site-packages\flwr\client\client_app.py", line 81, in ffn
    out_message = handle_legacy_message_from_msgtype(
                  ^^^^^^^^^^^^^^^^^^^^^^^^^^^^^^^^^^^
  File "C:\Users\prana\OneDrive\Desktop\federated\.venv\Lib\site-packages\flwr\client\message_handler\message_handler.py", line 130, in handle_legacy_message_from_msgtype
    fit_res = maybe_call_fit(
              ^^^^^^^^^^^^^^^
  File "C:\Users\prana\OneDrive\Desktop\federated\.venv\Lib\site-packages\flwr\client\client.py", line 234, in maybe_call_fit
    return client.fit(fit_ins)
           ^^^^^^^^^^^^^^^^^^^
  File "C:\Users\prana\OneDrive\Desktop\federated\.venv\Lib\site-packages\flwr\client\numpy_client.py", line 238, in _fit
    results = self.numpy_client.fit(parameters, ins.config)  # type: ignore
              ^^^^^^^^^^^^^^^^^^^^^^^^^^^^^^^^^^^^^^^^^^^^^
  File "C:\Users\prana\OneDrive\Desktop\federated\app\federated\client.py", line 52, in fit
    self.trainer.fit(self.train_loader, self.val_loader, epochs=self.epochs,
  File "C:\Users\prana\OneDrive\Desktop\federated\app\training\trainer.py", line 37, in fit
    train_logs = self._train_epoch(train_loader, epoch, proximal_mu, global_params)
                 ^^^^^^^^^^^^^^^^^^^^^^^^^^^^^^^^^^^^^^^^^^^^^^^^^^^^^^^^^^^^^^^^^^
  File "C:\Users\prana\OneDrive\Desktop\federated\app\training\trainer.py", line 83, in _train_epoch
    output = self.model(data)
             ^^^^^^^^^^^^^^^^
  File "C:\Users\prana\OneDrive\Desktop\federated\.venv\Lib\site-packages\torch\nn\modules\module.py", line 1778, in _wrapped_call_impl
    return self._call_impl(*args, **kwargs)
           ^^^^^^^^^^^^^^^^^^^^^^^^^^^^^^^^
  File "C:\Users\prana\OneDrive\Desktop\federated\.venv\Lib\site-packages\torch\nn\modules\module.py", line 1789, in _call_impl
    return forward_call(*args, **kwargs)
           ^^^^^^^^^^^^^^^^^^^^^^^^^^^^^
  File "C:\Users\prana\OneDrive\Desktop\federated\app\models\mlp.py", line 24, in forward
    return self.network(x)
           ^^^^^^^^^^^^^^^
  File "C:\Users\prana\OneDrive\Desktop\federated\.venv\Lib\site-packages\torch\nn\modules\module.py", line 1778, in _wrapped_call_impl
    return self._call_impl(*args, **kwargs)
           ^^^^^^^^^^^^^^^^^^^^^^^^^^^^^^^^
  File "C:\Users\prana\OneDrive\Desktop\federated\.venv\Lib\site-packages\torch\nn\modules\module.py", line 1789, in _call_impl
    return forward_call(*args, **kwargs)
           ^^^^^^^^^^^^^^^^^^^^^^^^^^^^^
  File "C:\Users\prana\OneDrive\Desktop\federated\.venv\Lib\site-packages\torch\nn\modules\container.py", line 253, in forward
    input = module(input)
            ^^^^^^^^^^^^^
  File "C:\Users\prana\OneDrive\Desktop\federated\.venv\Lib\site-packages\torch\nn\modules\module.py", line 1778, in _wrapped_call_impl
    return self._call_impl(*args, **kwargs)
           ^^^^^^^^^^^^^^^^^^^^^^^^^^^^^^^^
  File "C:\Users\prana\OneDrive\Desktop\federated\.venv\Lib\site-packages\torch\nn\modules\module.py", line 1789, in _call_impl
    return forward_call(*args, **kwargs)
           ^^^^^^^^^^^^^^^^^^^^^^^^^^^^^
  File "C:\Users\prana\OneDrive\Desktop\federated\.venv\Lib\site-packages\torch\nn\modules\batchnorm.py", line 210, in forward
    return F.batch_norm(
           ^^^^^^^^^^^^^
  File "C:\Users\prana\OneDrive\Desktop\federated\.venv\Lib\site-packages\torch\nn\functional.py", line 2889, in batch_norm
    _verify_batch_size(input.size())
  File "C:\Users\prana\OneDrive\Desktop\federated\.venv\Lib\site-packages\torch\nn\functional.py", line 2854, in _verify_batch_size
    raise ValueError(
ValueError: Expected more than 1 value per channel when training, got input size torch.Size([1, 128])

The above exception was the direct cause of the following exception:

[36mray::ClientAppActor.run()[39m (pid=30052, ip=127.0.0.1, actor_id=d77f4d3b0d76a39b4bc84a6c01000000, repr=<flwr.simulation.ray_transport.ray_actor.ClientAppActor object at 0x00000224B8E168D0>)
  File "python\\ray\\_raylet.pyx", line 1836, in ray._raylet.execute_task
  File "python\\ray\\_raylet.pyx", line 1947, in ray._raylet.execute_task
  File "python\\ray\\_raylet.pyx", line 1843, in ray._raylet.execute_task
  File "python\\ray\\_raylet.pyx", line 1786, in ray._raylet.execute_task.function_executor
  File "C:\Users\prana\OneDrive\Desktop\federated\.venv\Lib\site-packages\ray\_private\function_manager.py", line 740, in actor_method_executor
    return method(__ray_actor, *args, **kwargs)
           ^^^^^^^^^^^^^^^^^^^^^^^^^^^^^^^^^^^^
  File "C:\Users\prana\OneDrive\Desktop\federated\.venv\Lib\site-packages\ray\util\tracing\tracing_helper.py", line 487, in _resume_span
    return method(self, *_args, **_kwargs)
           ^^^^^^^^^^^^^^^^^^^^^^^^^^^^^^^
  File "C:\Users\prana\OneDrive\Desktop\federated\.venv\Lib\site-packages\flwr\simulation\ray_transport\ray_actor.py", line 64, in run
    raise ClientAppException(str(ex)) from ex
flwr.client.client_app.ClientAppException: 
Exception ClientAppException occurred. Message: Expected more than 1 value per channel when training, got input size torch.Size([1, 128])

[2026-07-20 14:19:00,523][flwr][ERROR] - [36mray::ClientAppActor.run()[39m (pid=30052, ip=127.0.0.1, actor_id=d77f4d3b0d76a39b4bc84a6c01000000, repr=<flwr.simulation.ray_transport.ray_actor.ClientAppActor object at 0x00000224B8E168D0>)
                  ^^^^^^^^^^^^^^^^^^^^^^^^^^^^^^^^^^^^^
  File "C:\Users\prana\OneDrive\Desktop\federated\.venv\Lib\site-packages\flwr\client\client_app.py", line 98, in __call__
    return self._call(message, context)
           ^^^^^^^^^^^^^^^^^^^^^^^^^^^^
  File "C:\Users\prana\OneDrive\Desktop\federated\.venv\Lib\site-packages\flwr\client\client_app.py", line 81, in ffn
    out_message = handle_legacy_message_from_msgtype(
                  ^^^^^^^^^^^^^^^^^^^^^^^^^^^^^^^^^^^
  File "C:\Users\prana\OneDrive\Desktop\federated\.venv\Lib\site-packages\flwr\client\message_handler\message_handler.py", line 130, in handle_legacy_message_from_msgtype
    fit_res = maybe_call_fit(
              ^^^^^^^^^^^^^^^
  File "C:\Users\prana\OneDrive\Desktop\federated\.venv\Lib\site-packages\flwr\client\client.py", line 234, in maybe_call_fit
    return client.fit(fit_ins)
           ^^^^^^^^^^^^^^^^^^^
  File "C:\Users\prana\OneDrive\Desktop\federated\.venv\Lib\site-packages\flwr\client\numpy_client.py", line 238, in _fit
    results = self.numpy_client.fit(parameters, ins.config)  # type: ignore
              ^^^^^^^^^^^^^^^^^^^^^^^^^^^^^^^^^^^^^^^^^^^^^
  File "C:\Users\prana\OneDrive\Desktop\federated\app\federated\client.py", line 52, in fit
    self.trainer.fit(self.train_loader, self.val_loader, epochs=self.epochs,
  File "C:\Users\prana\OneDrive\Desktop\federated\app\training\trainer.py", line 37, in fit
    train_logs = self._train_epoch(train_loader, epoch, proximal_mu, global_params)
                 ^^^^^^^^^^^^^^^^^^^^^^^^^^^^^^^^^^^^^^^^^^^^^^^^^^^^^^^^^^^^^^^^^^
  File "C:\Users\prana\OneDrive\Desktop\federated\app\training\trainer.py", line 83, in _train_epoch
    output = self.model(data)
             ^^^^^^^^^^^^^^^^
  File "C:\Users\prana\OneDrive\Desktop\federated\.venv\Lib\site-packages\torch\nn\modules\module.py", line 1778, in _wrapped_call_impl
    return self._call_impl(*args, **kwargs)
           ^^^^^^^^^^^^^^^^^^^^^^^^^^^^^^^^
  File "C:\Users\prana\OneDrive\Desktop\federated\.venv\Lib\site-packages\torch\nn\modules\module.py", line 1789, in _call_impl
    return forward_call(*args, **kwargs)
           ^^^^^^^^^^^^^^^^^^^^^^^^^^^^^
  File "C:\Users\prana\OneDrive\Desktop\federated\app\models\mlp.py", line 24, in forward
    return self.network(x)
           ^^^^^^^^^^^^^^^
  File "C:\Users\prana\OneDrive\Desktop\federated\.venv\Lib\site-packages\torch\nn\modules\module.py", line 1778, in _wrapped_call_impl
    return self._call_impl(*args, **kwargs)
           ^^^^^^^^^^^^^^^^^^^^^^^^^^^^^^^^
  File "C:\Users\prana\OneDrive\Desktop\federated\.venv\Lib\site-packages\torch\nn\modules\module.py", line 1789, in _call_impl
    return forward_call(*args, **kwargs)
           ^^^^^^^^^^^^^^^^^^^^^^^^^^^^^
  File "C:\Users\prana\OneDrive\Desktop\federated\.venv\Lib\site-packages\torch\nn\modules\container.py", line 253, in forward
    input = module(input)
            ^^^^^^^^^^^^^
  File "C:\Users\prana\OneDrive\Desktop\federated\.venv\Lib\site-packages\torch\nn\modules\module.py", line 1778, in _wrapped_call_impl
    return self._call_impl(*args, **kwargs)
           ^^^^^^^^^^^^^^^^^^^^^^^^^^^^^^^^
  File "C:\Users\prana\OneDrive\Desktop\federated\.venv\Lib\site-packages\torch\nn\modules\module.py", line 1789, in _call_impl
    return forward_call(*args, **kwargs)
           ^^^^^^^^^^^^^^^^^^^^^^^^^^^^^
  File "C:\Users\prana\OneDrive\Desktop\federated\.venv\Lib\site-packages\torch\nn\modules\batchnorm.py", line 210, in forward
    return F.batch_norm(
           ^^^^^^^^^^^^^
  File "C:\Users\prana\OneDrive\Desktop\federated\.venv\Lib\site-packages\torch\nn\functional.py", line 2889, in batch_norm
    _verify_batch_size(input.size())
  File "C:\Users\prana\OneDrive\Desktop\federated\.venv\Lib\site-packages\torch\nn\functional.py", line 2854, in _verify_batch_size
    raise ValueError(
ValueError: Expected more than 1 value per channel when training, got input size torch.Size([1, 128])

The above exception was the direct cause of the following exception:

[36mray::ClientAppActor.run()[39m (pid=30052, ip=127.0.0.1, actor_id=d77f4d3b0d76a39b4bc84a6c01000000, repr=<flwr.simulation.ray_transport.ray_actor.ClientAppActor object at 0x00000224B8E168D0>)
  File "python\\ray\\_raylet.pyx", line 1836, in ray._raylet.execute_task
  File "python\\ray\\_raylet.pyx", line 1947, in ray._raylet.execute_task
  File "python\\ray\\_raylet.pyx", line 1843, in ray._raylet.execute_task
  File "python\\ray\\_raylet.pyx", line 1786, in ray._raylet.execute_task.function_executor
  File "C:\Users\prana\OneDrive\Desktop\federated\.venv\Lib\site-packages\ray\_private\function_manager.py", line 740, in actor_method_executor
    return method(__ray_actor, *args, **kwargs)
           ^^^^^^^^^^^^^^^^^^^^^^^^^^^^^^^^^^^^
  File "C:\Users\prana\OneDrive\Desktop\federated\.venv\Lib\site-packages\ray\util\tracing\tracing_helper.py", line 487, in _resume_span
    return method(self, *_args, **_kwargs)
           ^^^^^^^^^^^^^^^^^^^^^^^^^^^^^^^
  File "C:\Users\prana\OneDrive\Desktop\federated\.venv\Lib\site-packages\flwr\simulation\ray_transport\ray_actor.py", line 64, in run
    raise ClientAppException(str(ex)) from ex
flwr.client.client_app.ClientAppException: 
Exception ClientAppException occurred. Message: Expected more than 1 value per channel when training, got input size torch.Size([1, 128])
[2026-07-20 14:19:00,526][flwr][ERROR] - Traceback (most recent call last):
  File "C:\Users\prana\OneDrive\Desktop\federated\.venv\Lib\site-packages\flwr\simulation\ray_transport\ray_client_proxy.py", line 73, in _submit_job
    out_mssg, updated_context = self.actor_pool.get_client_result(
                                ^^^^^^^^^^^^^^^^^^^^^^^^^^^^^^^^^^
  File "C:\Users\prana\OneDrive\Desktop\federated\.venv\Lib\site-packages\flwr\simulation\ray_transport\ray_actor.py", line 399, in get_client_result
    return self._fetch_future_result(cid)
           ^^^^^^^^^^^^^^^^^^^^^^^^^^^^^^
  File "C:\Users\prana\OneDrive\Desktop\federated\.venv\Lib\site-packages\flwr\simulation\ray_transport\ray_actor.py", line 280, in _fetch_future_result
    res_cid, out_mssg, updated_context = ray.get(
                                         ^^^^^^^^
  File "C:\Users\prana\OneDrive\Desktop\federated\.venv\Lib\site-packages\ray\_private\auto_init_hook.py", line 22, in auto_init_wrapper
    return fn(*args, **kwargs)
           ^^^^^^^^^^^^^^^^^^^
  File "C:\Users\prana\OneDrive\Desktop\federated\.venv\Lib\site-packages\ray\_private\client_mode_hook.py", line 110, in wrapper
    return func(*args, **kwargs)
           ^^^^^^^^^^^^^^^^^^^^^
  File "C:\Users\prana\OneDrive\Desktop\federated\.venv\Lib\site-packages\ray\_private\worker.py", line 2968, in get
    values, debugger_breakpoint = worker.get_objects(
                                  ^^^^^^^^^^^^^^^^^^^
  File "C:\Users\prana\OneDrive\Desktop\federated\.venv\Lib\site-packages\ray\_private\worker.py", line 1050, in get_objects
    raise value.as_instanceof_cause()
ray.exceptions.RayTaskError(ClientAppException): [36mray::ClientAppActor.run()[39m (pid=24672, ip=127.0.0.1, actor_id=347caa730a2dc0a0774516f501000000, repr=<flwr.simulation.ray_transport.ray_actor.ClientAppActor object at 0x000001C9DDAE2B70>)
                  ^^^^^^^^^^^^^^^^^^^^^^^^^^^^^^^^^^^^^
  File "C:\Users\prana\OneDrive\Desktop\federated\.venv\Lib\site-packages\flwr\client\client_app.py", line 98, in __call__
    return self._call(message, context)
           ^^^^^^^^^^^^^^^^^^^^^^^^^^^^
  File "C:\Users\prana\OneDrive\Desktop\federated\.venv\Lib\site-packages\flwr\client\client_app.py", line 81, in ffn
    out_message = handle_legacy_message_from_msgtype(
                  ^^^^^^^^^^^^^^^^^^^^^^^^^^^^^^^^^^^
  File "C:\Users\prana\OneDrive\Desktop\federated\.venv\Lib\site-packages\flwr\client\message_handler\message_handler.py", line 130, in handle_legacy_message_from_msgtype
    fit_res = maybe_call_fit(
              ^^^^^^^^^^^^^^^
  File "C:\Users\prana\OneDrive\Desktop\federated\.venv\Lib\site-packages\flwr\client\client.py", line 234, in maybe_call_fit
    return client.fit(fit_ins)
           ^^^^^^^^^^^^^^^^^^^
  File "C:\Users\prana\OneDrive\Desktop\federated\.venv\Lib\site-packages\flwr\client\numpy_client.py", line 238, in _fit
    results = self.numpy_client.fit(parameters, ins.config)  # type: ignore
              ^^^^^^^^^^^^^^^^^^^^^^^^^^^^^^^^^^^^^^^^^^^^^
  File "C:\Users\prana\OneDrive\Desktop\federated\app\federated\client.py", line 52, in fit
    self.trainer.fit(self.train_loader, self.val_loader, epochs=self.epochs,
  File "C:\Users\prana\OneDrive\Desktop\federated\app\training\trainer.py", line 37, in fit
    train_logs = self._train_epoch(train_loader, epoch, proximal_mu, global_params)
                 ^^^^^^^^^^^^^^^^^^^^^^^^^^^^^^^^^^^^^^^^^^^^^^^^^^^^^^^^^^^^^^^^^^
  File "C:\Users\prana\OneDrive\Desktop\federated\app\training\trainer.py", line 83, in _train_epoch
    output = self.model(data)
             ^^^^^^^^^^^^^^^^
  File "C:\Users\prana\OneDrive\Desktop\federated\.venv\Lib\site-packages\torch\nn\modules\module.py", line 1778, in _wrapped_call_impl
    return self._call_impl(*args, **kwargs)
           ^^^^^^^^^^^^^^^^^^^^^^^^^^^^^^^^
  File "C:\Users\prana\OneDrive\Desktop\federated\.venv\Lib\site-packages\torch\nn\modules\module.py", line 1789, in _call_impl
    return forward_call(*args, **kwargs)
           ^^^^^^^^^^^^^^^^^^^^^^^^^^^^^
  File "C:\Users\prana\OneDrive\Desktop\federated\app\models\mlp.py", line 24, in forward
    return self.network(x)
           ^^^^^^^^^^^^^^^
  File "C:\Users\prana\OneDrive\Desktop\federated\.venv\Lib\site-packages\torch\nn\modules\module.py", line 1778, in _wrapped_call_impl
    return self._call_impl(*args, **kwargs)
           ^^^^^^^^^^^^^^^^^^^^^^^^^^^^^^^^
  File "C:\Users\prana\OneDrive\Desktop\federated\.venv\Lib\site-packages\torch\nn\modules\module.py", line 1789, in _call_impl
    return forward_call(*args, **kwargs)
           ^^^^^^^^^^^^^^^^^^^^^^^^^^^^^
  File "C:\Users\prana\OneDrive\Desktop\federated\.venv\Lib\site-packages\torch\nn\modules\container.py", line 253, in forward
    input = module(input)
            ^^^^^^^^^^^^^
  File "C:\Users\prana\OneDrive\Desktop\federated\.venv\Lib\site-packages\torch\nn\modules\module.py", line 1778, in _wrapped_call_impl
    return self._call_impl(*args, **kwargs)
           ^^^^^^^^^^^^^^^^^^^^^^^^^^^^^^^^
  File "C:\Users\prana\OneDrive\Desktop\federated\.venv\Lib\site-packages\torch\nn\modules\module.py", line 1789, in _call_impl
    return forward_call(*args, **kwargs)
           ^^^^^^^^^^^^^^^^^^^^^^^^^^^^^
  File "C:\Users\prana\OneDrive\Desktop\federated\.venv\Lib\site-packages\torch\nn\modules\batchnorm.py", line 210, in forward
    return F.batch_norm(
           ^^^^^^^^^^^^^
  File "C:\Users\prana\OneDrive\Desktop\federated\.venv\Lib\site-packages\torch\nn\functional.py", line 2889, in batch_norm
    _verify_batch_size(input.size())
  File "C:\Users\prana\OneDrive\Desktop\federated\.venv\Lib\site-packages\torch\nn\functional.py", line 2854, in _verify_batch_size
    raise ValueError(
ValueError: Expected more than 1 value per channel when training, got input size torch.Size([1, 128])

The above exception was the direct cause of the following exception:

[36mray::ClientAppActor.run()[39m (pid=24672, ip=127.0.0.1, actor_id=347caa730a2dc0a0774516f501000000, repr=<flwr.simulation.ray_transport.ray_actor.ClientAppActor object at 0x000001C9DDAE2B70>)
  File "python\\ray\\_raylet.pyx", line 1836, in ray._raylet.execute_task
  File "python\\ray\\_raylet.pyx", line 1947, in ray._raylet.execute_task
  File "python\\ray\\_raylet.pyx", line 1843, in ray._raylet.execute_task
  File "python\\ray\\_raylet.pyx", line 1786, in ray._raylet.execute_task.function_executor
  File "C:\Users\prana\OneDrive\Desktop\federated\.venv\Lib\site-packages\ray\_private\function_manager.py", line 740, in actor_method_executor
    return method(__ray_actor, *args, **kwargs)
           ^^^^^^^^^^^^^^^^^^^^^^^^^^^^^^^^^^^^
  File "C:\Users\prana\OneDrive\Desktop\federated\.venv\Lib\site-packages\ray\util\tracing\tracing_helper.py", line 487, in _resume_span
    return method(self, *_args, **_kwargs)
           ^^^^^^^^^^^^^^^^^^^^^^^^^^^^^^^
  File "C:\Users\prana\OneDrive\Desktop\federated\.venv\Lib\site-packages\flwr\simulation\ray_transport\ray_actor.py", line 64, in run
    raise ClientAppException(str(ex)) from ex
flwr.client.client_app.ClientAppException: 
Exception ClientAppException occurred. Message: Expected more than 1 value per channel when training, got input size torch.Size([1, 128])

[2026-07-20 14:19:00,528][flwr][ERROR] - [36mray::ClientAppActor.run()[39m (pid=24672, ip=127.0.0.1, actor_id=347caa730a2dc0a0774516f501000000, repr=<flwr.simulation.ray_transport.ray_actor.ClientAppActor object at 0x000001C9DDAE2B70>)
                  ^^^^^^^^^^^^^^^^^^^^^^^^^^^^^^^^^^^^^
  File "C:\Users\prana\OneDrive\Desktop\federated\.venv\Lib\site-packages\flwr\client\client_app.py", line 98, in __call__
    return self._call(message, context)
           ^^^^^^^^^^^^^^^^^^^^^^^^^^^^
  File "C:\Users\prana\OneDrive\Desktop\federated\.venv\Lib\site-packages\flwr\client\client_app.py", line 81, in ffn
    out_message = handle_legacy_message_from_msgtype(
                  ^^^^^^^^^^^^^^^^^^^^^^^^^^^^^^^^^^^
  File "C:\Users\prana\OneDrive\Desktop\federated\.venv\Lib\site-packages\flwr\client\message_handler\message_handler.py", line 130, in handle_legacy_message_from_msgtype
    fit_res = maybe_call_fit(
              ^^^^^^^^^^^^^^^
  File "C:\Users\prana\OneDrive\Desktop\federated\.venv\Lib\site-packages\flwr\client\client.py", line 234, in maybe_call_fit
    return client.fit(fit_ins)
           ^^^^^^^^^^^^^^^^^^^
  File "C:\Users\prana\OneDrive\Desktop\federated\.venv\Lib\site-packages\flwr\client\numpy_client.py", line 238, in _fit
    results = self.numpy_client.fit(parameters, ins.config)  # type: ignore
              ^^^^^^^^^^^^^^^^^^^^^^^^^^^^^^^^^^^^^^^^^^^^^
  File "C:\Users\prana\OneDrive\Desktop\federated\app\federated\client.py", line 52, in fit
    self.trainer.fit(self.train_loader, self.val_loader, epochs=self.epochs,
  File "C:\Users\prana\OneDrive\Desktop\federated\app\training\trainer.py", line 37, in fit
    train_logs = self._train_epoch(train_loader, epoch, proximal_mu, global_params)
                 ^^^^^^^^^^^^^^^^^^^^^^^^^^^^^^^^^^^^^^^^^^^^^^^^^^^^^^^^^^^^^^^^^^
  File "C:\Users\prana\OneDrive\Desktop\federated\app\training\trainer.py", line 83, in _train_epoch
    output = self.model(data)
             ^^^^^^^^^^^^^^^^
  File "C:\Users\prana\OneDrive\Desktop\federated\.venv\Lib\site-packages\torch\nn\modules\module.py", line 1778, in _wrapped_call_impl
    return self._call_impl(*args, **kwargs)
           ^^^^^^^^^^^^^^^^^^^^^^^^^^^^^^^^
  File "C:\Users\prana\OneDrive\Desktop\federated\.venv\Lib\site-packages\torch\nn\modules\module.py", line 1789, in _call_impl
    return forward_call(*args, **kwargs)
           ^^^^^^^^^^^^^^^^^^^^^^^^^^^^^
  File "C:\Users\prana\OneDrive\Desktop\federated\app\models\mlp.py", line 24, in forward
    return self.network(x)
           ^^^^^^^^^^^^^^^
  File "C:\Users\prana\OneDrive\Desktop\federated\.venv\Lib\site-packages\torch\nn\modules\module.py", line 1778, in _wrapped_call_impl
    return self._call_impl(*args, **kwargs)
           ^^^^^^^^^^^^^^^^^^^^^^^^^^^^^^^^
  File "C:\Users\prana\OneDrive\Desktop\federated\.venv\Lib\site-packages\torch\nn\modules\module.py", line 1789, in _call_impl
    return forward_call(*args, **kwargs)
           ^^^^^^^^^^^^^^^^^^^^^^^^^^^^^
  File "C:\Users\prana\OneDrive\Desktop\federated\.venv\Lib\site-packages\torch\nn\modules\container.py", line 253, in forward
    input = module(input)
            ^^^^^^^^^^^^^
  File "C:\Users\prana\OneDrive\Desktop\federated\.venv\Lib\site-packages\torch\nn\modules\module.py", line 1778, in _wrapped_call_impl
    return self._call_impl(*args, **kwargs)
           ^^^^^^^^^^^^^^^^^^^^^^^^^^^^^^^^
  File "C:\Users\prana\OneDrive\Desktop\federated\.venv\Lib\site-packages\torch\nn\modules\module.py", line 1789, in _call_impl
    return forward_call(*args, **kwargs)
           ^^^^^^^^^^^^^^^^^^^^^^^^^^^^^
  File "C:\Users\prana\OneDrive\Desktop\federated\.venv\Lib\site-packages\torch\nn\modules\batchnorm.py", line 210, in forward
    return F.batch_norm(
           ^^^^^^^^^^^^^
  File "C:\Users\prana\OneDrive\Desktop\federated\.venv\Lib\site-packages\torch\nn\functional.py", line 2889, in batch_norm
    _verify_batch_size(input.size())
  File "C:\Users\prana\OneDrive\Desktop\federated\.venv\Lib\site-packages\torch\nn\functional.py", line 2854, in _verify_batch_size
    raise ValueError(
ValueError: Expected more than 1 value per channel when training, got input size torch.Size([1, 128])

The above exception was the direct cause of the following exception:

[36mray::ClientAppActor.run()[39m (pid=24672, ip=127.0.0.1, actor_id=347caa730a2dc0a0774516f501000000, repr=<flwr.simulation.ray_transport.ray_actor.ClientAppActor object at 0x000001C9DDAE2B70>)
  File "python\\ray\\_raylet.pyx", line 1836, in ray._raylet.execute_task
  File "python\\ray\\_raylet.pyx", line 1947, in ray._raylet.execute_task
  File "python\\ray\\_raylet.pyx", line 1843, in ray._raylet.execute_task
  File "python\\ray\\_raylet.pyx", line 1786, in ray._raylet.execute_task.function_executor
  File "C:\Users\prana\OneDrive\Desktop\federated\.venv\Lib\site-packages\ray\_private\function_manager.py", line 740, in actor_method_executor
    return method(__ray_actor, *args, **kwargs)
           ^^^^^^^^^^^^^^^^^^^^^^^^^^^^^^^^^^^^
  File "C:\Users\prana\OneDrive\Desktop\federated\.venv\Lib\site-packages\ray\util\tracing\tracing_helper.py", line 487, in _resume_span
    return method(self, *_args, **_kwargs)
           ^^^^^^^^^^^^^^^^^^^^^^^^^^^^^^^
  File "C:\Users\prana\OneDrive\Desktop\federated\.venv\Lib\site-packages\flwr\simulation\ray_transport\ray_actor.py", line 64, in run
    raise ClientAppException(str(ex)) from ex
flwr.client.client_app.ClientAppException: 
Exception ClientAppException occurred. Message: Expected more than 1 value per channel when training, got input size torch.Size([1, 128])
[2026-07-20 14:19:00,529][flwr][INFO] - aggregate_fit: received 0 results and 3 failures
[2026-07-20 14:19:00,530][flwr][INFO] - configure_evaluate: strategy sampled 3 clients (out of 3)
[2026-07-20 14:19:00,567][flwr][ERROR] - Traceback (most recent call last):
  File "C:\Users\prana\OneDrive\Desktop\federated\.venv\Lib\site-packages\flwr\simulation\ray_transport\ray_client_proxy.py", line 73, in _submit_job
    out_mssg, updated_context = self.actor_pool.get_client_result(
                                ^^^^^^^^^^^^^^^^^^^^^^^^^^^^^^^^^^
  File "C:\Users\prana\OneDrive\Desktop\federated\.venv\Lib\site-packages\flwr\simulation\ray_transport\ray_actor.py", line 399, in get_client_result
    return self._fetch_future_result(cid)
           ^^^^^^^^^^^^^^^^^^^^^^^^^^^^^^
  File "C:\Users\prana\OneDrive\Desktop\federated\.venv\Lib\site-packages\flwr\simulation\ray_transport\ray_actor.py", line 280, in _fetch_future_result
    res_cid, out_mssg, updated_context = ray.get(
                                         ^^^^^^^^
  File "C:\Users\prana\OneDrive\Desktop\federated\.venv\Lib\site-packages\ray\_private\auto_init_hook.py", line 22, in auto_init_wrapper
    return fn(*args, **kwargs)
           ^^^^^^^^^^^^^^^^^^^
  File "C:\Users\prana\OneDrive\Desktop\federated\.venv\Lib\site-packages\ray\_private\client_mode_hook.py", line 110, in wrapper
    return func(*args, **kwargs)
           ^^^^^^^^^^^^^^^^^^^^^
  File "C:\Users\prana\OneDrive\Desktop\federated\.venv\Lib\site-packages\ray\_private\worker.py", line 2968, in get
    values, debugger_breakpoint = worker.get_objects(
                                  ^^^^^^^^^^^^^^^^^^^
  File "C:\Users\prana\OneDrive\Desktop\federated\.venv\Lib\site-packages\ray\_private\worker.py", line 1050, in get_objects
    raise value.as_instanceof_cause()
ray.exceptions.RayTaskError(ClientAppException): [36mray::ClientAppActor.run()[39m (pid=30208, ip=127.0.0.1, actor_id=ce5320a6ffa0f61e43ad02f901000000, repr=<flwr.simulation.ray_transport.ray_actor.ClientAppActor object at 0x00000297FBA06A20>)
                  ^^^^^^^^^^^^^^^^^^^^^^^^^^^^^^^^^^^^^
  File "C:\Users\prana\OneDrive\Desktop\federated\.venv\Lib\site-packages\flwr\client\client_app.py", line 98, in __call__
    return self._call(message, context)
           ^^^^^^^^^^^^^^^^^^^^^^^^^^^^
  File "C:\Users\prana\OneDrive\Desktop\federated\.venv\Lib\site-packages\flwr\client\client_app.py", line 81, in ffn
    out_message = handle_legacy_message_from_msgtype(
                  ^^^^^^^^^^^^^^^^^^^^^^^^^^^^^^^^^^^
  File "C:\Users\prana\OneDrive\Desktop\federated\.venv\Lib\site-packages\flwr\client\message_handler\message_handler.py", line 96, in handle_legacy_message_from_msgtype
    client = client_fn(str(message.metadata.partition_id))
             ^^^^^^^^^^^^^^^^^^^^^^^^^^^^^^^^^^^^^^^^^^^^^
  File "C:\Users\prana\OneDrive\Desktop\federated\scripts\federated_simulation.py", line 44, in client_fn
    train_loader = data_module.train_dataloader()
                   ^^^^^^^^^^^^^^^^^^^^^^^^^^^^^^
  File "C:\Users\prana\OneDrive\Desktop\federated\app\datasets\loader.py", line 31, in train_dataloader
    return DataLoader(self.train_dataset, batch_size=self.batch_size, shuffle=True)
           ^^^^^^^^^^^^^^^^^^^^^^^^^^^^^^^^^^^^^^^^^^^^^^^^^^^^^^^^^^^^^^^^^^^^^^^^
  File "C:\Users\prana\OneDrive\Desktop\federated\.venv\Lib\site-packages\torch\utils\data\dataloader.py", line 401, in __init__
    sampler = RandomSampler(dataset, generator=generator)  # type: ignore[arg-type]
              ^^^^^^^^^^^^^^^^^^^^^^^^^^^^^^^^^^^^^^^^^^^
  File "C:\Users\prana\OneDrive\Desktop\federated\.venv\Lib\site-packages\torch\utils\data\sampler.py", line 149, in __init__
    raise ValueError(
ValueError: num_samples should be a positive integer value, but got num_samples=0

The above exception was the direct cause of the following exception:

[36mray::ClientAppActor.run()[39m (pid=30208, ip=127.0.0.1, actor_id=ce5320a6ffa0f61e43ad02f901000000, repr=<flwr.simulation.ray_transport.ray_actor.ClientAppActor object at 0x00000297FBA06A20>)
  File "python\\ray\\_raylet.pyx", line 1836, in ray._raylet.execute_task
  File "python\\ray\\_raylet.pyx", line 1947, in ray._raylet.execute_task
  File "python\\ray\\_raylet.pyx", line 1843, in ray._raylet.execute_task
  File "python\\ray\\_raylet.pyx", line 1786, in ray._raylet.execute_task.function_executor
  File "C:\Users\prana\OneDrive\Desktop\federated\.venv\Lib\site-packages\ray\_private\function_manager.py", line 740, in actor_method_executor
    return method(__ray_actor, *args, **kwargs)
           ^^^^^^^^^^^^^^^^^^^^^^^^^^^^^^^^^^^^
  File "C:\Users\prana\OneDrive\Desktop\federated\.venv\Lib\site-packages\ray\util\tracing\tracing_helper.py", line 487, in _resume_span
    return method(self, *_args, **_kwargs)
           ^^^^^^^^^^^^^^^^^^^^^^^^^^^^^^^
  File "C:\Users\prana\OneDrive\Desktop\federated\.venv\Lib\site-packages\flwr\simulation\ray_transport\ray_actor.py", line 64, in run
    raise ClientAppException(str(ex)) from ex
flwr.client.client_app.ClientAppException: 
Exception ClientAppException occurred. Message: num_samples should be a positive integer value, but got num_samples=0

[2026-07-20 14:19:00,569][flwr][ERROR] - [36mray::ClientAppActor.run()[39m (pid=30208, ip=127.0.0.1, actor_id=ce5320a6ffa0f61e43ad02f901000000, repr=<flwr.simulation.ray_transport.ray_actor.ClientAppActor object at 0x00000297FBA06A20>)
                  ^^^^^^^^^^^^^^^^^^^^^^^^^^^^^^^^^^^^^
  File "C:\Users\prana\OneDrive\Desktop\federated\.venv\Lib\site-packages\flwr\client\client_app.py", line 98, in __call__
    return self._call(message, context)
           ^^^^^^^^^^^^^^^^^^^^^^^^^^^^
  File "C:\Users\prana\OneDrive\Desktop\federated\.venv\Lib\site-packages\flwr\client\client_app.py", line 81, in ffn
    out_message = handle_legacy_message_from_msgtype(
                  ^^^^^^^^^^^^^^^^^^^^^^^^^^^^^^^^^^^
  File "C:\Users\prana\OneDrive\Desktop\federated\.venv\Lib\site-packages\flwr\client\message_handler\message_handler.py", line 96, in handle_legacy_message_from_msgtype
    client = client_fn(str(message.metadata.partition_id))
             ^^^^^^^^^^^^^^^^^^^^^^^^^^^^^^^^^^^^^^^^^^^^^
  File "C:\Users\prana\OneDrive\Desktop\federated\scripts\federated_simulation.py", line 44, in client_fn
    train_loader = data_module.train_dataloader()
                   ^^^^^^^^^^^^^^^^^^^^^^^^^^^^^^
  File "C:\Users\prana\OneDrive\Desktop\federated\app\datasets\loader.py", line 31, in train_dataloader
    return DataLoader(self.train_dataset, batch_size=self.batch_size, shuffle=True)
           ^^^^^^^^^^^^^^^^^^^^^^^^^^^^^^^^^^^^^^^^^^^^^^^^^^^^^^^^^^^^^^^^^^^^^^^^
  File "C:\Users\prana\OneDrive\Desktop\federated\.venv\Lib\site-packages\torch\utils\data\dataloader.py", line 401, in __init__
    sampler = RandomSampler(dataset, generator=generator)  # type: ignore[arg-type]
              ^^^^^^^^^^^^^^^^^^^^^^^^^^^^^^^^^^^^^^^^^^^
  File "C:\Users\prana\OneDrive\Desktop\federated\.venv\Lib\site-packages\torch\utils\data\sampler.py", line 149, in __init__
    raise ValueError(
ValueError: num_samples should be a positive integer value, but got num_samples=0

The above exception was the direct cause of the following exception:

[36mray::ClientAppActor.run()[39m (pid=30208, ip=127.0.0.1, actor_id=ce5320a6ffa0f61e43ad02f901000000, repr=<flwr.simulation.ray_transport.ray_actor.ClientAppActor object at 0x00000297FBA06A20>)
  File "python\\ray\\_raylet.pyx", line 1836, in ray._raylet.execute_task
  File "python\\ray\\_raylet.pyx", line 1947, in ray._raylet.execute_task
  File "python\\ray\\_raylet.pyx", line 1843, in ray._raylet.execute_task
  File "python\\ray\\_raylet.pyx", line 1786, in ray._raylet.execute_task.function_executor
  File "C:\Users\prana\OneDrive\Desktop\federated\.venv\Lib\site-packages\ray\_private\function_manager.py", line 740, in actor_method_executor
    return method(__ray_actor, *args, **kwargs)
           ^^^^^^^^^^^^^^^^^^^^^^^^^^^^^^^^^^^^
  File "C:\Users\prana\OneDrive\Desktop\federated\.venv\Lib\site-packages\ray\util\tracing\tracing_helper.py", line 487, in _resume_span
    return method(self, *_args, **_kwargs)
           ^^^^^^^^^^^^^^^^^^^^^^^^^^^^^^^
  File "C:\Users\prana\OneDrive\Desktop\federated\.venv\Lib\site-packages\flwr\simulation\ray_transport\ray_actor.py", line 64, in run
    raise ClientAppException(str(ex)) from ex
flwr.client.client_app.ClientAppException: 
Exception ClientAppException occurred. Message: num_samples should be a positive integer value, but got num_samples=0
[2026-07-20 14:19:00,795][flwr][INFO] - aggregate_evaluate: received 2 results and 1 failures
[2026-07-20 14:19:00,845][flwr][INFO] - 
[2026-07-20 14:19:00,846][flwr][INFO] - [ROUND 2]
[2026-07-20 14:19:00,846][flwr][INFO] - configure_fit: strategy sampled 3 clients (out of 3)
[2026-07-20 14:19:00,882][flwr][ERROR] - Traceback (most recent call last):
  File "C:\Users\prana\OneDrive\Desktop\federated\.venv\Lib\site-packages\flwr\simulation\ray_transport\ray_client_proxy.py", line 73, in _submit_job
    out_mssg, updated_context = self.actor_pool.get_client_result(
                                ^^^^^^^^^^^^^^^^^^^^^^^^^^^^^^^^^^
  File "C:\Users\prana\OneDrive\Desktop\federated\.venv\Lib\site-packages\flwr\simulation\ray_transport\ray_actor.py", line 399, in get_client_result
    return self._fetch_future_result(cid)
           ^^^^^^^^^^^^^^^^^^^^^^^^^^^^^^
  File "C:\Users\prana\OneDrive\Desktop\federated\.venv\Lib\site-packages\flwr\simulation\ray_transport\ray_actor.py", line 280, in _fetch_future_result
    res_cid, out_mssg, updated_context = ray.get(
                                         ^^^^^^^^
  File "C:\Users\prana\OneDrive\Desktop\federated\.venv\Lib\site-packages\ray\_private\auto_init_hook.py", line 22, in auto_init_wrapper
    return fn(*args, **kwargs)
           ^^^^^^^^^^^^^^^^^^^
  File "C:\Users\prana\OneDrive\Desktop\federated\.venv\Lib\site-packages\ray\_private\client_mode_hook.py", line 110, in wrapper
    return func(*args, **kwargs)
           ^^^^^^^^^^^^^^^^^^^^^
  File "C:\Users\prana\OneDrive\Desktop\federated\.venv\Lib\site-packages\ray\_private\worker.py", line 2968, in get
    values, debugger_breakpoint = worker.get_objects(
                                  ^^^^^^^^^^^^^^^^^^^
  File "C:\Users\prana\OneDrive\Desktop\federated\.venv\Lib\site-packages\ray\_private\worker.py", line 1050, in get_objects
    raise value.as_instanceof_cause()
ray.exceptions.RayTaskError(ClientAppException): [36mray::ClientAppActor.run()[39m (pid=30052, ip=127.0.0.1, actor_id=d77f4d3b0d76a39b4bc84a6c01000000, repr=<flwr.simulation.ray_transport.ray_actor.ClientAppActor object at 0x00000224B8E168D0>)
                  ^^^^^^^^^^^^^^^^^^^^^^^^^^^^^^^^^^^^^
  File "C:\Users\prana\OneDrive\Desktop\federated\.venv\Lib\site-packages\flwr\client\client_app.py", line 98, in __call__
    return self._call(message, context)
           ^^^^^^^^^^^^^^^^^^^^^^^^^^^^
  File "C:\Users\prana\OneDrive\Desktop\federated\.venv\Lib\site-packages\flwr\client\client_app.py", line 81, in ffn
    out_message = handle_legacy_message_from_msgtype(
                  ^^^^^^^^^^^^^^^^^^^^^^^^^^^^^^^^^^^
  File "C:\Users\prana\OneDrive\Desktop\federated\.venv\Lib\site-packages\flwr\client\message_handler\message_handler.py", line 96, in handle_legacy_message_from_msgtype
    client = client_fn(str(message.metadata.partition_id))
             ^^^^^^^^^^^^^^^^^^^^^^^^^^^^^^^^^^^^^^^^^^^^^
  File "C:\Users\prana\OneDrive\Desktop\federated\scripts\federated_simulation.py", line 44, in client_fn
    train_loader = data_module.train_dataloader()
                   ^^^^^^^^^^^^^^^^^^^^^^^^^^^^^^
  File "C:\Users\prana\OneDrive\Desktop\federated\app\datasets\loader.py", line 31, in train_dataloader
    return DataLoader(self.train_dataset, batch_size=self.batch_size, shuffle=True)
           ^^^^^^^^^^^^^^^^^^^^^^^^^^^^^^^^^^^^^^^^^^^^^^^^^^^^^^^^^^^^^^^^^^^^^^^^
  File "C:\Users\prana\OneDrive\Desktop\federated\.venv\Lib\site-packages\torch\utils\data\dataloader.py", line 401, in __init__
    sampler = RandomSampler(dataset, generator=generator)  # type: ignore[arg-type]
              ^^^^^^^^^^^^^^^^^^^^^^^^^^^^^^^^^^^^^^^^^^^
  File "C:\Users\prana\OneDrive\Desktop\federated\.venv\Lib\site-packages\torch\utils\data\sampler.py", line 149, in __init__
    raise ValueError(
ValueError: num_samples should be a positive integer value, but got num_samples=0

The above exception was the direct cause of the following exception:

[36mray::ClientAppActor.run()[39m (pid=30052, ip=127.0.0.1, actor_id=d77f4d3b0d76a39b4bc84a6c01000000, repr=<flwr.simulation.ray_transport.ray_actor.ClientAppActor object at 0x00000224B8E168D0>)
  File "python\\ray\\_raylet.pyx", line 1836, in ray._raylet.execute_task
  File "python\\ray\\_raylet.pyx", line 1947, in ray._raylet.execute_task
  File "python\\ray\\_raylet.pyx", line 1843, in ray._raylet.execute_task
  File "python\\ray\\_raylet.pyx", line 1786, in ray._raylet.execute_task.function_executor
  File "C:\Users\prana\OneDrive\Desktop\federated\.venv\Lib\site-packages\ray\_private\function_manager.py", line 740, in actor_method_executor
    return method(__ray_actor, *args, **kwargs)
           ^^^^^^^^^^^^^^^^^^^^^^^^^^^^^^^^^^^^
  File "C:\Users\prana\OneDrive\Desktop\federated\.venv\Lib\site-packages\ray\util\tracing\tracing_helper.py", line 487, in _resume_span
    return method(self, *_args, **_kwargs)
           ^^^^^^^^^^^^^^^^^^^^^^^^^^^^^^^
  File "C:\Users\prana\OneDrive\Desktop\federated\.venv\Lib\site-packages\flwr\simulation\ray_transport\ray_actor.py", line 64, in run
    raise ClientAppException(str(ex)) from ex
flwr.client.client_app.ClientAppException: 
Exception ClientAppException occurred. Message: num_samples should be a positive integer value, but got num_samples=0

[2026-07-20 14:19:00,883][flwr][ERROR] - [36mray::ClientAppActor.run()[39m (pid=30052, ip=127.0.0.1, actor_id=d77f4d3b0d76a39b4bc84a6c01000000, repr=<flwr.simulation.ray_transport.ray_actor.ClientAppActor object at 0x00000224B8E168D0>)
                  ^^^^^^^^^^^^^^^^^^^^^^^^^^^^^^^^^^^^^
  File "C:\Users\prana\OneDrive\Desktop\federated\.venv\Lib\site-packages\flwr\client\client_app.py", line 98, in __call__
    return self._call(message, context)
           ^^^^^^^^^^^^^^^^^^^^^^^^^^^^
  File "C:\Users\prana\OneDrive\Desktop\federated\.venv\Lib\site-packages\flwr\client\client_app.py", line 81, in ffn
    out_message = handle_legacy_message_from_msgtype(
                  ^^^^^^^^^^^^^^^^^^^^^^^^^^^^^^^^^^^
  File "C:\Users\prana\OneDrive\Desktop\federated\.venv\Lib\site-packages\flwr\client\message_handler\message_handler.py", line 96, in handle_legacy_message_from_msgtype
    client = client_fn(str(message.metadata.partition_id))
             ^^^^^^^^^^^^^^^^^^^^^^^^^^^^^^^^^^^^^^^^^^^^^
  File "C:\Users\prana\OneDrive\Desktop\federated\scripts\federated_simulation.py", line 44, in client_fn
    train_loader = data_module.train_dataloader()
                   ^^^^^^^^^^^^^^^^^^^^^^^^^^^^^^
  File "C:\Users\prana\OneDrive\Desktop\federated\app\datasets\loader.py", line 31, in train_dataloader
    return DataLoader(self.train_dataset, batch_size=self.batch_size, shuffle=True)
           ^^^^^^^^^^^^^^^^^^^^^^^^^^^^^^^^^^^^^^^^^^^^^^^^^^^^^^^^^^^^^^^^^^^^^^^^
  File "C:\Users\prana\OneDrive\Desktop\federated\.venv\Lib\site-packages\torch\utils\data\dataloader.py", line 401, in __init__
    sampler = RandomSampler(dataset, generator=generator)  # type: ignore[arg-type]
              ^^^^^^^^^^^^^^^^^^^^^^^^^^^^^^^^^^^^^^^^^^^
  File "C:\Users\prana\OneDrive\Desktop\federated\.venv\Lib\site-packages\torch\utils\data\sampler.py", line 149, in __init__
    raise ValueError(
ValueError: num_samples should be a positive integer value, but got num_samples=0

The above exception was the direct cause of the following exception:

[36mray::ClientAppActor.run()[39m (pid=30052, ip=127.0.0.1, actor_id=d77f4d3b0d76a39b4bc84a6c01000000, repr=<flwr.simulation.ray_transport.ray_actor.ClientAppActor object at 0x00000224B8E168D0>)
  File "python\\ray\\_raylet.pyx", line 1836, in ray._raylet.execute_task
  File "python\\ray\\_raylet.pyx", line 1947, in ray._raylet.execute_task
  File "python\\ray\\_raylet.pyx", line 1843, in ray._raylet.execute_task
  File "python\\ray\\_raylet.pyx", line 1786, in ray._raylet.execute_task.function_executor
  File "C:\Users\prana\OneDrive\Desktop\federated\.venv\Lib\site-packages\ray\_private\function_manager.py", line 740, in actor_method_executor
    return method(__ray_actor, *args, **kwargs)
           ^^^^^^^^^^^^^^^^^^^^^^^^^^^^^^^^^^^^
  File "C:\Users\prana\OneDrive\Desktop\federated\.venv\Lib\site-packages\ray\util\tracing\tracing_helper.py", line 487, in _resume_span
    return method(self, *_args, **_kwargs)
           ^^^^^^^^^^^^^^^^^^^^^^^^^^^^^^^
  File "C:\Users\prana\OneDrive\Desktop\federated\.venv\Lib\site-packages\flwr\simulation\ray_transport\ray_actor.py", line 64, in run
    raise ClientAppException(str(ex)) from ex
flwr.client.client_app.ClientAppException: 
Exception ClientAppException occurred. Message: num_samples should be a positive integer value, but got num_samples=0
[2026-07-20 14:19:01,030][flwr][ERROR] - Traceback (most recent call last):
  File "C:\Users\prana\OneDrive\Desktop\federated\.venv\Lib\site-packages\flwr\simulation\ray_transport\ray_client_proxy.py", line 73, in _submit_job
    out_mssg, updated_context = self.actor_pool.get_client_result(
                                ^^^^^^^^^^^^^^^^^^^^^^^^^^^^^^^^^^
  File "C:\Users\prana\OneDrive\Desktop\federated\.venv\Lib\site-packages\flwr\simulation\ray_transport\ray_actor.py", line 399, in get_client_result
    return self._fetch_future_result(cid)
           ^^^^^^^^^^^^^^^^^^^^^^^^^^^^^^
  File "C:\Users\prana\OneDrive\Desktop\federated\.venv\Lib\site-packages\flwr\simulation\ray_transport\ray_actor.py", line 280, in _fetch_future_result
    res_cid, out_mssg, updated_context = ray.get(
                                         ^^^^^^^^
  File "C:\Users\prana\OneDrive\Desktop\federated\.venv\Lib\site-packages\ray\_private\auto_init_hook.py", line 22, in auto_init_wrapper
    return fn(*args, **kwargs)
           ^^^^^^^^^^^^^^^^^^^
  File "C:\Users\prana\OneDrive\Desktop\federated\.venv\Lib\site-packages\ray\_private\client_mode_hook.py", line 110, in wrapper
    return func(*args, **kwargs)
           ^^^^^^^^^^^^^^^^^^^^^
  File "C:\Users\prana\OneDrive\Desktop\federated\.venv\Lib\site-packages\ray\_private\worker.py", line 2968, in get
    values, debugger_breakpoint = worker.get_objects(
                                  ^^^^^^^^^^^^^^^^^^^
  File "C:\Users\prana\OneDrive\Desktop\federated\.venv\Lib\site-packages\ray\_private\worker.py", line 1050, in get_objects
    raise value.as_instanceof_cause()
ray.exceptions.RayTaskError(ClientAppException): [36mray::ClientAppActor.run()[39m (pid=24672, ip=127.0.0.1, actor_id=347caa730a2dc0a0774516f501000000, repr=<flwr.simulation.ray_transport.ray_actor.ClientAppActor object at 0x000001C9DDAE2B70>)
                  ^^^^^^^^^^^^^^^^^^^^^^^^^^^^^^^^^^^^^
  File "C:\Users\prana\OneDrive\Desktop\federated\.venv\Lib\site-packages\flwr\client\client_app.py", line 98, in __call__
    return self._call(message, context)
           ^^^^^^^^^^^^^^^^^^^^^^^^^^^^
  File "C:\Users\prana\OneDrive\Desktop\federated\.venv\Lib\site-packages\flwr\client\client_app.py", line 81, in ffn
    out_message = handle_legacy_message_from_msgtype(
                  ^^^^^^^^^^^^^^^^^^^^^^^^^^^^^^^^^^^
  File "C:\Users\prana\OneDrive\Desktop\federated\.venv\Lib\site-packages\flwr\client\message_handler\message_handler.py", line 130, in handle_legacy_message_from_msgtype
    fit_res = maybe_call_fit(
              ^^^^^^^^^^^^^^^
  File "C:\Users\prana\OneDrive\Desktop\federated\.venv\Lib\site-packages\flwr\client\client.py", line 234, in maybe_call_fit
    return client.fit(fit_ins)
           ^^^^^^^^^^^^^^^^^^^
  File "C:\Users\prana\OneDrive\Desktop\federated\.venv\Lib\site-packages\flwr\client\numpy_client.py", line 238, in _fit
    results = self.numpy_client.fit(parameters, ins.config)  # type: ignore
              ^^^^^^^^^^^^^^^^^^^^^^^^^^^^^^^^^^^^^^^^^^^^^
  File "C:\Users\prana\OneDrive\Desktop\federated\app\federated\client.py", line 52, in fit
    self.trainer.fit(self.train_loader, self.val_loader, epochs=self.epochs,
  File "C:\Users\prana\OneDrive\Desktop\federated\app\training\trainer.py", line 37, in fit
    train_logs = self._train_epoch(train_loader, epoch, proximal_mu, global_params)
                 ^^^^^^^^^^^^^^^^^^^^^^^^^^^^^^^^^^^^^^^^^^^^^^^^^^^^^^^^^^^^^^^^^^
  File "C:\Users\prana\OneDrive\Desktop\federated\app\training\trainer.py", line 83, in _train_epoch
    output = self.model(data)
             ^^^^^^^^^^^^^^^^
  File "C:\Users\prana\OneDrive\Desktop\federated\.venv\Lib\site-packages\torch\nn\modules\module.py", line 1778, in _wrapped_call_impl
    return self._call_impl(*args, **kwargs)
           ^^^^^^^^^^^^^^^^^^^^^^^^^^^^^^^^
  File "C:\Users\prana\OneDrive\Desktop\federated\.venv\Lib\site-packages\torch\nn\modules\module.py", line 1789, in _call_impl
    return forward_call(*args, **kwargs)
           ^^^^^^^^^^^^^^^^^^^^^^^^^^^^^
  File "C:\Users\prana\OneDrive\Desktop\federated\app\models\mlp.py", line 24, in forward
    return self.network(x)
           ^^^^^^^^^^^^^^^
  File "C:\Users\prana\OneDrive\Desktop\federated\.venv\Lib\site-packages\torch\nn\modules\module.py", line 1778, in _wrapped_call_impl
    return self._call_impl(*args, **kwargs)
           ^^^^^^^^^^^^^^^^^^^^^^^^^^^^^^^^
  File "C:\Users\prana\OneDrive\Desktop\federated\.venv\Lib\site-packages\torch\nn\modules\module.py", line 1789, in _call_impl
    return forward_call(*args, **kwargs)
           ^^^^^^^^^^^^^^^^^^^^^^^^^^^^^
  File "C:\Users\prana\OneDrive\Desktop\federated\.venv\Lib\site-packages\torch\nn\modules\container.py", line 253, in forward
    input = module(input)
            ^^^^^^^^^^^^^
  File "C:\Users\prana\OneDrive\Desktop\federated\.venv\Lib\site-packages\torch\nn\modules\module.py", line 1778, in _wrapped_call_impl
    return self._call_impl(*args, **kwargs)
           ^^^^^^^^^^^^^^^^^^^^^^^^^^^^^^^^
  File "C:\Users\prana\OneDrive\Desktop\federated\.venv\Lib\site-packages\torch\nn\modules\module.py", line 1789, in _call_impl
    return forward_call(*args, **kwargs)
           ^^^^^^^^^^^^^^^^^^^^^^^^^^^^^
  File "C:\Users\prana\OneDrive\Desktop\federated\.venv\Lib\site-packages\torch\nn\modules\batchnorm.py", line 210, in forward
    return F.batch_norm(
           ^^^^^^^^^^^^^
  File "C:\Users\prana\OneDrive\Desktop\federated\.venv\Lib\site-packages\torch\nn\functional.py", line 2889, in batch_norm
    _verify_batch_size(input.size())
  File "C:\Users\prana\OneDrive\Desktop\federated\.venv\Lib\site-packages\torch\nn\functional.py", line 2854, in _verify_batch_size
    raise ValueError(
ValueError: Expected more than 1 value per channel when training, got input size torch.Size([1, 128])

The above exception was the direct cause of the following exception:

[36mray::ClientAppActor.run()[39m (pid=24672, ip=127.0.0.1, actor_id=347caa730a2dc0a0774516f501000000, repr=<flwr.simulation.ray_transport.ray_actor.ClientAppActor object at 0x000001C9DDAE2B70>)
  File "python\\ray\\_raylet.pyx", line 1836, in ray._raylet.execute_task
  File "python\\ray\\_raylet.pyx", line 1947, in ray._raylet.execute_task
  File "python\\ray\\_raylet.pyx", line 1843, in ray._raylet.execute_task
  File "python\\ray\\_raylet.pyx", line 1786, in ray._raylet.execute_task.function_executor
  File "C:\Users\prana\OneDrive\Desktop\federated\.venv\Lib\site-packages\ray\_private\function_manager.py", line 740, in actor_method_executor
    return method(__ray_actor, *args, **kwargs)
           ^^^^^^^^^^^^^^^^^^^^^^^^^^^^^^^^^^^^
  File "C:\Users\prana\OneDrive\Desktop\federated\.venv\Lib\site-packages\ray\util\tracing\tracing_helper.py", line 487, in _resume_span
    return method(self, *_args, **_kwargs)
           ^^^^^^^^^^^^^^^^^^^^^^^^^^^^^^^
  File "C:\Users\prana\OneDrive\Desktop\federated\.venv\Lib\site-packages\flwr\simulation\ray_transport\ray_actor.py", line 64, in run
    raise ClientAppException(str(ex)) from ex
flwr.client.client_app.ClientAppException: 
Exception ClientAppException occurred. Message: Expected more than 1 value per channel when training, got input size torch.Size([1, 128])

[2026-07-20 14:19:01,031][flwr][ERROR] - [36mray::ClientAppActor.run()[39m (pid=24672, ip=127.0.0.1, actor_id=347caa730a2dc0a0774516f501000000, repr=<flwr.simulation.ray_transport.ray_actor.ClientAppActor object at 0x000001C9DDAE2B70>)
                  ^^^^^^^^^^^^^^^^^^^^^^^^^^^^^^^^^^^^^
  File "C:\Users\prana\OneDrive\Desktop\federated\.venv\Lib\site-packages\flwr\client\client_app.py", line 98, in __call__
    return self._call(message, context)
           ^^^^^^^^^^^^^^^^^^^^^^^^^^^^
  File "C:\Users\prana\OneDrive\Desktop\federated\.venv\Lib\site-packages\flwr\client\client_app.py", line 81, in ffn
    out_message = handle_legacy_message_from_msgtype(
                  ^^^^^^^^^^^^^^^^^^^^^^^^^^^^^^^^^^^
  File "C:\Users\prana\OneDrive\Desktop\federated\.venv\Lib\site-packages\flwr\client\message_handler\message_handler.py", line 130, in handle_legacy_message_from_msgtype
    fit_res = maybe_call_fit(
              ^^^^^^^^^^^^^^^
  File "C:\Users\prana\OneDrive\Desktop\federated\.venv\Lib\site-packages\flwr\client\client.py", line 234, in maybe_call_fit
    return client.fit(fit_ins)
           ^^^^^^^^^^^^^^^^^^^
  File "C:\Users\prana\OneDrive\Desktop\federated\.venv\Lib\site-packages\flwr\client\numpy_client.py", line 238, in _fit
    results = self.numpy_client.fit(parameters, ins.config)  # type: ignore
              ^^^^^^^^^^^^^^^^^^^^^^^^^^^^^^^^^^^^^^^^^^^^^
  File "C:\Users\prana\OneDrive\Desktop\federated\app\federated\client.py", line 52, in fit
    self.trainer.fit(self.train_loader, self.val_loader, epochs=self.epochs,
  File "C:\Users\prana\OneDrive\Desktop\federated\app\training\trainer.py", line 37, in fit
    train_logs = self._train_epoch(train_loader, epoch, proximal_mu, global_params)
                 ^^^^^^^^^^^^^^^^^^^^^^^^^^^^^^^^^^^^^^^^^^^^^^^^^^^^^^^^^^^^^^^^^^
  File "C:\Users\prana\OneDrive\Desktop\federated\app\training\trainer.py", line 83, in _train_epoch
    output = self.model(data)
             ^^^^^^^^^^^^^^^^
  File "C:\Users\prana\OneDrive\Desktop\federated\.venv\Lib\site-packages\torch\nn\modules\module.py", line 1778, in _wrapped_call_impl
    return self._call_impl(*args, **kwargs)
           ^^^^^^^^^^^^^^^^^^^^^^^^^^^^^^^^
  File "C:\Users\prana\OneDrive\Desktop\federated\.venv\Lib\site-packages\torch\nn\modules\module.py", line 1789, in _call_impl
    return forward_call(*args, **kwargs)
           ^^^^^^^^^^^^^^^^^^^^^^^^^^^^^
  File "C:\Users\prana\OneDrive\Desktop\federated\app\models\mlp.py", line 24, in forward
    return self.network(x)
           ^^^^^^^^^^^^^^^
  File "C:\Users\prana\OneDrive\Desktop\federated\.venv\Lib\site-packages\torch\nn\modules\module.py", line 1778, in _wrapped_call_impl
    return self._call_impl(*args, **kwargs)
           ^^^^^^^^^^^^^^^^^^^^^^^^^^^^^^^^
  File "C:\Users\prana\OneDrive\Desktop\federated\.venv\Lib\site-packages\torch\nn\modules\module.py", line 1789, in _call_impl
    return forward_call(*args, **kwargs)
           ^^^^^^^^^^^^^^^^^^^^^^^^^^^^^
  File "C:\Users\prana\OneDrive\Desktop\federated\.venv\Lib\site-packages\torch\nn\modules\container.py", line 253, in forward
    input = module(input)
            ^^^^^^^^^^^^^
  File "C:\Users\prana\OneDrive\Desktop\federated\.venv\Lib\site-packages\torch\nn\modules\module.py", line 1778, in _wrapped_call_impl
    return self._call_impl(*args, **kwargs)
           ^^^^^^^^^^^^^^^^^^^^^^^^^^^^^^^^
  File "C:\Users\prana\OneDrive\Desktop\federated\.venv\Lib\site-packages\torch\nn\modules\module.py", line 1789, in _call_impl
    return forward_call(*args, **kwargs)
           ^^^^^^^^^^^^^^^^^^^^^^^^^^^^^
  File "C:\Users\prana\OneDrive\Desktop\federated\.venv\Lib\site-packages\torch\nn\modules\batchnorm.py", line 210, in forward
    return F.batch_norm(
           ^^^^^^^^^^^^^
  File "C:\Users\prana\OneDrive\Desktop\federated\.venv\Lib\site-packages\torch\nn\functional.py", line 2889, in batch_norm
    _verify_batch_size(input.size())
  File "C:\Users\prana\OneDrive\Desktop\federated\.venv\Lib\site-packages\torch\nn\functional.py", line 2854, in _verify_batch_size
    raise ValueError(
ValueError: Expected more than 1 value per channel when training, got input size torch.Size([1, 128])

The above exception was the direct cause of the following exception:

[36mray::ClientAppActor.run()[39m (pid=24672, ip=127.0.0.1, actor_id=347caa730a2dc0a0774516f501000000, repr=<flwr.simulation.ray_transport.ray_actor.ClientAppActor object at 0x000001C9DDAE2B70>)
  File "python\\ray\\_raylet.pyx", line 1836, in ray._raylet.execute_task
  File "python\\ray\\_raylet.pyx", line 1947, in ray._raylet.execute_task
  File "python\\ray\\_raylet.pyx", line 1843, in ray._raylet.execute_task
  File "python\\ray\\_raylet.pyx", line 1786, in ray._raylet.execute_task.function_executor
  File "C:\Users\prana\OneDrive\Desktop\federated\.venv\Lib\site-packages\ray\_private\function_manager.py", line 740, in actor_method_executor
    return method(__ray_actor, *args, **kwargs)
           ^^^^^^^^^^^^^^^^^^^^^^^^^^^^^^^^^^^^
  File "C:\Users\prana\OneDrive\Desktop\federated\.venv\Lib\site-packages\ray\util\tracing\tracing_helper.py", line 487, in _resume_span
    return method(self, *_args, **_kwargs)
           ^^^^^^^^^^^^^^^^^^^^^^^^^^^^^^^
  File "C:\Users\prana\OneDrive\Desktop\federated\.venv\Lib\site-packages\flwr\simulation\ray_transport\ray_actor.py", line 64, in run
    raise ClientAppException(str(ex)) from ex
flwr.client.client_app.ClientAppException: 
Exception ClientAppException occurred. Message: Expected more than 1 value per channel when training, got input size torch.Size([1, 128])
[2026-07-20 14:19:01,468][flwr][ERROR] - Traceback (most recent call last):
  File "C:\Users\prana\OneDrive\Desktop\federated\.venv\Lib\site-packages\flwr\simulation\ray_transport\ray_client_proxy.py", line 73, in _submit_job
    out_mssg, updated_context = self.actor_pool.get_client_result(
                                ^^^^^^^^^^^^^^^^^^^^^^^^^^^^^^^^^^
  File "C:\Users\prana\OneDrive\Desktop\federated\.venv\Lib\site-packages\flwr\simulation\ray_transport\ray_actor.py", line 399, in get_client_result
    return self._fetch_future_result(cid)
           ^^^^^^^^^^^^^^^^^^^^^^^^^^^^^^
  File "C:\Users\prana\OneDrive\Desktop\federated\.venv\Lib\site-packages\flwr\simulation\ray_transport\ray_actor.py", line 280, in _fetch_future_result
    res_cid, out_mssg, updated_context = ray.get(
                                         ^^^^^^^^
  File "C:\Users\prana\OneDrive\Desktop\federated\.venv\Lib\site-packages\ray\_private\auto_init_hook.py", line 22, in auto_init_wrapper
    return fn(*args, **kwargs)
           ^^^^^^^^^^^^^^^^^^^
  File "C:\Users\prana\OneDrive\Desktop\federated\.venv\Lib\site-packages\ray\_private\client_mode_hook.py", line 110, in wrapper
    return func(*args, **kwargs)
           ^^^^^^^^^^^^^^^^^^^^^
  File "C:\Users\prana\OneDrive\Desktop\federated\.venv\Lib\site-packages\ray\_private\worker.py", line 2968, in get
    values, debugger_breakpoint = worker.get_objects(
                                  ^^^^^^^^^^^^^^^^^^^
  File "C:\Users\prana\OneDrive\Desktop\federated\.venv\Lib\site-packages\ray\_private\worker.py", line 1050, in get_objects
    raise value.as_instanceof_cause()
ray.exceptions.RayTaskError(ClientAppException): [36mray::ClientAppActor.run()[39m (pid=30208, ip=127.0.0.1, actor_id=ce5320a6ffa0f61e43ad02f901000000, repr=<flwr.simulation.ray_transport.ray_actor.ClientAppActor object at 0x00000297FBA06A20>)
                  ^^^^^^^^^^^^^^^^^^^^^^^^^^^^^^^^^^^^^
  File "C:\Users\prana\OneDrive\Desktop\federated\.venv\Lib\site-packages\flwr\client\client_app.py", line 98, in __call__
    return self._call(message, context)
           ^^^^^^^^^^^^^^^^^^^^^^^^^^^^
  File "C:\Users\prana\OneDrive\Desktop\federated\.venv\Lib\site-packages\flwr\client\client_app.py", line 81, in ffn
    out_message = handle_legacy_message_from_msgtype(
                  ^^^^^^^^^^^^^^^^^^^^^^^^^^^^^^^^^^^
  File "C:\Users\prana\OneDrive\Desktop\federated\.venv\Lib\site-packages\flwr\client\message_handler\message_handler.py", line 130, in handle_legacy_message_from_msgtype
    fit_res = maybe_call_fit(
              ^^^^^^^^^^^^^^^
  File "C:\Users\prana\OneDrive\Desktop\federated\.venv\Lib\site-packages\flwr\client\client.py", line 234, in maybe_call_fit
    return client.fit(fit_ins)
           ^^^^^^^^^^^^^^^^^^^
  File "C:\Users\prana\OneDrive\Desktop\federated\.venv\Lib\site-packages\flwr\client\numpy_client.py", line 238, in _fit
    results = self.numpy_client.fit(parameters, ins.config)  # type: ignore
              ^^^^^^^^^^^^^^^^^^^^^^^^^^^^^^^^^^^^^^^^^^^^^
  File "C:\Users\prana\OneDrive\Desktop\federated\app\federated\client.py", line 52, in fit
    self.trainer.fit(self.train_loader, self.val_loader, epochs=self.epochs,
  File "C:\Users\prana\OneDrive\Desktop\federated\app\training\trainer.py", line 37, in fit
    train_logs = self._train_epoch(train_loader, epoch, proximal_mu, global_params)
                 ^^^^^^^^^^^^^^^^^^^^^^^^^^^^^^^^^^^^^^^^^^^^^^^^^^^^^^^^^^^^^^^^^^
  File "C:\Users\prana\OneDrive\Desktop\federated\app\training\trainer.py", line 83, in _train_epoch
    output = self.model(data)
             ^^^^^^^^^^^^^^^^
  File "C:\Users\prana\OneDrive\Desktop\federated\.venv\Lib\site-packages\torch\nn\modules\module.py", line 1778, in _wrapped_call_impl
    return self._call_impl(*args, **kwargs)
           ^^^^^^^^^^^^^^^^^^^^^^^^^^^^^^^^
  File "C:\Users\prana\OneDrive\Desktop\federated\.venv\Lib\site-packages\torch\nn\modules\module.py", line 1789, in _call_impl
    return forward_call(*args, **kwargs)
           ^^^^^^^^^^^^^^^^^^^^^^^^^^^^^
  File "C:\Users\prana\OneDrive\Desktop\federated\app\models\mlp.py", line 24, in forward
    return self.network(x)
           ^^^^^^^^^^^^^^^
  File "C:\Users\prana\OneDrive\Desktop\federated\.venv\Lib\site-packages\torch\nn\modules\module.py", line 1778, in _wrapped_call_impl
    return self._call_impl(*args, **kwargs)
           ^^^^^^^^^^^^^^^^^^^^^^^^^^^^^^^^
  File "C:\Users\prana\OneDrive\Desktop\federated\.venv\Lib\site-packages\torch\nn\modules\module.py", line 1789, in _call_impl
    return forward_call(*args, **kwargs)
           ^^^^^^^^^^^^^^^^^^^^^^^^^^^^^
  File "C:\Users\prana\OneDrive\Desktop\federated\.venv\Lib\site-packages\torch\nn\modules\container.py", line 253, in forward
    input = module(input)
            ^^^^^^^^^^^^^
  File "C:\Users\prana\OneDrive\Desktop\federated\.venv\Lib\site-packages\torch\nn\modules\module.py", line 1778, in _wrapped_call_impl
    return self._call_impl(*args, **kwargs)
           ^^^^^^^^^^^^^^^^^^^^^^^^^^^^^^^^
  File "C:\Users\prana\OneDrive\Desktop\federated\.venv\Lib\site-packages\torch\nn\modules\module.py", line 1789, in _call_impl
    return forward_call(*args, **kwargs)
           ^^^^^^^^^^^^^^^^^^^^^^^^^^^^^
  File "C:\Users\prana\OneDrive\Desktop\federated\.venv\Lib\site-packages\torch\nn\modules\batchnorm.py", line 210, in forward
    return F.batch_norm(
           ^^^^^^^^^^^^^
  File "C:\Users\prana\OneDrive\Desktop\federated\.venv\Lib\site-packages\torch\nn\functional.py", line 2889, in batch_norm
    _verify_batch_size(input.size())
  File "C:\Users\prana\OneDrive\Desktop\federated\.venv\Lib\site-packages\torch\nn\functional.py", line 2854, in _verify_batch_size
    raise ValueError(
ValueError: Expected more than 1 value per channel when training, got input size torch.Size([1, 128])

The above exception was the direct cause of the following exception:

[36mray::ClientAppActor.run()[39m (pid=30208, ip=127.0.0.1, actor_id=ce5320a6ffa0f61e43ad02f901000000, repr=<flwr.simulation.ray_transport.ray_actor.ClientAppActor object at 0x00000297FBA06A20>)
  File "python\\ray\\_raylet.pyx", line 1836, in ray._raylet.execute_task
  File "python\\ray\\_raylet.pyx", line 1947, in ray._raylet.execute_task
  File "python\\ray\\_raylet.pyx", line 1843, in ray._raylet.execute_task
  File "python\\ray\\_raylet.pyx", line 1786, in ray._raylet.execute_task.function_executor
  File "C:\Users\prana\OneDrive\Desktop\federated\.venv\Lib\site-packages\ray\_private\function_manager.py", line 740, in actor_method_executor
    return method(__ray_actor, *args, **kwargs)
           ^^^^^^^^^^^^^^^^^^^^^^^^^^^^^^^^^^^^
  File "C:\Users\prana\OneDrive\Desktop\federated\.venv\Lib\site-packages\ray\util\tracing\tracing_helper.py", line 487, in _resume_span
    return method(self, *_args, **_kwargs)
           ^^^^^^^^^^^^^^^^^^^^^^^^^^^^^^^
  File "C:\Users\prana\OneDrive\Desktop\federated\.venv\Lib\site-packages\flwr\simulation\ray_transport\ray_actor.py", line 64, in run
    raise ClientAppException(str(ex)) from ex
flwr.client.client_app.ClientAppException: 
Exception ClientAppException occurred. Message: Expected more than 1 value per channel when training, got input size torch.Size([1, 128])

[2026-07-20 14:19:01,469][flwr][ERROR] - [36mray::ClientAppActor.run()[39m (pid=30208, ip=127.0.0.1, actor_id=ce5320a6ffa0f61e43ad02f901000000, repr=<flwr.simulation.ray_transport.ray_actor.ClientAppActor object at 0x00000297FBA06A20>)
                  ^^^^^^^^^^^^^^^^^^^^^^^^^^^^^^^^^^^^^
  File "C:\Users\prana\OneDrive\Desktop\federated\.venv\Lib\site-packages\flwr\client\client_app.py", line 98, in __call__
    return self._call(message, context)
           ^^^^^^^^^^^^^^^^^^^^^^^^^^^^
  File "C:\Users\prana\OneDrive\Desktop\federated\.venv\Lib\site-packages\flwr\client\client_app.py", line 81, in ffn
    out_message = handle_legacy_message_from_msgtype(
                  ^^^^^^^^^^^^^^^^^^^^^^^^^^^^^^^^^^^
  File "C:\Users\prana\OneDrive\Desktop\federated\.venv\Lib\site-packages\flwr\client\message_handler\message_handler.py", line 130, in handle_legacy_message_from_msgtype
    fit_res = maybe_call_fit(
              ^^^^^^^^^^^^^^^
  File "C:\Users\prana\OneDrive\Desktop\federated\.venv\Lib\site-packages\flwr\client\client.py", line 234, in maybe_call_fit
    return client.fit(fit_ins)
           ^^^^^^^^^^^^^^^^^^^
  File "C:\Users\prana\OneDrive\Desktop\federated\.venv\Lib\site-packages\flwr\client\numpy_client.py", line 238, in _fit
    results = self.numpy_client.fit(parameters, ins.config)  # type: ignore
              ^^^^^^^^^^^^^^^^^^^^^^^^^^^^^^^^^^^^^^^^^^^^^
  File "C:\Users\prana\OneDrive\Desktop\federated\app\federated\client.py", line 52, in fit
    self.trainer.fit(self.train_loader, self.val_loader, epochs=self.epochs,
  File "C:\Users\prana\OneDrive\Desktop\federated\app\training\trainer.py", line 37, in fit
    train_logs = self._train_epoch(train_loader, epoch, proximal_mu, global_params)
                 ^^^^^^^^^^^^^^^^^^^^^^^^^^^^^^^^^^^^^^^^^^^^^^^^^^^^^^^^^^^^^^^^^^
  File "C:\Users\prana\OneDrive\Desktop\federated\app\training\trainer.py", line 83, in _train_epoch
    output = self.model(data)
             ^^^^^^^^^^^^^^^^
  File "C:\Users\prana\OneDrive\Desktop\federated\.venv\Lib\site-packages\torch\nn\modules\module.py", line 1778, in _wrapped_call_impl
    return self._call_impl(*args, **kwargs)
           ^^^^^^^^^^^^^^^^^^^^^^^^^^^^^^^^
  File "C:\Users\prana\OneDrive\Desktop\federated\.venv\Lib\site-packages\torch\nn\modules\module.py", line 1789, in _call_impl
    return forward_call(*args, **kwargs)
           ^^^^^^^^^^^^^^^^^^^^^^^^^^^^^
  File "C:\Users\prana\OneDrive\Desktop\federated\app\models\mlp.py", line 24, in forward
    return self.network(x)
           ^^^^^^^^^^^^^^^
  File "C:\Users\prana\OneDrive\Desktop\federated\.venv\Lib\site-packages\torch\nn\modules\module.py", line 1778, in _wrapped_call_impl
    return self._call_impl(*args, **kwargs)
           ^^^^^^^^^^^^^^^^^^^^^^^^^^^^^^^^
  File "C:\Users\prana\OneDrive\Desktop\federated\.venv\Lib\site-packages\torch\nn\modules\module.py", line 1789, in _call_impl
    return forward_call(*args, **kwargs)
           ^^^^^^^^^^^^^^^^^^^^^^^^^^^^^
  File "C:\Users\prana\OneDrive\Desktop\federated\.venv\Lib\site-packages\torch\nn\modules\container.py", line 253, in forward
    input = module(input)
            ^^^^^^^^^^^^^
  File "C:\Users\prana\OneDrive\Desktop\federated\.venv\Lib\site-packages\torch\nn\modules\module.py", line 1778, in _wrapped_call_impl
    return self._call_impl(*args, **kwargs)
           ^^^^^^^^^^^^^^^^^^^^^^^^^^^^^^^^
  File "C:\Users\prana\OneDrive\Desktop\federated\.venv\Lib\site-packages\torch\nn\modules\module.py", line 1789, in _call_impl
    return forward_call(*args, **kwargs)
           ^^^^^^^^^^^^^^^^^^^^^^^^^^^^^
  File "C:\Users\prana\OneDrive\Desktop\federated\.venv\Lib\site-packages\torch\nn\modules\batchnorm.py", line 210, in forward
    return F.batch_norm(
           ^^^^^^^^^^^^^
  File "C:\Users\prana\OneDrive\Desktop\federated\.venv\Lib\site-packages\torch\nn\functional.py", line 2889, in batch_norm
    _verify_batch_size(input.size())
  File "C:\Users\prana\OneDrive\Desktop\federated\.venv\Lib\site-packages\torch\nn\functional.py", line 2854, in _verify_batch_size
    raise ValueError(
ValueError: Expected more than 1 value per channel when training, got input size torch.Size([1, 128])

The above exception was the direct cause of the following exception:

[36mray::ClientAppActor.run()[39m (pid=30208, ip=127.0.0.1, actor_id=ce5320a6ffa0f61e43ad02f901000000, repr=<flwr.simulation.ray_transport.ray_actor.ClientAppActor object at 0x00000297FBA06A20>)
  File "python\\ray\\_raylet.pyx", line 1836, in ray._raylet.execute_task
  File "python\\ray\\_raylet.pyx", line 1947, in ray._raylet.execute_task
  File "python\\ray\\_raylet.pyx", line 1843, in ray._raylet.execute_task
  File "python\\ray\\_raylet.pyx", line 1786, in ray._raylet.execute_task.function_executor
  File "C:\Users\prana\OneDrive\Desktop\federated\.venv\Lib\site-packages\ray\_private\function_manager.py", line 740, in actor_method_executor
    return method(__ray_actor, *args, **kwargs)
           ^^^^^^^^^^^^^^^^^^^^^^^^^^^^^^^^^^^^
  File "C:\Users\prana\OneDrive\Desktop\federated\.venv\Lib\site-packages\ray\util\tracing\tracing_helper.py", line 487, in _resume_span
    return method(self, *_args, **_kwargs)
           ^^^^^^^^^^^^^^^^^^^^^^^^^^^^^^^
  File "C:\Users\prana\OneDrive\Desktop\federated\.venv\Lib\site-packages\flwr\simulation\ray_transport\ray_actor.py", line 64, in run
    raise ClientAppException(str(ex)) from ex
flwr.client.client_app.ClientAppException: 
Exception ClientAppException occurred. Message: Expected more than 1 value per channel when training, got input size torch.Size([1, 128])
[2026-07-20 14:19:01,470][flwr][INFO] - aggregate_fit: received 0 results and 3 failures
[2026-07-20 14:19:01,471][flwr][INFO] - configure_evaluate: strategy sampled 3 clients (out of 3)
[2026-07-20 14:19:01,492][flwr][ERROR] - Traceback (most recent call last):
  File "C:\Users\prana\OneDrive\Desktop\federated\.venv\Lib\site-packages\flwr\simulation\ray_transport\ray_client_proxy.py", line 73, in _submit_job
    out_mssg, updated_context = self.actor_pool.get_client_result(
                                ^^^^^^^^^^^^^^^^^^^^^^^^^^^^^^^^^^
  File "C:\Users\prana\OneDrive\Desktop\federated\.venv\Lib\site-packages\flwr\simulation\ray_transport\ray_actor.py", line 399, in get_client_result
    return self._fetch_future_result(cid)
           ^^^^^^^^^^^^^^^^^^^^^^^^^^^^^^
  File "C:\Users\prana\OneDrive\Desktop\federated\.venv\Lib\site-packages\flwr\simulation\ray_transport\ray_actor.py", line 280, in _fetch_future_result
    res_cid, out_mssg, updated_context = ray.get(
                                         ^^^^^^^^
  File "C:\Users\prana\OneDrive\Desktop\federated\.venv\Lib\site-packages\ray\_private\auto_init_hook.py", line 22, in auto_init_wrapper
    return fn(*args, **kwargs)
           ^^^^^^^^^^^^^^^^^^^
  File "C:\Users\prana\OneDrive\Desktop\federated\.venv\Lib\site-packages\ray\_private\client_mode_hook.py", line 110, in wrapper
    return func(*args, **kwargs)
           ^^^^^^^^^^^^^^^^^^^^^
  File "C:\Users\prana\OneDrive\Desktop\federated\.venv\Lib\site-packages\ray\_private\worker.py", line 2968, in get
    values, debugger_breakpoint = worker.get_objects(
                                  ^^^^^^^^^^^^^^^^^^^
  File "C:\Users\prana\OneDrive\Desktop\federated\.venv\Lib\site-packages\ray\_private\worker.py", line 1050, in get_objects
    raise value.as_instanceof_cause()
ray.exceptions.RayTaskError(ClientAppException): [36mray::ClientAppActor.run()[39m (pid=30208, ip=127.0.0.1, actor_id=ce5320a6ffa0f61e43ad02f901000000, repr=<flwr.simulation.ray_transport.ray_actor.ClientAppActor object at 0x00000297FBA06A20>)
                  ^^^^^^^^^^^^^^^^^^^^^^^^^^^^^^^^^^^^^
  File "C:\Users\prana\OneDrive\Desktop\federated\.venv\Lib\site-packages\flwr\client\client_app.py", line 98, in __call__
    return self._call(message, context)
           ^^^^^^^^^^^^^^^^^^^^^^^^^^^^
  File "C:\Users\prana\OneDrive\Desktop\federated\.venv\Lib\site-packages\flwr\client\client_app.py", line 81, in ffn
    out_message = handle_legacy_message_from_msgtype(
                  ^^^^^^^^^^^^^^^^^^^^^^^^^^^^^^^^^^^
  File "C:\Users\prana\OneDrive\Desktop\federated\.venv\Lib\site-packages\flwr\client\message_handler\message_handler.py", line 96, in handle_legacy_message_from_msgtype
    client = client_fn(str(message.metadata.partition_id))
             ^^^^^^^^^^^^^^^^^^^^^^^^^^^^^^^^^^^^^^^^^^^^^
  File "C:\Users\prana\OneDrive\Desktop\federated\scripts\federated_simulation.py", line 44, in client_fn
    train_loader = data_module.train_dataloader()
                   ^^^^^^^^^^^^^^^^^^^^^^^^^^^^^^
  File "C:\Users\prana\OneDrive\Desktop\federated\app\datasets\loader.py", line 31, in train_dataloader
    return DataLoader(self.train_dataset, batch_size=self.batch_size, shuffle=True)
           ^^^^^^^^^^^^^^^^^^^^^^^^^^^^^^^^^^^^^^^^^^^^^^^^^^^^^^^^^^^^^^^^^^^^^^^^
  File "C:\Users\prana\OneDrive\Desktop\federated\.venv\Lib\site-packages\torch\utils\data\dataloader.py", line 401, in __init__
    sampler = RandomSampler(dataset, generator=generator)  # type: ignore[arg-type]
              ^^^^^^^^^^^^^^^^^^^^^^^^^^^^^^^^^^^^^^^^^^^
  File "C:\Users\prana\OneDrive\Desktop\federated\.venv\Lib\site-packages\torch\utils\data\sampler.py", line 149, in __init__
    raise ValueError(
ValueError: num_samples should be a positive integer value, but got num_samples=0

The above exception was the direct cause of the following exception:

[36mray::ClientAppActor.run()[39m (pid=30208, ip=127.0.0.1, actor_id=ce5320a6ffa0f61e43ad02f901000000, repr=<flwr.simulation.ray_transport.ray_actor.ClientAppActor object at 0x00000297FBA06A20>)
  File "python\\ray\\_raylet.pyx", line 1836, in ray._raylet.execute_task
  File "python\\ray\\_raylet.pyx", line 1947, in ray._raylet.execute_task
  File "python\\ray\\_raylet.pyx", line 1843, in ray._raylet.execute_task
  File "python\\ray\\_raylet.pyx", line 1786, in ray._raylet.execute_task.function_executor
  File "C:\Users\prana\OneDrive\Desktop\federated\.venv\Lib\site-packages\ray\_private\function_manager.py", line 740, in actor_method_executor
    return method(__ray_actor, *args, **kwargs)
           ^^^^^^^^^^^^^^^^^^^^^^^^^^^^^^^^^^^^
  File "C:\Users\prana\OneDrive\Desktop\federated\.venv\Lib\site-packages\ray\util\tracing\tracing_helper.py", line 487, in _resume_span
    return method(self, *_args, **_kwargs)
           ^^^^^^^^^^^^^^^^^^^^^^^^^^^^^^^
  File "C:\Users\prana\OneDrive\Desktop\federated\.venv\Lib\site-packages\flwr\simulation\ray_transport\ray_actor.py", line 64, in run
    raise ClientAppException(str(ex)) from ex
flwr.client.client_app.ClientAppException: 
Exception ClientAppException occurred. Message: num_samples should be a positive integer value, but got num_samples=0

[2026-07-20 14:19:01,493][flwr][ERROR] - [36mray::ClientAppActor.run()[39m (pid=30208, ip=127.0.0.1, actor_id=ce5320a6ffa0f61e43ad02f901000000, repr=<flwr.simulation.ray_transport.ray_actor.ClientAppActor object at 0x00000297FBA06A20>)
                  ^^^^^^^^^^^^^^^^^^^^^^^^^^^^^^^^^^^^^
  File "C:\Users\prana\OneDrive\Desktop\federated\.venv\Lib\site-packages\flwr\client\client_app.py", line 98, in __call__
    return self._call(message, context)
           ^^^^^^^^^^^^^^^^^^^^^^^^^^^^
  File "C:\Users\prana\OneDrive\Desktop\federated\.venv\Lib\site-packages\flwr\client\client_app.py", line 81, in ffn
    out_message = handle_legacy_message_from_msgtype(
                  ^^^^^^^^^^^^^^^^^^^^^^^^^^^^^^^^^^^
  File "C:\Users\prana\OneDrive\Desktop\federated\.venv\Lib\site-packages\flwr\client\message_handler\message_handler.py", line 96, in handle_legacy_message_from_msgtype
    client = client_fn(str(message.metadata.partition_id))
             ^^^^^^^^^^^^^^^^^^^^^^^^^^^^^^^^^^^^^^^^^^^^^
  File "C:\Users\prana\OneDrive\Desktop\federated\scripts\federated_simulation.py", line 44, in client_fn
    train_loader = data_module.train_dataloader()
                   ^^^^^^^^^^^^^^^^^^^^^^^^^^^^^^
  File "C:\Users\prana\OneDrive\Desktop\federated\app\datasets\loader.py", line 31, in train_dataloader
    return DataLoader(self.train_dataset, batch_size=self.batch_size, shuffle=True)
           ^^^^^^^^^^^^^^^^^^^^^^^^^^^^^^^^^^^^^^^^^^^^^^^^^^^^^^^^^^^^^^^^^^^^^^^^
  File "C:\Users\prana\OneDrive\Desktop\federated\.venv\Lib\site-packages\torch\utils\data\dataloader.py", line 401, in __init__
    sampler = RandomSampler(dataset, generator=generator)  # type: ignore[arg-type]
              ^^^^^^^^^^^^^^^^^^^^^^^^^^^^^^^^^^^^^^^^^^^
  File "C:\Users\prana\OneDrive\Desktop\federated\.venv\Lib\site-packages\torch\utils\data\sampler.py", line 149, in __init__
    raise ValueError(
ValueError: num_samples should be a positive integer value, but got num_samples=0

The above exception was the direct cause of the following exception:

[36mray::ClientAppActor.run()[39m (pid=30208, ip=127.0.0.1, actor_id=ce5320a6ffa0f61e43ad02f901000000, repr=<flwr.simulation.ray_transport.ray_actor.ClientAppActor object at 0x00000297FBA06A20>)
  File "python\\ray\\_raylet.pyx", line 1836, in ray._raylet.execute_task
  File "python\\ray\\_raylet.pyx", line 1947, in ray._raylet.execute_task
  File "python\\ray\\_raylet.pyx", line 1843, in ray._raylet.execute_task
  File "python\\ray\\_raylet.pyx", line 1786, in ray._raylet.execute_task.function_executor
  File "C:\Users\prana\OneDrive\Desktop\federated\.venv\Lib\site-packages\ray\_private\function_manager.py", line 740, in actor_method_executor
    return method(__ray_actor, *args, **kwargs)
           ^^^^^^^^^^^^^^^^^^^^^^^^^^^^^^^^^^^^
  File "C:\Users\prana\OneDrive\Desktop\federated\.venv\Lib\site-packages\ray\util\tracing\tracing_helper.py", line 487, in _resume_span
    return method(self, *_args, **_kwargs)
           ^^^^^^^^^^^^^^^^^^^^^^^^^^^^^^^
  File "C:\Users\prana\OneDrive\Desktop\federated\.venv\Lib\site-packages\flwr\simulation\ray_transport\ray_actor.py", line 64, in run
    raise ClientAppException(str(ex)) from ex
flwr.client.client_app.ClientAppException: 
Exception ClientAppException occurred. Message: num_samples should be a positive integer value, but got num_samples=0
[2026-07-20 14:19:01,583][flwr][INFO] - aggregate_evaluate: received 2 results and 1 failures
[2026-07-20 14:19:01,645][flwr][INFO] - 
[2026-07-20 14:19:01,645][flwr][INFO] - [ROUND 3]
[2026-07-20 14:19:01,645][flwr][INFO] - configure_fit: strategy sampled 3 clients (out of 3)
[2026-07-20 14:19:01,680][flwr][ERROR] - Traceback (most recent call last):
  File "C:\Users\prana\OneDrive\Desktop\federated\.venv\Lib\site-packages\flwr\simulation\ray_transport\ray_client_proxy.py", line 73, in _submit_job
    out_mssg, updated_context = self.actor_pool.get_client_result(
                                ^^^^^^^^^^^^^^^^^^^^^^^^^^^^^^^^^^
  File "C:\Users\prana\OneDrive\Desktop\federated\.venv\Lib\site-packages\flwr\simulation\ray_transport\ray_actor.py", line 399, in get_client_result
    return self._fetch_future_result(cid)
           ^^^^^^^^^^^^^^^^^^^^^^^^^^^^^^
  File "C:\Users\prana\OneDrive\Desktop\federated\.venv\Lib\site-packages\flwr\simulation\ray_transport\ray_actor.py", line 280, in _fetch_future_result
    res_cid, out_mssg, updated_context = ray.get(
                                         ^^^^^^^^
  File "C:\Users\prana\OneDrive\Desktop\federated\.venv\Lib\site-packages\ray\_private\auto_init_hook.py", line 22, in auto_init_wrapper
    return fn(*args, **kwargs)
           ^^^^^^^^^^^^^^^^^^^
  File "C:\Users\prana\OneDrive\Desktop\federated\.venv\Lib\site-packages\ray\_private\client_mode_hook.py", line 110, in wrapper
    return func(*args, **kwargs)
           ^^^^^^^^^^^^^^^^^^^^^
  File "C:\Users\prana\OneDrive\Desktop\federated\.venv\Lib\site-packages\ray\_private\worker.py", line 2968, in get
    values, debugger_breakpoint = worker.get_objects(
                                  ^^^^^^^^^^^^^^^^^^^
  File "C:\Users\prana\OneDrive\Desktop\federated\.venv\Lib\site-packages\ray\_private\worker.py", line 1050, in get_objects
    raise value.as_instanceof_cause()
ray.exceptions.RayTaskError(ClientAppException): [36mray::ClientAppActor.run()[39m (pid=24672, ip=127.0.0.1, actor_id=347caa730a2dc0a0774516f501000000, repr=<flwr.simulation.ray_transport.ray_actor.ClientAppActor object at 0x000001C9DDAE2B70>)
                  ^^^^^^^^^^^^^^^^^^^^^^^^^^^^^^^^^^^^^
  File "C:\Users\prana\OneDrive\Desktop\federated\.venv\Lib\site-packages\flwr\client\client_app.py", line 98, in __call__
    return self._call(message, context)
           ^^^^^^^^^^^^^^^^^^^^^^^^^^^^
  File "C:\Users\prana\OneDrive\Desktop\federated\.venv\Lib\site-packages\flwr\client\client_app.py", line 81, in ffn
    out_message = handle_legacy_message_from_msgtype(
                  ^^^^^^^^^^^^^^^^^^^^^^^^^^^^^^^^^^^
  File "C:\Users\prana\OneDrive\Desktop\federated\.venv\Lib\site-packages\flwr\client\message_handler\message_handler.py", line 96, in handle_legacy_message_from_msgtype
    client = client_fn(str(message.metadata.partition_id))
             ^^^^^^^^^^^^^^^^^^^^^^^^^^^^^^^^^^^^^^^^^^^^^
  File "C:\Users\prana\OneDrive\Desktop\federated\scripts\federated_simulation.py", line 44, in client_fn
    train_loader = data_module.train_dataloader()
                   ^^^^^^^^^^^^^^^^^^^^^^^^^^^^^^
  File "C:\Users\prana\OneDrive\Desktop\federated\app\datasets\loader.py", line 31, in train_dataloader
    return DataLoader(self.train_dataset, batch_size=self.batch_size, shuffle=True)
           ^^^^^^^^^^^^^^^^^^^^^^^^^^^^^^^^^^^^^^^^^^^^^^^^^^^^^^^^^^^^^^^^^^^^^^^^
  File "C:\Users\prana\OneDrive\Desktop\federated\.venv\Lib\site-packages\torch\utils\data\dataloader.py", line 401, in __init__
    sampler = RandomSampler(dataset, generator=generator)  # type: ignore[arg-type]
              ^^^^^^^^^^^^^^^^^^^^^^^^^^^^^^^^^^^^^^^^^^^
  File "C:\Users\prana\OneDrive\Desktop\federated\.venv\Lib\site-packages\torch\utils\data\sampler.py", line 149, in __init__
    raise ValueError(
ValueError: num_samples should be a positive integer value, but got num_samples=0

The above exception was the direct cause of the following exception:

[36mray::ClientAppActor.run()[39m (pid=24672, ip=127.0.0.1, actor_id=347caa730a2dc0a0774516f501000000, repr=<flwr.simulation.ray_transport.ray_actor.ClientAppActor object at 0x000001C9DDAE2B70>)
  File "python\\ray\\_raylet.pyx", line 1836, in ray._raylet.execute_task
  File "python\\ray\\_raylet.pyx", line 1947, in ray._raylet.execute_task
  File "python\\ray\\_raylet.pyx", line 1843, in ray._raylet.execute_task
  File "python\\ray\\_raylet.pyx", line 1786, in ray._raylet.execute_task.function_executor
  File "C:\Users\prana\OneDrive\Desktop\federated\.venv\Lib\site-packages\ray\_private\function_manager.py", line 740, in actor_method_executor
    return method(__ray_actor, *args, **kwargs)
           ^^^^^^^^^^^^^^^^^^^^^^^^^^^^^^^^^^^^
  File "C:\Users\prana\OneDrive\Desktop\federated\.venv\Lib\site-packages\ray\util\tracing\tracing_helper.py", line 487, in _resume_span
    return method(self, *_args, **_kwargs)
           ^^^^^^^^^^^^^^^^^^^^^^^^^^^^^^^
  File "C:\Users\prana\OneDrive\Desktop\federated\.venv\Lib\site-packages\flwr\simulation\ray_transport\ray_actor.py", line 64, in run
    raise ClientAppException(str(ex)) from ex
flwr.client.client_app.ClientAppException: 
Exception ClientAppException occurred. Message: num_samples should be a positive integer value, but got num_samples=0

[2026-07-20 14:19:01,681][flwr][ERROR] - [36mray::ClientAppActor.run()[39m (pid=24672, ip=127.0.0.1, actor_id=347caa730a2dc0a0774516f501000000, repr=<flwr.simulation.ray_transport.ray_actor.ClientAppActor object at 0x000001C9DDAE2B70>)
                  ^^^^^^^^^^^^^^^^^^^^^^^^^^^^^^^^^^^^^
  File "C:\Users\prana\OneDrive\Desktop\federated\.venv\Lib\site-packages\flwr\client\client_app.py", line 98, in __call__
    return self._call(message, context)
           ^^^^^^^^^^^^^^^^^^^^^^^^^^^^
  File "C:\Users\prana\OneDrive\Desktop\federated\.venv\Lib\site-packages\flwr\client\client_app.py", line 81, in ffn
    out_message = handle_legacy_message_from_msgtype(
                  ^^^^^^^^^^^^^^^^^^^^^^^^^^^^^^^^^^^
  File "C:\Users\prana\OneDrive\Desktop\federated\.venv\Lib\site-packages\flwr\client\message_handler\message_handler.py", line 96, in handle_legacy_message_from_msgtype
    client = client_fn(str(message.metadata.partition_id))
             ^^^^^^^^^^^^^^^^^^^^^^^^^^^^^^^^^^^^^^^^^^^^^
  File "C:\Users\prana\OneDrive\Desktop\federated\scripts\federated_simulation.py", line 44, in client_fn
    train_loader = data_module.train_dataloader()
                   ^^^^^^^^^^^^^^^^^^^^^^^^^^^^^^
  File "C:\Users\prana\OneDrive\Desktop\federated\app\datasets\loader.py", line 31, in train_dataloader
    return DataLoader(self.train_dataset, batch_size=self.batch_size, shuffle=True)
           ^^^^^^^^^^^^^^^^^^^^^^^^^^^^^^^^^^^^^^^^^^^^^^^^^^^^^^^^^^^^^^^^^^^^^^^^
  File "C:\Users\prana\OneDrive\Desktop\federated\.venv\Lib\site-packages\torch\utils\data\dataloader.py", line 401, in __init__
    sampler = RandomSampler(dataset, generator=generator)  # type: ignore[arg-type]
              ^^^^^^^^^^^^^^^^^^^^^^^^^^^^^^^^^^^^^^^^^^^
  File "C:\Users\prana\OneDrive\Desktop\federated\.venv\Lib\site-packages\torch\utils\data\sampler.py", line 149, in __init__
    raise ValueError(
ValueError: num_samples should be a positive integer value, but got num_samples=0

The above exception was the direct cause of the following exception:

[36mray::ClientAppActor.run()[39m (pid=24672, ip=127.0.0.1, actor_id=347caa730a2dc0a0774516f501000000, repr=<flwr.simulation.ray_transport.ray_actor.ClientAppActor object at 0x000001C9DDAE2B70>)
  File "python\\ray\\_raylet.pyx", line 1836, in ray._raylet.execute_task
  File "python\\ray\\_raylet.pyx", line 1947, in ray._raylet.execute_task
  File "python\\ray\\_raylet.pyx", line 1843, in ray._raylet.execute_task
  File "python\\ray\\_raylet.pyx", line 1786, in ray._raylet.execute_task.function_executor
  File "C:\Users\prana\OneDrive\Desktop\federated\.venv\Lib\site-packages\ray\_private\function_manager.py", line 740, in actor_method_executor
    return method(__ray_actor, *args, **kwargs)
           ^^^^^^^^^^^^^^^^^^^^^^^^^^^^^^^^^^^^
  File "C:\Users\prana\OneDrive\Desktop\federated\.venv\Lib\site-packages\ray\util\tracing\tracing_helper.py", line 487, in _resume_span
    return method(self, *_args, **_kwargs)
           ^^^^^^^^^^^^^^^^^^^^^^^^^^^^^^^
  File "C:\Users\prana\OneDrive\Desktop\federated\.venv\Lib\site-packages\flwr\simulation\ray_transport\ray_actor.py", line 64, in run
    raise ClientAppException(str(ex)) from ex
flwr.client.client_app.ClientAppException: 
Exception ClientAppException occurred. Message: num_samples should be a positive integer value, but got num_samples=0
[2026-07-20 14:19:01,779][flwr][ERROR] - Traceback (most recent call last):
  File "C:\Users\prana\OneDrive\Desktop\federated\.venv\Lib\site-packages\flwr\simulation\ray_transport\ray_client_proxy.py", line 73, in _submit_job
    out_mssg, updated_context = self.actor_pool.get_client_result(
                                ^^^^^^^^^^^^^^^^^^^^^^^^^^^^^^^^^^
  File "C:\Users\prana\OneDrive\Desktop\federated\.venv\Lib\site-packages\flwr\simulation\ray_transport\ray_actor.py", line 399, in get_client_result
    return self._fetch_future_result(cid)
           ^^^^^^^^^^^^^^^^^^^^^^^^^^^^^^
  File "C:\Users\prana\OneDrive\Desktop\federated\.venv\Lib\site-packages\flwr\simulation\ray_transport\ray_actor.py", line 280, in _fetch_future_result
    res_cid, out_mssg, updated_context = ray.get(
                                         ^^^^^^^^
  File "C:\Users\prana\OneDrive\Desktop\federated\.venv\Lib\site-packages\ray\_private\auto_init_hook.py", line 22, in auto_init_wrapper
    return fn(*args, **kwargs)
           ^^^^^^^^^^^^^^^^^^^
  File "C:\Users\prana\OneDrive\Desktop\federated\.venv\Lib\site-packages\ray\_private\client_mode_hook.py", line 110, in wrapper
    return func(*args, **kwargs)
           ^^^^^^^^^^^^^^^^^^^^^
  File "C:\Users\prana\OneDrive\Desktop\federated\.venv\Lib\site-packages\ray\_private\worker.py", line 2968, in get
    values, debugger_breakpoint = worker.get_objects(
                                  ^^^^^^^^^^^^^^^^^^^
  File "C:\Users\prana\OneDrive\Desktop\federated\.venv\Lib\site-packages\ray\_private\worker.py", line 1050, in get_objects
    raise value.as_instanceof_cause()
ray.exceptions.RayTaskError(ClientAppException): [36mray::ClientAppActor.run()[39m (pid=30052, ip=127.0.0.1, actor_id=d77f4d3b0d76a39b4bc84a6c01000000, repr=<flwr.simulation.ray_transport.ray_actor.ClientAppActor object at 0x00000224B8E168D0>)
                  ^^^^^^^^^^^^^^^^^^^^^^^^^^^^^^^^^^^^^
  File "C:\Users\prana\OneDrive\Desktop\federated\.venv\Lib\site-packages\flwr\client\client_app.py", line 98, in __call__
    return self._call(message, context)
           ^^^^^^^^^^^^^^^^^^^^^^^^^^^^
  File "C:\Users\prana\OneDrive\Desktop\federated\.venv\Lib\site-packages\flwr\client\client_app.py", line 81, in ffn
    out_message = handle_legacy_message_from_msgtype(
                  ^^^^^^^^^^^^^^^^^^^^^^^^^^^^^^^^^^^
  File "C:\Users\prana\OneDrive\Desktop\federated\.venv\Lib\site-packages\flwr\client\message_handler\message_handler.py", line 130, in handle_legacy_message_from_msgtype
    fit_res = maybe_call_fit(
              ^^^^^^^^^^^^^^^
  File "C:\Users\prana\OneDrive\Desktop\federated\.venv\Lib\site-packages\flwr\client\client.py", line 234, in maybe_call_fit
    return client.fit(fit_ins)
           ^^^^^^^^^^^^^^^^^^^
  File "C:\Users\prana\OneDrive\Desktop\federated\.venv\Lib\site-packages\flwr\client\numpy_client.py", line 238, in _fit
    results = self.numpy_client.fit(parameters, ins.config)  # type: ignore
              ^^^^^^^^^^^^^^^^^^^^^^^^^^^^^^^^^^^^^^^^^^^^^
  File "C:\Users\prana\OneDrive\Desktop\federated\app\federated\client.py", line 52, in fit
    self.trainer.fit(self.train_loader, self.val_loader, epochs=self.epochs,
  File "C:\Users\prana\OneDrive\Desktop\federated\app\training\trainer.py", line 37, in fit
    train_logs = self._train_epoch(train_loader, epoch, proximal_mu, global_params)
                 ^^^^^^^^^^^^^^^^^^^^^^^^^^^^^^^^^^^^^^^^^^^^^^^^^^^^^^^^^^^^^^^^^^
  File "C:\Users\prana\OneDrive\Desktop\federated\app\training\trainer.py", line 83, in _train_epoch
    output = self.model(data)
             ^^^^^^^^^^^^^^^^
  File "C:\Users\prana\OneDrive\Desktop\federated\.venv\Lib\site-packages\torch\nn\modules\module.py", line 1778, in _wrapped_call_impl
    return self._call_impl(*args, **kwargs)
           ^^^^^^^^^^^^^^^^^^^^^^^^^^^^^^^^
  File "C:\Users\prana\OneDrive\Desktop\federated\.venv\Lib\site-packages\torch\nn\modules\module.py", line 1789, in _call_impl
    return forward_call(*args, **kwargs)
           ^^^^^^^^^^^^^^^^^^^^^^^^^^^^^
  File "C:\Users\prana\OneDrive\Desktop\federated\app\models\mlp.py", line 24, in forward
    return self.network(x)
           ^^^^^^^^^^^^^^^
  File "C:\Users\prana\OneDrive\Desktop\federated\.venv\Lib\site-packages\torch\nn\modules\module.py", line 1778, in _wrapped_call_impl
    return self._call_impl(*args, **kwargs)
           ^^^^^^^^^^^^^^^^^^^^^^^^^^^^^^^^
  File "C:\Users\prana\OneDrive\Desktop\federated\.venv\Lib\site-packages\torch\nn\modules\module.py", line 1789, in _call_impl
    return forward_call(*args, **kwargs)
           ^^^^^^^^^^^^^^^^^^^^^^^^^^^^^
  File "C:\Users\prana\OneDrive\Desktop\federated\.venv\Lib\site-packages\torch\nn\modules\container.py", line 253, in forward
    input = module(input)
            ^^^^^^^^^^^^^
  File "C:\Users\prana\OneDrive\Desktop\federated\.venv\Lib\site-packages\torch\nn\modules\module.py", line 1778, in _wrapped_call_impl
    return self._call_impl(*args, **kwargs)
           ^^^^^^^^^^^^^^^^^^^^^^^^^^^^^^^^
  File "C:\Users\prana\OneDrive\Desktop\federated\.venv\Lib\site-packages\torch\nn\modules\module.py", line 1789, in _call_impl
    return forward_call(*args, **kwargs)
           ^^^^^^^^^^^^^^^^^^^^^^^^^^^^^
  File "C:\Users\prana\OneDrive\Desktop\federated\.venv\Lib\site-packages\torch\nn\modules\batchnorm.py", line 210, in forward
    return F.batch_norm(
           ^^^^^^^^^^^^^
  File "C:\Users\prana\OneDrive\Desktop\federated\.venv\Lib\site-packages\torch\nn\functional.py", line 2889, in batch_norm
    _verify_batch_size(input.size())
  File "C:\Users\prana\OneDrive\Desktop\federated\.venv\Lib\site-packages\torch\nn\functional.py", line 2854, in _verify_batch_size
    raise ValueError(
ValueError: Expected more than 1 value per channel when training, got input size torch.Size([1, 128])

The above exception was the direct cause of the following exception:

[36mray::ClientAppActor.run()[39m (pid=30052, ip=127.0.0.1, actor_id=d77f4d3b0d76a39b4bc84a6c01000000, repr=<flwr.simulation.ray_transport.ray_actor.ClientAppActor object at 0x00000224B8E168D0>)
  File "python\\ray\\_raylet.pyx", line 1836, in ray._raylet.execute_task
  File "python\\ray\\_raylet.pyx", line 1947, in ray._raylet.execute_task
  File "python\\ray\\_raylet.pyx", line 1843, in ray._raylet.execute_task
  File "python\\ray\\_raylet.pyx", line 1786, in ray._raylet.execute_task.function_executor
  File "C:\Users\prana\OneDrive\Desktop\federated\.venv\Lib\site-packages\ray\_private\function_manager.py", line 740, in actor_method_executor
    return method(__ray_actor, *args, **kwargs)
           ^^^^^^^^^^^^^^^^^^^^^^^^^^^^^^^^^^^^
  File "C:\Users\prana\OneDrive\Desktop\federated\.venv\Lib\site-packages\ray\util\tracing\tracing_helper.py", line 487, in _resume_span
    return method(self, *_args, **_kwargs)
           ^^^^^^^^^^^^^^^^^^^^^^^^^^^^^^^
  File "C:\Users\prana\OneDrive\Desktop\federated\.venv\Lib\site-packages\flwr\simulation\ray_transport\ray_actor.py", line 64, in run
    raise ClientAppException(str(ex)) from ex
flwr.client.client_app.ClientAppException: 
Exception ClientAppException occurred. Message: Expected more than 1 value per channel when training, got input size torch.Size([1, 128])

[2026-07-20 14:19:01,780][flwr][ERROR] - [36mray::ClientAppActor.run()[39m (pid=30052, ip=127.0.0.1, actor_id=d77f4d3b0d76a39b4bc84a6c01000000, repr=<flwr.simulation.ray_transport.ray_actor.ClientAppActor object at 0x00000224B8E168D0>)
                  ^^^^^^^^^^^^^^^^^^^^^^^^^^^^^^^^^^^^^
  File "C:\Users\prana\OneDrive\Desktop\federated\.venv\Lib\site-packages\flwr\client\client_app.py", line 98, in __call__
    return self._call(message, context)
           ^^^^^^^^^^^^^^^^^^^^^^^^^^^^
  File "C:\Users\prana\OneDrive\Desktop\federated\.venv\Lib\site-packages\flwr\client\client_app.py", line 81, in ffn
    out_message = handle_legacy_message_from_msgtype(
                  ^^^^^^^^^^^^^^^^^^^^^^^^^^^^^^^^^^^
  File "C:\Users\prana\OneDrive\Desktop\federated\.venv\Lib\site-packages\flwr\client\message_handler\message_handler.py", line 130, in handle_legacy_message_from_msgtype
    fit_res = maybe_call_fit(
              ^^^^^^^^^^^^^^^
  File "C:\Users\prana\OneDrive\Desktop\federated\.venv\Lib\site-packages\flwr\client\client.py", line 234, in maybe_call_fit
    return client.fit(fit_ins)
           ^^^^^^^^^^^^^^^^^^^
  File "C:\Users\prana\OneDrive\Desktop\federated\.venv\Lib\site-packages\flwr\client\numpy_client.py", line 238, in _fit
    results = self.numpy_client.fit(parameters, ins.config)  # type: ignore
              ^^^^^^^^^^^^^^^^^^^^^^^^^^^^^^^^^^^^^^^^^^^^^
  File "C:\Users\prana\OneDrive\Desktop\federated\app\federated\client.py", line 52, in fit
    self.trainer.fit(self.train_loader, self.val_loader, epochs=self.epochs,
  File "C:\Users\prana\OneDrive\Desktop\federated\app\training\trainer.py", line 37, in fit
    train_logs = self._train_epoch(train_loader, epoch, proximal_mu, global_params)
                 ^^^^^^^^^^^^^^^^^^^^^^^^^^^^^^^^^^^^^^^^^^^^^^^^^^^^^^^^^^^^^^^^^^
  File "C:\Users\prana\OneDrive\Desktop\federated\app\training\trainer.py", line 83, in _train_epoch
    output = self.model(data)
             ^^^^^^^^^^^^^^^^
  File "C:\Users\prana\OneDrive\Desktop\federated\.venv\Lib\site-packages\torch\nn\modules\module.py", line 1778, in _wrapped_call_impl
    return self._call_impl(*args, **kwargs)
           ^^^^^^^^^^^^^^^^^^^^^^^^^^^^^^^^
  File "C:\Users\prana\OneDrive\Desktop\federated\.venv\Lib\site-packages\torch\nn\modules\module.py", line 1789, in _call_impl
    return forward_call(*args, **kwargs)
           ^^^^^^^^^^^^^^^^^^^^^^^^^^^^^
  File "C:\Users\prana\OneDrive\Desktop\federated\app\models\mlp.py", line 24, in forward
    return self.network(x)
           ^^^^^^^^^^^^^^^
  File "C:\Users\prana\OneDrive\Desktop\federated\.venv\Lib\site-packages\torch\nn\modules\module.py", line 1778, in _wrapped_call_impl
    return self._call_impl(*args, **kwargs)
           ^^^^^^^^^^^^^^^^^^^^^^^^^^^^^^^^
  File "C:\Users\prana\OneDrive\Desktop\federated\.venv\Lib\site-packages\torch\nn\modules\module.py", line 1789, in _call_impl
    return forward_call(*args, **kwargs)
           ^^^^^^^^^^^^^^^^^^^^^^^^^^^^^
  File "C:\Users\prana\OneDrive\Desktop\federated\.venv\Lib\site-packages\torch\nn\modules\container.py", line 253, in forward
    input = module(input)
            ^^^^^^^^^^^^^
  File "C:\Users\prana\OneDrive\Desktop\federated\.venv\Lib\site-packages\torch\nn\modules\module.py", line 1778, in _wrapped_call_impl
    return self._call_impl(*args, **kwargs)
           ^^^^^^^^^^^^^^^^^^^^^^^^^^^^^^^^
  File "C:\Users\prana\OneDrive\Desktop\federated\.venv\Lib\site-packages\torch\nn\modules\module.py", line 1789, in _call_impl
    return forward_call(*args, **kwargs)
           ^^^^^^^^^^^^^^^^^^^^^^^^^^^^^
  File "C:\Users\prana\OneDrive\Desktop\federated\.venv\Lib\site-packages\torch\nn\modules\batchnorm.py", line 210, in forward
    return F.batch_norm(
           ^^^^^^^^^^^^^
  File "C:\Users\prana\OneDrive\Desktop\federated\.venv\Lib\site-packages\torch\nn\functional.py", line 2889, in batch_norm
    _verify_batch_size(input.size())
  File "C:\Users\prana\OneDrive\Desktop\federated\.venv\Lib\site-packages\torch\nn\functional.py", line 2854, in _verify_batch_size
    raise ValueError(
ValueError: Expected more than 1 value per channel when training, got input size torch.Size([1, 128])

The above exception was the direct cause of the following exception:

[36mray::ClientAppActor.run()[39m (pid=30052, ip=127.0.0.1, actor_id=d77f4d3b0d76a39b4bc84a6c01000000, repr=<flwr.simulation.ray_transport.ray_actor.ClientAppActor object at 0x00000224B8E168D0>)
  File "python\\ray\\_raylet.pyx", line 1836, in ray._raylet.execute_task
  File "python\\ray\\_raylet.pyx", line 1947, in ray._raylet.execute_task
  File "python\\ray\\_raylet.pyx", line 1843, in ray._raylet.execute_task
  File "python\\ray\\_raylet.pyx", line 1786, in ray._raylet.execute_task.function_executor
  File "C:\Users\prana\OneDrive\Desktop\federated\.venv\Lib\site-packages\ray\_private\function_manager.py", line 740, in actor_method_executor
    return method(__ray_actor, *args, **kwargs)
           ^^^^^^^^^^^^^^^^^^^^^^^^^^^^^^^^^^^^
  File "C:\Users\prana\OneDrive\Desktop\federated\.venv\Lib\site-packages\ray\util\tracing\tracing_helper.py", line 487, in _resume_span
    return method(self, *_args, **_kwargs)
           ^^^^^^^^^^^^^^^^^^^^^^^^^^^^^^^
  File "C:\Users\prana\OneDrive\Desktop\federated\.venv\Lib\site-packages\flwr\simulation\ray_transport\ray_actor.py", line 64, in run
    raise ClientAppException(str(ex)) from ex
flwr.client.client_app.ClientAppException: 
Exception ClientAppException occurred. Message: Expected more than 1 value per channel when training, got input size torch.Size([1, 128])
[2026-07-20 14:19:01,789][flwr][ERROR] - Traceback (most recent call last):
  File "C:\Users\prana\OneDrive\Desktop\federated\.venv\Lib\site-packages\flwr\simulation\ray_transport\ray_client_proxy.py", line 73, in _submit_job
    out_mssg, updated_context = self.actor_pool.get_client_result(
                                ^^^^^^^^^^^^^^^^^^^^^^^^^^^^^^^^^^
  File "C:\Users\prana\OneDrive\Desktop\federated\.venv\Lib\site-packages\flwr\simulation\ray_transport\ray_actor.py", line 399, in get_client_result
    return self._fetch_future_result(cid)
           ^^^^^^^^^^^^^^^^^^^^^^^^^^^^^^
  File "C:\Users\prana\OneDrive\Desktop\federated\.venv\Lib\site-packages\flwr\simulation\ray_transport\ray_actor.py", line 280, in _fetch_future_result
    res_cid, out_mssg, updated_context = ray.get(
                                         ^^^^^^^^
  File "C:\Users\prana\OneDrive\Desktop\federated\.venv\Lib\site-packages\ray\_private\auto_init_hook.py", line 22, in auto_init_wrapper
    return fn(*args, **kwargs)
           ^^^^^^^^^^^^^^^^^^^
  File "C:\Users\prana\OneDrive\Desktop\federated\.venv\Lib\site-packages\ray\_private\client_mode_hook.py", line 110, in wrapper
    return func(*args, **kwargs)
           ^^^^^^^^^^^^^^^^^^^^^
  File "C:\Users\prana\OneDrive\Desktop\federated\.venv\Lib\site-packages\ray\_private\worker.py", line 2968, in get
    values, debugger_breakpoint = worker.get_objects(
                                  ^^^^^^^^^^^^^^^^^^^
  File "C:\Users\prana\OneDrive\Desktop\federated\.venv\Lib\site-packages\ray\_private\worker.py", line 1050, in get_objects
    raise value.as_instanceof_cause()
ray.exceptions.RayTaskError(ClientAppException): [36mray::ClientAppActor.run()[39m (pid=30208, ip=127.0.0.1, actor_id=ce5320a6ffa0f61e43ad02f901000000, repr=<flwr.simulation.ray_transport.ray_actor.ClientAppActor object at 0x00000297FBA06A20>)
                  ^^^^^^^^^^^^^^^^^^^^^^^^^^^^^^^^^^^^^
  File "C:\Users\prana\OneDrive\Desktop\federated\.venv\Lib\site-packages\flwr\client\client_app.py", line 98, in __call__
    return self._call(message, context)
           ^^^^^^^^^^^^^^^^^^^^^^^^^^^^
  File "C:\Users\prana\OneDrive\Desktop\federated\.venv\Lib\site-packages\flwr\client\client_app.py", line 81, in ffn
    out_message = handle_legacy_message_from_msgtype(
                  ^^^^^^^^^^^^^^^^^^^^^^^^^^^^^^^^^^^
  File "C:\Users\prana\OneDrive\Desktop\federated\.venv\Lib\site-packages\flwr\client\message_handler\message_handler.py", line 130, in handle_legacy_message_from_msgtype
    fit_res = maybe_call_fit(
              ^^^^^^^^^^^^^^^
  File "C:\Users\prana\OneDrive\Desktop\federated\.venv\Lib\site-packages\flwr\client\client.py", line 234, in maybe_call_fit
    return client.fit(fit_ins)
           ^^^^^^^^^^^^^^^^^^^
  File "C:\Users\prana\OneDrive\Desktop\federated\.venv\Lib\site-packages\flwr\client\numpy_client.py", line 238, in _fit
    results = self.numpy_client.fit(parameters, ins.config)  # type: ignore
              ^^^^^^^^^^^^^^^^^^^^^^^^^^^^^^^^^^^^^^^^^^^^^
  File "C:\Users\prana\OneDrive\Desktop\federated\app\federated\client.py", line 52, in fit
    self.trainer.fit(self.train_loader, self.val_loader, epochs=self.epochs,
  File "C:\Users\prana\OneDrive\Desktop\federated\app\training\trainer.py", line 37, in fit
    train_logs = self._train_epoch(train_loader, epoch, proximal_mu, global_params)
                 ^^^^^^^^^^^^^^^^^^^^^^^^^^^^^^^^^^^^^^^^^^^^^^^^^^^^^^^^^^^^^^^^^^
  File "C:\Users\prana\OneDrive\Desktop\federated\app\training\trainer.py", line 83, in _train_epoch
    output = self.model(data)
             ^^^^^^^^^^^^^^^^
  File "C:\Users\prana\OneDrive\Desktop\federated\.venv\Lib\site-packages\torch\nn\modules\module.py", line 1778, in _wrapped_call_impl
    return self._call_impl(*args, **kwargs)
           ^^^^^^^^^^^^^^^^^^^^^^^^^^^^^^^^
  File "C:\Users\prana\OneDrive\Desktop\federated\.venv\Lib\site-packages\torch\nn\modules\module.py", line 1789, in _call_impl
    return forward_call(*args, **kwargs)
           ^^^^^^^^^^^^^^^^^^^^^^^^^^^^^
  File "C:\Users\prana\OneDrive\Desktop\federated\app\models\mlp.py", line 24, in forward
    return self.network(x)
           ^^^^^^^^^^^^^^^
  File "C:\Users\prana\OneDrive\Desktop\federated\.venv\Lib\site-packages\torch\nn\modules\module.py", line 1778, in _wrapped_call_impl
    return self._call_impl(*args, **kwargs)
           ^^^^^^^^^^^^^^^^^^^^^^^^^^^^^^^^
  File "C:\Users\prana\OneDrive\Desktop\federated\.venv\Lib\site-packages\torch\nn\modules\module.py", line 1789, in _call_impl
    return forward_call(*args, **kwargs)
           ^^^^^^^^^^^^^^^^^^^^^^^^^^^^^
  File "C:\Users\prana\OneDrive\Desktop\federated\.venv\Lib\site-packages\torch\nn\modules\container.py", line 253, in forward
    input = module(input)
            ^^^^^^^^^^^^^
  File "C:\Users\prana\OneDrive\Desktop\federated\.venv\Lib\site-packages\torch\nn\modules\module.py", line 1778, in _wrapped_call_impl
    return self._call_impl(*args, **kwargs)
           ^^^^^^^^^^^^^^^^^^^^^^^^^^^^^^^^
  File "C:\Users\prana\OneDrive\Desktop\federated\.venv\Lib\site-packages\torch\nn\modules\module.py", line 1789, in _call_impl
    return forward_call(*args, **kwargs)
           ^^^^^^^^^^^^^^^^^^^^^^^^^^^^^
  File "C:\Users\prana\OneDrive\Desktop\federated\.venv\Lib\site-packages\torch\nn\modules\batchnorm.py", line 210, in forward
    return F.batch_norm(
           ^^^^^^^^^^^^^
  File "C:\Users\prana\OneDrive\Desktop\federated\.venv\Lib\site-packages\torch\nn\functional.py", line 2889, in batch_norm
    _verify_batch_size(input.size())
  File "C:\Users\prana\OneDrive\Desktop\federated\.venv\Lib\site-packages\torch\nn\functional.py", line 2854, in _verify_batch_size
    raise ValueError(
ValueError: Expected more than 1 value per channel when training, got input size torch.Size([1, 128])

The above exception was the direct cause of the following exception:

[36mray::ClientAppActor.run()[39m (pid=30208, ip=127.0.0.1, actor_id=ce5320a6ffa0f61e43ad02f901000000, repr=<flwr.simulation.ray_transport.ray_actor.ClientAppActor object at 0x00000297FBA06A20>)
  File "python\\ray\\_raylet.pyx", line 1836, in ray._raylet.execute_task
  File "python\\ray\\_raylet.pyx", line 1947, in ray._raylet.execute_task
  File "python\\ray\\_raylet.pyx", line 1843, in ray._raylet.execute_task
  File "python\\ray\\_raylet.pyx", line 1786, in ray._raylet.execute_task.function_executor
  File "C:\Users\prana\OneDrive\Desktop\federated\.venv\Lib\site-packages\ray\_private\function_manager.py", line 740, in actor_method_executor
    return method(__ray_actor, *args, **kwargs)
           ^^^^^^^^^^^^^^^^^^^^^^^^^^^^^^^^^^^^
  File "C:\Users\prana\OneDrive\Desktop\federated\.venv\Lib\site-packages\ray\util\tracing\tracing_helper.py", line 487, in _resume_span
    return method(self, *_args, **_kwargs)
           ^^^^^^^^^^^^^^^^^^^^^^^^^^^^^^^
  File "C:\Users\prana\OneDrive\Desktop\federated\.venv\Lib\site-packages\flwr\simulation\ray_transport\ray_actor.py", line 64, in run
    raise ClientAppException(str(ex)) from ex
flwr.client.client_app.ClientAppException: 
Exception ClientAppException occurred. Message: Expected more than 1 value per channel when training, got input size torch.Size([1, 128])

[2026-07-20 14:19:01,791][flwr][ERROR] - [36mray::ClientAppActor.run()[39m (pid=30208, ip=127.0.0.1, actor_id=ce5320a6ffa0f61e43ad02f901000000, repr=<flwr.simulation.ray_transport.ray_actor.ClientAppActor object at 0x00000297FBA06A20>)
                  ^^^^^^^^^^^^^^^^^^^^^^^^^^^^^^^^^^^^^
  File "C:\Users\prana\OneDrive\Desktop\federated\.venv\Lib\site-packages\flwr\client\client_app.py", line 98, in __call__
    return self._call(message, context)
           ^^^^^^^^^^^^^^^^^^^^^^^^^^^^
  File "C:\Users\prana\OneDrive\Desktop\federated\.venv\Lib\site-packages\flwr\client\client_app.py", line 81, in ffn
    out_message = handle_legacy_message_from_msgtype(
                  ^^^^^^^^^^^^^^^^^^^^^^^^^^^^^^^^^^^
  File "C:\Users\prana\OneDrive\Desktop\federated\.venv\Lib\site-packages\flwr\client\message_handler\message_handler.py", line 130, in handle_legacy_message_from_msgtype
    fit_res = maybe_call_fit(
              ^^^^^^^^^^^^^^^
  File "C:\Users\prana\OneDrive\Desktop\federated\.venv\Lib\site-packages\flwr\client\client.py", line 234, in maybe_call_fit
    return client.fit(fit_ins)
           ^^^^^^^^^^^^^^^^^^^
  File "C:\Users\prana\OneDrive\Desktop\federated\.venv\Lib\site-packages\flwr\client\numpy_client.py", line 238, in _fit
    results = self.numpy_client.fit(parameters, ins.config)  # type: ignore
              ^^^^^^^^^^^^^^^^^^^^^^^^^^^^^^^^^^^^^^^^^^^^^
  File "C:\Users\prana\OneDrive\Desktop\federated\app\federated\client.py", line 52, in fit
    self.trainer.fit(self.train_loader, self.val_loader, epochs=self.epochs,
  File "C:\Users\prana\OneDrive\Desktop\federated\app\training\trainer.py", line 37, in fit
    train_logs = self._train_epoch(train_loader, epoch, proximal_mu, global_params)
                 ^^^^^^^^^^^^^^^^^^^^^^^^^^^^^^^^^^^^^^^^^^^^^^^^^^^^^^^^^^^^^^^^^^
  File "C:\Users\prana\OneDrive\Desktop\federated\app\training\trainer.py", line 83, in _train_epoch
    output = self.model(data)
             ^^^^^^^^^^^^^^^^
  File "C:\Users\prana\OneDrive\Desktop\federated\.venv\Lib\site-packages\torch\nn\modules\module.py", line 1778, in _wrapped_call_impl
    return self._call_impl(*args, **kwargs)
           ^^^^^^^^^^^^^^^^^^^^^^^^^^^^^^^^
  File "C:\Users\prana\OneDrive\Desktop\federated\.venv\Lib\site-packages\torch\nn\modules\module.py", line 1789, in _call_impl
    return forward_call(*args, **kwargs)
           ^^^^^^^^^^^^^^^^^^^^^^^^^^^^^
  File "C:\Users\prana\OneDrive\Desktop\federated\app\models\mlp.py", line 24, in forward
    return self.network(x)
           ^^^^^^^^^^^^^^^
  File "C:\Users\prana\OneDrive\Desktop\federated\.venv\Lib\site-packages\torch\nn\modules\module.py", line 1778, in _wrapped_call_impl
    return self._call_impl(*args, **kwargs)
           ^^^^^^^^^^^^^^^^^^^^^^^^^^^^^^^^
  File "C:\Users\prana\OneDrive\Desktop\federated\.venv\Lib\site-packages\torch\nn\modules\module.py", line 1789, in _call_impl
    return forward_call(*args, **kwargs)
           ^^^^^^^^^^^^^^^^^^^^^^^^^^^^^
  File "C:\Users\prana\OneDrive\Desktop\federated\.venv\Lib\site-packages\torch\nn\modules\container.py", line 253, in forward
    input = module(input)
            ^^^^^^^^^^^^^
  File "C:\Users\prana\OneDrive\Desktop\federated\.venv\Lib\site-packages\torch\nn\modules\module.py", line 1778, in _wrapped_call_impl
    return self._call_impl(*args, **kwargs)
           ^^^^^^^^^^^^^^^^^^^^^^^^^^^^^^^^
  File "C:\Users\prana\OneDrive\Desktop\federated\.venv\Lib\site-packages\torch\nn\modules\module.py", line 1789, in _call_impl
    return forward_call(*args, **kwargs)
           ^^^^^^^^^^^^^^^^^^^^^^^^^^^^^
  File "C:\Users\prana\OneDrive\Desktop\federated\.venv\Lib\site-packages\torch\nn\modules\batchnorm.py", line 210, in forward
    return F.batch_norm(
           ^^^^^^^^^^^^^
  File "C:\Users\prana\OneDrive\Desktop\federated\.venv\Lib\site-packages\torch\nn\functional.py", line 2889, in batch_norm
    _verify_batch_size(input.size())
  File "C:\Users\prana\OneDrive\Desktop\federated\.venv\Lib\site-packages\torch\nn\functional.py", line 2854, in _verify_batch_size
    raise ValueError(
ValueError: Expected more than 1 value per channel when training, got input size torch.Size([1, 128])

The above exception was the direct cause of the following exception:

[36mray::ClientAppActor.run()[39m (pid=30208, ip=127.0.0.1, actor_id=ce5320a6ffa0f61e43ad02f901000000, repr=<flwr.simulation.ray_transport.ray_actor.ClientAppActor object at 0x00000297FBA06A20>)
  File "python\\ray\\_raylet.pyx", line 1836, in ray._raylet.execute_task
  File "python\\ray\\_raylet.pyx", line 1947, in ray._raylet.execute_task
  File "python\\ray\\_raylet.pyx", line 1843, in ray._raylet.execute_task
  File "python\\ray\\_raylet.pyx", line 1786, in ray._raylet.execute_task.function_executor
  File "C:\Users\prana\OneDrive\Desktop\federated\.venv\Lib\site-packages\ray\_private\function_manager.py", line 740, in actor_method_executor
    return method(__ray_actor, *args, **kwargs)
           ^^^^^^^^^^^^^^^^^^^^^^^^^^^^^^^^^^^^
  File "C:\Users\prana\OneDrive\Desktop\federated\.venv\Lib\site-packages\ray\util\tracing\tracing_helper.py", line 487, in _resume_span
    return method(self, *_args, **_kwargs)
           ^^^^^^^^^^^^^^^^^^^^^^^^^^^^^^^
  File "C:\Users\prana\OneDrive\Desktop\federated\.venv\Lib\site-packages\flwr\simulation\ray_transport\ray_actor.py", line 64, in run
    raise ClientAppException(str(ex)) from ex
flwr.client.client_app.ClientAppException: 
Exception ClientAppException occurred. Message: Expected more than 1 value per channel when training, got input size torch.Size([1, 128])
[2026-07-20 14:19:01,795][flwr][INFO] - aggregate_fit: received 0 results and 3 failures
[2026-07-20 14:19:01,797][flwr][INFO] - configure_evaluate: strategy sampled 3 clients (out of 3)
[2026-07-20 14:19:01,854][flwr][ERROR] - Traceback (most recent call last):
  File "C:\Users\prana\OneDrive\Desktop\federated\.venv\Lib\site-packages\flwr\simulation\ray_transport\ray_client_proxy.py", line 73, in _submit_job
    out_mssg, updated_context = self.actor_pool.get_client_result(
                                ^^^^^^^^^^^^^^^^^^^^^^^^^^^^^^^^^^
  File "C:\Users\prana\OneDrive\Desktop\federated\.venv\Lib\site-packages\flwr\simulation\ray_transport\ray_actor.py", line 399, in get_client_result
    return self._fetch_future_result(cid)
           ^^^^^^^^^^^^^^^^^^^^^^^^^^^^^^
  File "C:\Users\prana\OneDrive\Desktop\federated\.venv\Lib\site-packages\flwr\simulation\ray_transport\ray_actor.py", line 280, in _fetch_future_result
    res_cid, out_mssg, updated_context = ray.get(
                                         ^^^^^^^^
  File "C:\Users\prana\OneDrive\Desktop\federated\.venv\Lib\site-packages\ray\_private\auto_init_hook.py", line 22, in auto_init_wrapper
    return fn(*args, **kwargs)
           ^^^^^^^^^^^^^^^^^^^
  File "C:\Users\prana\OneDrive\Desktop\federated\.venv\Lib\site-packages\ray\_private\client_mode_hook.py", line 110, in wrapper
    return func(*args, **kwargs)
           ^^^^^^^^^^^^^^^^^^^^^
  File "C:\Users\prana\OneDrive\Desktop\federated\.venv\Lib\site-packages\ray\_private\worker.py", line 2968, in get
    values, debugger_breakpoint = worker.get_objects(
                                  ^^^^^^^^^^^^^^^^^^^
  File "C:\Users\prana\OneDrive\Desktop\federated\.venv\Lib\site-packages\ray\_private\worker.py", line 1050, in get_objects
    raise value.as_instanceof_cause()
ray.exceptions.RayTaskError(ClientAppException): [36mray::ClientAppActor.run()[39m (pid=30052, ip=127.0.0.1, actor_id=d77f4d3b0d76a39b4bc84a6c01000000, repr=<flwr.simulation.ray_transport.ray_actor.ClientAppActor object at 0x00000224B8E168D0>)
                  ^^^^^^^^^^^^^^^^^^^^^^^^^^^^^^^^^^^^^
  File "C:\Users\prana\OneDrive\Desktop\federated\.venv\Lib\site-packages\flwr\client\client_app.py", line 98, in __call__
    return self._call(message, context)
           ^^^^^^^^^^^^^^^^^^^^^^^^^^^^
  File "C:\Users\prana\OneDrive\Desktop\federated\.venv\Lib\site-packages\flwr\client\client_app.py", line 81, in ffn
    out_message = handle_legacy_message_from_msgtype(
                  ^^^^^^^^^^^^^^^^^^^^^^^^^^^^^^^^^^^
  File "C:\Users\prana\OneDrive\Desktop\federated\.venv\Lib\site-packages\flwr\client\message_handler\message_handler.py", line 96, in handle_legacy_message_from_msgtype
    client = client_fn(str(message.metadata.partition_id))
             ^^^^^^^^^^^^^^^^^^^^^^^^^^^^^^^^^^^^^^^^^^^^^
  File "C:\Users\prana\OneDrive\Desktop\federated\scripts\federated_simulation.py", line 44, in client_fn
    train_loader = data_module.train_dataloader()
                   ^^^^^^^^^^^^^^^^^^^^^^^^^^^^^^
  File "C:\Users\prana\OneDrive\Desktop\federated\app\datasets\loader.py", line 31, in train_dataloader
    return DataLoader(self.train_dataset, batch_size=self.batch_size, shuffle=True)
           ^^^^^^^^^^^^^^^^^^^^^^^^^^^^^^^^^^^^^^^^^^^^^^^^^^^^^^^^^^^^^^^^^^^^^^^^
  File "C:\Users\prana\OneDrive\Desktop\federated\.venv\Lib\site-packages\torch\utils\data\dataloader.py", line 401, in __init__
    sampler = RandomSampler(dataset, generator=generator)  # type: ignore[arg-type]
              ^^^^^^^^^^^^^^^^^^^^^^^^^^^^^^^^^^^^^^^^^^^
  File "C:\Users\prana\OneDrive\Desktop\federated\.venv\Lib\site-packages\torch\utils\data\sampler.py", line 149, in __init__
    raise ValueError(
ValueError: num_samples should be a positive integer value, but got num_samples=0

The above exception was the direct cause of the following exception:

[36mray::ClientAppActor.run()[39m (pid=30052, ip=127.0.0.1, actor_id=d77f4d3b0d76a39b4bc84a6c01000000, repr=<flwr.simulation.ray_transport.ray_actor.ClientAppActor object at 0x00000224B8E168D0>)
  File "python\\ray\\_raylet.pyx", line 1836, in ray._raylet.execute_task
  File "python\\ray\\_raylet.pyx", line 1947, in ray._raylet.execute_task
  File "python\\ray\\_raylet.pyx", line 1843, in ray._raylet.execute_task
  File "python\\ray\\_raylet.pyx", line 1786, in ray._raylet.execute_task.function_executor
  File "C:\Users\prana\OneDrive\Desktop\federated\.venv\Lib\site-packages\ray\_private\function_manager.py", line 740, in actor_method_executor
    return method(__ray_actor, *args, **kwargs)
           ^^^^^^^^^^^^^^^^^^^^^^^^^^^^^^^^^^^^
  File "C:\Users\prana\OneDrive\Desktop\federated\.venv\Lib\site-packages\ray\util\tracing\tracing_helper.py", line 487, in _resume_span
    return method(self, *_args, **_kwargs)
           ^^^^^^^^^^^^^^^^^^^^^^^^^^^^^^^
  File "C:\Users\prana\OneDrive\Desktop\federated\.venv\Lib\site-packages\flwr\simulation\ray_transport\ray_actor.py", line 64, in run
    raise ClientAppException(str(ex)) from ex
flwr.client.client_app.ClientAppException: 
Exception ClientAppException occurred. Message: num_samples should be a positive integer value, but got num_samples=0

[2026-07-20 14:19:01,857][flwr][ERROR] - [36mray::ClientAppActor.run()[39m (pid=30052, ip=127.0.0.1, actor_id=d77f4d3b0d76a39b4bc84a6c01000000, repr=<flwr.simulation.ray_transport.ray_actor.ClientAppActor object at 0x00000224B8E168D0>)
                  ^^^^^^^^^^^^^^^^^^^^^^^^^^^^^^^^^^^^^
  File "C:\Users\prana\OneDrive\Desktop\federated\.venv\Lib\site-packages\flwr\client\client_app.py", line 98, in __call__
    return self._call(message, context)
           ^^^^^^^^^^^^^^^^^^^^^^^^^^^^
  File "C:\Users\prana\OneDrive\Desktop\federated\.venv\Lib\site-packages\flwr\client\client_app.py", line 81, in ffn
    out_message = handle_legacy_message_from_msgtype(
                  ^^^^^^^^^^^^^^^^^^^^^^^^^^^^^^^^^^^
  File "C:\Users\prana\OneDrive\Desktop\federated\.venv\Lib\site-packages\flwr\client\message_handler\message_handler.py", line 96, in handle_legacy_message_from_msgtype
    client = client_fn(str(message.metadata.partition_id))
             ^^^^^^^^^^^^^^^^^^^^^^^^^^^^^^^^^^^^^^^^^^^^^
  File "C:\Users\prana\OneDrive\Desktop\federated\scripts\federated_simulation.py", line 44, in client_fn
    train_loader = data_module.train_dataloader()
                   ^^^^^^^^^^^^^^^^^^^^^^^^^^^^^^
  File "C:\Users\prana\OneDrive\Desktop\federated\app\datasets\loader.py", line 31, in train_dataloader
    return DataLoader(self.train_dataset, batch_size=self.batch_size, shuffle=True)
           ^^^^^^^^^^^^^^^^^^^^^^^^^^^^^^^^^^^^^^^^^^^^^^^^^^^^^^^^^^^^^^^^^^^^^^^^
  File "C:\Users\prana\OneDrive\Desktop\federated\.venv\Lib\site-packages\torch\utils\data\dataloader.py", line 401, in __init__
    sampler = RandomSampler(dataset, generator=generator)  # type: ignore[arg-type]
              ^^^^^^^^^^^^^^^^^^^^^^^^^^^^^^^^^^^^^^^^^^^
  File "C:\Users\prana\OneDrive\Desktop\federated\.venv\Lib\site-packages\torch\utils\data\sampler.py", line 149, in __init__
    raise ValueError(
ValueError: num_samples should be a positive integer value, but got num_samples=0

The above exception was the direct cause of the following exception:

[36mray::ClientAppActor.run()[39m (pid=30052, ip=127.0.0.1, actor_id=d77f4d3b0d76a39b4bc84a6c01000000, repr=<flwr.simulation.ray_transport.ray_actor.ClientAppActor object at 0x00000224B8E168D0>)
  File "python\\ray\\_raylet.pyx", line 1836, in ray._raylet.execute_task
  File "python\\ray\\_raylet.pyx", line 1947, in ray._raylet.execute_task
  File "python\\ray\\_raylet.pyx", line 1843, in ray._raylet.execute_task
  File "python\\ray\\_raylet.pyx", line 1786, in ray._raylet.execute_task.function_executor
  File "C:\Users\prana\OneDrive\Desktop\federated\.venv\Lib\site-packages\ray\_private\function_manager.py", line 740, in actor_method_executor
    return method(__ray_actor, *args, **kwargs)
           ^^^^^^^^^^^^^^^^^^^^^^^^^^^^^^^^^^^^
  File "C:\Users\prana\OneDrive\Desktop\federated\.venv\Lib\site-packages\ray\util\tracing\tracing_helper.py", line 487, in _resume_span
    return method(self, *_args, **_kwargs)
           ^^^^^^^^^^^^^^^^^^^^^^^^^^^^^^^
  File "C:\Users\prana\OneDrive\Desktop\federated\.venv\Lib\site-packages\flwr\simulation\ray_transport\ray_actor.py", line 64, in run
    raise ClientAppException(str(ex)) from ex
flwr.client.client_app.ClientAppException: 
Exception ClientAppException occurred. Message: num_samples should be a positive integer value, but got num_samples=0
[2026-07-20 14:19:01,973][flwr][INFO] - aggregate_evaluate: received 2 results and 1 failures
[2026-07-20 14:19:02,030][flwr][INFO] - 
[2026-07-20 14:19:02,031][flwr][INFO] - [SUMMARY]
[2026-07-20 14:19:02,031][flwr][INFO] - Run finished 3 round(s) in 14.75s
[2026-07-20 14:19:02,031][flwr][INFO] - 	History (loss, distributed):
[2026-07-20 14:19:02,031][flwr][INFO] - 		round 1: 0.8626304864883423
[2026-07-20 14:19:02,032][flwr][INFO] - 		round 2: 0.8626304864883423
[2026-07-20 14:19:02,032][flwr][INFO] - 		round 3: 0.8626304864883423
[2026-07-20 14:19:02,032][flwr][INFO] - 	History (metrics, distributed, evaluate):
[2026-07-20 14:19:02,032][flwr][INFO] - 	{'accuracy': [(1, 0.0), (2, 0.0), (3, 0.0)]}
[2026-07-20 14:19:02,032][flwr][INFO] - 
[2026-07-20 14:19:02,152][flwr][INFO] - Starting Flower simulation, config: num_rounds=3, no round_timeout
[2026-07-20 14:19:16,170][flwr][INFO] - Flower VCE: Ray initialized with resources: {'CPU': 16.0, 'object_store_memory': 796776038.0, 'node:127.0.0.1': 1.0, 'node:__internal_head__': 1.0, 'memory': 1859144090.0}
[2026-07-20 14:19:16,170][flwr][INFO] - Optimize your simulation with Flower VCE: https://flower.ai/docs/framework/how-to-run-simulations.html
[2026-07-20 14:19:16,170][flwr][INFO] - Flower VCE: Resources for each Virtual Client: {'num_cpus': 1, 'num_gpus': 0.0}
[2026-07-20 14:19:16,205][flwr][INFO] - Flower VCE: Creating VirtualClientEngineActorPool with 16 actors
[2026-07-20 14:19:16,206][flwr][INFO] - [INIT]
[2026-07-20 14:19:16,206][flwr][INFO] - Requesting initial parameters from one random client
[2026-07-20 14:19:29,408][flwr][INFO] - Received initial parameters from one random client
[2026-07-20 14:19:29,409][flwr][INFO] - Evaluating initial global parameters
[2026-07-20 14:19:29,409][flwr][INFO] - 
[2026-07-20 14:19:29,409][flwr][INFO] - [ROUND 1]
[2026-07-20 14:19:29,409][flwr][INFO] - configure_fit: strategy sampled 3 clients (out of 3)
[2026-07-20 14:19:30,135][flwr][ERROR] - Traceback (most recent call last):
  File "C:\Users\prana\OneDrive\Desktop\federated\.venv\Lib\site-packages\flwr\simulation\ray_transport\ray_client_proxy.py", line 73, in _submit_job
    out_mssg, updated_context = self.actor_pool.get_client_result(
                                ^^^^^^^^^^^^^^^^^^^^^^^^^^^^^^^^^^
  File "C:\Users\prana\OneDrive\Desktop\federated\.venv\Lib\site-packages\flwr\simulation\ray_transport\ray_actor.py", line 399, in get_client_result
    return self._fetch_future_result(cid)
           ^^^^^^^^^^^^^^^^^^^^^^^^^^^^^^
  File "C:\Users\prana\OneDrive\Desktop\federated\.venv\Lib\site-packages\flwr\simulation\ray_transport\ray_actor.py", line 280, in _fetch_future_result
    res_cid, out_mssg, updated_context = ray.get(
                                         ^^^^^^^^
  File "C:\Users\prana\OneDrive\Desktop\federated\.venv\Lib\site-packages\ray\_private\auto_init_hook.py", line 22, in auto_init_wrapper
    return fn(*args, **kwargs)
           ^^^^^^^^^^^^^^^^^^^
  File "C:\Users\prana\OneDrive\Desktop\federated\.venv\Lib\site-packages\ray\_private\client_mode_hook.py", line 110, in wrapper
    return func(*args, **kwargs)
           ^^^^^^^^^^^^^^^^^^^^^
  File "C:\Users\prana\OneDrive\Desktop\federated\.venv\Lib\site-packages\ray\_private\worker.py", line 2968, in get
    values, debugger_breakpoint = worker.get_objects(
                                  ^^^^^^^^^^^^^^^^^^^
  File "C:\Users\prana\OneDrive\Desktop\federated\.venv\Lib\site-packages\ray\_private\worker.py", line 1050, in get_objects
    raise value.as_instanceof_cause()
ray.exceptions.RayTaskError(ClientAppException): [36mray::ClientAppActor.run()[39m (pid=37512, ip=127.0.0.1, actor_id=16c12b961da087b031f77a1101000000, repr=<flwr.simulation.ray_transport.ray_actor.ClientAppActor object at 0x000002141FB46B10>)
                  ^^^^^^^^^^^^^^^^^^^^^^^^^^^^^^^^^^^^^
  File "C:\Users\prana\OneDrive\Desktop\federated\.venv\Lib\site-packages\flwr\client\client_app.py", line 98, in __call__
    return self._call(message, context)
           ^^^^^^^^^^^^^^^^^^^^^^^^^^^^
  File "C:\Users\prana\OneDrive\Desktop\federated\.venv\Lib\site-packages\flwr\client\client_app.py", line 81, in ffn
    out_message = handle_legacy_message_from_msgtype(
                  ^^^^^^^^^^^^^^^^^^^^^^^^^^^^^^^^^^^
  File "C:\Users\prana\OneDrive\Desktop\federated\.venv\Lib\site-packages\flwr\client\message_handler\message_handler.py", line 130, in handle_legacy_message_from_msgtype
    fit_res = maybe_call_fit(
              ^^^^^^^^^^^^^^^
  File "C:\Users\prana\OneDrive\Desktop\federated\.venv\Lib\site-packages\flwr\client\client.py", line 234, in maybe_call_fit
    return client.fit(fit_ins)
           ^^^^^^^^^^^^^^^^^^^
  File "C:\Users\prana\OneDrive\Desktop\federated\.venv\Lib\site-packages\flwr\client\numpy_client.py", line 238, in _fit
    results = self.numpy_client.fit(parameters, ins.config)  # type: ignore
              ^^^^^^^^^^^^^^^^^^^^^^^^^^^^^^^^^^^^^^^^^^^^^
  File "C:\Users\prana\OneDrive\Desktop\federated\app\federated\client.py", line 52, in fit
    self.trainer.fit(self.train_loader, self.val_loader, epochs=self.epochs,
  File "C:\Users\prana\OneDrive\Desktop\federated\app\training\trainer.py", line 37, in fit
    train_logs = self._train_epoch(train_loader, epoch, proximal_mu, global_params)
                 ^^^^^^^^^^^^^^^^^^^^^^^^^^^^^^^^^^^^^^^^^^^^^^^^^^^^^^^^^^^^^^^^^^
  File "C:\Users\prana\OneDrive\Desktop\federated\app\training\trainer.py", line 83, in _train_epoch
    output = self.model(data)
             ^^^^^^^^^^^^^^^^
  File "C:\Users\prana\OneDrive\Desktop\federated\.venv\Lib\site-packages\torch\nn\modules\module.py", line 1778, in _wrapped_call_impl
    return self._call_impl(*args, **kwargs)
           ^^^^^^^^^^^^^^^^^^^^^^^^^^^^^^^^
  File "C:\Users\prana\OneDrive\Desktop\federated\.venv\Lib\site-packages\torch\nn\modules\module.py", line 1789, in _call_impl
    return forward_call(*args, **kwargs)
           ^^^^^^^^^^^^^^^^^^^^^^^^^^^^^
  File "C:\Users\prana\OneDrive\Desktop\federated\app\models\mlp.py", line 24, in forward
    return self.network(x)
           ^^^^^^^^^^^^^^^
  File "C:\Users\prana\OneDrive\Desktop\federated\.venv\Lib\site-packages\torch\nn\modules\module.py", line 1778, in _wrapped_call_impl
    return self._call_impl(*args, **kwargs)
           ^^^^^^^^^^^^^^^^^^^^^^^^^^^^^^^^
  File "C:\Users\prana\OneDrive\Desktop\federated\.venv\Lib\site-packages\torch\nn\modules\module.py", line 1789, in _call_impl
    return forward_call(*args, **kwargs)
           ^^^^^^^^^^^^^^^^^^^^^^^^^^^^^
  File "C:\Users\prana\OneDrive\Desktop\federated\.venv\Lib\site-packages\torch\nn\modules\container.py", line 253, in forward
    input = module(input)
            ^^^^^^^^^^^^^
  File "C:\Users\prana\OneDrive\Desktop\federated\.venv\Lib\site-packages\torch\nn\modules\module.py", line 1778, in _wrapped_call_impl
    return self._call_impl(*args, **kwargs)
           ^^^^^^^^^^^^^^^^^^^^^^^^^^^^^^^^
  File "C:\Users\prana\OneDrive\Desktop\federated\.venv\Lib\site-packages\torch\nn\modules\module.py", line 1789, in _call_impl
    return forward_call(*args, **kwargs)
           ^^^^^^^^^^^^^^^^^^^^^^^^^^^^^
  File "C:\Users\prana\OneDrive\Desktop\federated\.venv\Lib\site-packages\torch\nn\modules\batchnorm.py", line 210, in forward
    return F.batch_norm(
           ^^^^^^^^^^^^^
  File "C:\Users\prana\OneDrive\Desktop\federated\.venv\Lib\site-packages\torch\nn\functional.py", line 2889, in batch_norm
    _verify_batch_size(input.size())
  File "C:\Users\prana\OneDrive\Desktop\federated\.venv\Lib\site-packages\torch\nn\functional.py", line 2854, in _verify_batch_size
    raise ValueError(
ValueError: Expected more than 1 value per channel when training, got input size torch.Size([1, 128])

The above exception was the direct cause of the following exception:

[36mray::ClientAppActor.run()[39m (pid=37512, ip=127.0.0.1, actor_id=16c12b961da087b031f77a1101000000, repr=<flwr.simulation.ray_transport.ray_actor.ClientAppActor object at 0x000002141FB46B10>)
  File "python\\ray\\_raylet.pyx", line 1836, in ray._raylet.execute_task
  File "python\\ray\\_raylet.pyx", line 1947, in ray._raylet.execute_task
  File "python\\ray\\_raylet.pyx", line 1843, in ray._raylet.execute_task
  File "python\\ray\\_raylet.pyx", line 1786, in ray._raylet.execute_task.function_executor
  File "C:\Users\prana\OneDrive\Desktop\federated\.venv\Lib\site-packages\ray\_private\function_manager.py", line 740, in actor_method_executor
    return method(__ray_actor, *args, **kwargs)
           ^^^^^^^^^^^^^^^^^^^^^^^^^^^^^^^^^^^^
  File "C:\Users\prana\OneDrive\Desktop\federated\.venv\Lib\site-packages\ray\util\tracing\tracing_helper.py", line 487, in _resume_span
    return method(self, *_args, **_kwargs)
           ^^^^^^^^^^^^^^^^^^^^^^^^^^^^^^^
  File "C:\Users\prana\OneDrive\Desktop\federated\.venv\Lib\site-packages\flwr\simulation\ray_transport\ray_actor.py", line 64, in run
    raise ClientAppException(str(ex)) from ex
flwr.client.client_app.ClientAppException: 
Exception ClientAppException occurred. Message: Expected more than 1 value per channel when training, got input size torch.Size([1, 128])

[2026-07-20 14:19:30,136][flwr][ERROR] - [36mray::ClientAppActor.run()[39m (pid=37512, ip=127.0.0.1, actor_id=16c12b961da087b031f77a1101000000, repr=<flwr.simulation.ray_transport.ray_actor.ClientAppActor object at 0x000002141FB46B10>)
                  ^^^^^^^^^^^^^^^^^^^^^^^^^^^^^^^^^^^^^
  File "C:\Users\prana\OneDrive\Desktop\federated\.venv\Lib\site-packages\flwr\client\client_app.py", line 98, in __call__
    return self._call(message, context)
           ^^^^^^^^^^^^^^^^^^^^^^^^^^^^
  File "C:\Users\prana\OneDrive\Desktop\federated\.venv\Lib\site-packages\flwr\client\client_app.py", line 81, in ffn
    out_message = handle_legacy_message_from_msgtype(
                  ^^^^^^^^^^^^^^^^^^^^^^^^^^^^^^^^^^^
  File "C:\Users\prana\OneDrive\Desktop\federated\.venv\Lib\site-packages\flwr\client\message_handler\message_handler.py", line 130, in handle_legacy_message_from_msgtype
    fit_res = maybe_call_fit(
              ^^^^^^^^^^^^^^^
  File "C:\Users\prana\OneDrive\Desktop\federated\.venv\Lib\site-packages\flwr\client\client.py", line 234, in maybe_call_fit
    return client.fit(fit_ins)
           ^^^^^^^^^^^^^^^^^^^
  File "C:\Users\prana\OneDrive\Desktop\federated\.venv\Lib\site-packages\flwr\client\numpy_client.py", line 238, in _fit
    results = self.numpy_client.fit(parameters, ins.config)  # type: ignore
              ^^^^^^^^^^^^^^^^^^^^^^^^^^^^^^^^^^^^^^^^^^^^^
  File "C:\Users\prana\OneDrive\Desktop\federated\app\federated\client.py", line 52, in fit
    self.trainer.fit(self.train_loader, self.val_loader, epochs=self.epochs,
  File "C:\Users\prana\OneDrive\Desktop\federated\app\training\trainer.py", line 37, in fit
    train_logs = self._train_epoch(train_loader, epoch, proximal_mu, global_params)
                 ^^^^^^^^^^^^^^^^^^^^^^^^^^^^^^^^^^^^^^^^^^^^^^^^^^^^^^^^^^^^^^^^^^
  File "C:\Users\prana\OneDrive\Desktop\federated\app\training\trainer.py", line 83, in _train_epoch
    output = self.model(data)
             ^^^^^^^^^^^^^^^^
  File "C:\Users\prana\OneDrive\Desktop\federated\.venv\Lib\site-packages\torch\nn\modules\module.py", line 1778, in _wrapped_call_impl
    return self._call_impl(*args, **kwargs)
           ^^^^^^^^^^^^^^^^^^^^^^^^^^^^^^^^
  File "C:\Users\prana\OneDrive\Desktop\federated\.venv\Lib\site-packages\torch\nn\modules\module.py", line 1789, in _call_impl
    return forward_call(*args, **kwargs)
           ^^^^^^^^^^^^^^^^^^^^^^^^^^^^^
  File "C:\Users\prana\OneDrive\Desktop\federated\app\models\mlp.py", line 24, in forward
    return self.network(x)
           ^^^^^^^^^^^^^^^
  File "C:\Users\prana\OneDrive\Desktop\federated\.venv\Lib\site-packages\torch\nn\modules\module.py", line 1778, in _wrapped_call_impl
    return self._call_impl(*args, **kwargs)
           ^^^^^^^^^^^^^^^^^^^^^^^^^^^^^^^^
  File "C:\Users\prana\OneDrive\Desktop\federated\.venv\Lib\site-packages\torch\nn\modules\module.py", line 1789, in _call_impl
    return forward_call(*args, **kwargs)
           ^^^^^^^^^^^^^^^^^^^^^^^^^^^^^
  File "C:\Users\prana\OneDrive\Desktop\federated\.venv\Lib\site-packages\torch\nn\modules\container.py", line 253, in forward
    input = module(input)
            ^^^^^^^^^^^^^
  File "C:\Users\prana\OneDrive\Desktop\federated\.venv\Lib\site-packages\torch\nn\modules\module.py", line 1778, in _wrapped_call_impl
    return self._call_impl(*args, **kwargs)
           ^^^^^^^^^^^^^^^^^^^^^^^^^^^^^^^^
  File "C:\Users\prana\OneDrive\Desktop\federated\.venv\Lib\site-packages\torch\nn\modules\module.py", line 1789, in _call_impl
    return forward_call(*args, **kwargs)
           ^^^^^^^^^^^^^^^^^^^^^^^^^^^^^
  File "C:\Users\prana\OneDrive\Desktop\federated\.venv\Lib\site-packages\torch\nn\modules\batchnorm.py", line 210, in forward
    return F.batch_norm(
           ^^^^^^^^^^^^^
  File "C:\Users\prana\OneDrive\Desktop\federated\.venv\Lib\site-packages\torch\nn\functional.py", line 2889, in batch_norm
    _verify_batch_size(input.size())
  File "C:\Users\prana\OneDrive\Desktop\federated\.venv\Lib\site-packages\torch\nn\functional.py", line 2854, in _verify_batch_size
    raise ValueError(
ValueError: Expected more than 1 value per channel when training, got input size torch.Size([1, 128])

The above exception was the direct cause of the following exception:

[36mray::ClientAppActor.run()[39m (pid=37512, ip=127.0.0.1, actor_id=16c12b961da087b031f77a1101000000, repr=<flwr.simulation.ray_transport.ray_actor.ClientAppActor object at 0x000002141FB46B10>)
  File "python\\ray\\_raylet.pyx", line 1836, in ray._raylet.execute_task
  File "python\\ray\\_raylet.pyx", line 1947, in ray._raylet.execute_task
  File "python\\ray\\_raylet.pyx", line 1843, in ray._raylet.execute_task
  File "python\\ray\\_raylet.pyx", line 1786, in ray._raylet.execute_task.function_executor
  File "C:\Users\prana\OneDrive\Desktop\federated\.venv\Lib\site-packages\ray\_private\function_manager.py", line 740, in actor_method_executor
    return method(__ray_actor, *args, **kwargs)
           ^^^^^^^^^^^^^^^^^^^^^^^^^^^^^^^^^^^^
  File "C:\Users\prana\OneDrive\Desktop\federated\.venv\Lib\site-packages\ray\util\tracing\tracing_helper.py", line 487, in _resume_span
    return method(self, *_args, **_kwargs)
           ^^^^^^^^^^^^^^^^^^^^^^^^^^^^^^^
  File "C:\Users\prana\OneDrive\Desktop\federated\.venv\Lib\site-packages\flwr\simulation\ray_transport\ray_actor.py", line 64, in run
    raise ClientAppException(str(ex)) from ex
flwr.client.client_app.ClientAppException: 
Exception ClientAppException occurred. Message: Expected more than 1 value per channel when training, got input size torch.Size([1, 128])
[2026-07-20 14:19:39,945][flwr][ERROR] - Traceback (most recent call last):
  File "C:\Users\prana\OneDrive\Desktop\federated\.venv\Lib\site-packages\flwr\simulation\ray_transport\ray_client_proxy.py", line 73, in _submit_job
    out_mssg, updated_context = self.actor_pool.get_client_result(
                                ^^^^^^^^^^^^^^^^^^^^^^^^^^^^^^^^^^
  File "C:\Users\prana\OneDrive\Desktop\federated\.venv\Lib\site-packages\flwr\simulation\ray_transport\ray_actor.py", line 399, in get_client_result
    return self._fetch_future_result(cid)
           ^^^^^^^^^^^^^^^^^^^^^^^^^^^^^^
  File "C:\Users\prana\OneDrive\Desktop\federated\.venv\Lib\site-packages\flwr\simulation\ray_transport\ray_actor.py", line 280, in _fetch_future_result
    res_cid, out_mssg, updated_context = ray.get(
                                         ^^^^^^^^
  File "C:\Users\prana\OneDrive\Desktop\federated\.venv\Lib\site-packages\ray\_private\auto_init_hook.py", line 22, in auto_init_wrapper
    return fn(*args, **kwargs)
           ^^^^^^^^^^^^^^^^^^^
  File "C:\Users\prana\OneDrive\Desktop\federated\.venv\Lib\site-packages\ray\_private\client_mode_hook.py", line 110, in wrapper
    return func(*args, **kwargs)
           ^^^^^^^^^^^^^^^^^^^^^
  File "C:\Users\prana\OneDrive\Desktop\federated\.venv\Lib\site-packages\ray\_private\worker.py", line 2968, in get
    values, debugger_breakpoint = worker.get_objects(
                                  ^^^^^^^^^^^^^^^^^^^
  File "C:\Users\prana\OneDrive\Desktop\federated\.venv\Lib\site-packages\ray\_private\worker.py", line 1050, in get_objects
    raise value.as_instanceof_cause()
ray.exceptions.RayTaskError(ClientAppException): [36mray::ClientAppActor.run()[39m (pid=1584, ip=127.0.0.1, actor_id=748850dc6c926be8cad411a701000000, repr=<flwr.simulation.ray_transport.ray_actor.ClientAppActor object at 0x00000135CDD17050>)
                  ^^^^^^^^^^^^^^^^^^^^^^^^^^^^^^^^^^^^^
  File "C:\Users\prana\OneDrive\Desktop\federated\.venv\Lib\site-packages\flwr\client\client_app.py", line 98, in __call__
    return self._call(message, context)
           ^^^^^^^^^^^^^^^^^^^^^^^^^^^^
  File "C:\Users\prana\OneDrive\Desktop\federated\.venv\Lib\site-packages\flwr\client\client_app.py", line 81, in ffn
    out_message = handle_legacy_message_from_msgtype(
                  ^^^^^^^^^^^^^^^^^^^^^^^^^^^^^^^^^^^
  File "C:\Users\prana\OneDrive\Desktop\federated\.venv\Lib\site-packages\flwr\client\message_handler\message_handler.py", line 96, in handle_legacy_message_from_msgtype
    client = client_fn(str(message.metadata.partition_id))
             ^^^^^^^^^^^^^^^^^^^^^^^^^^^^^^^^^^^^^^^^^^^^^
  File "C:\Users\prana\OneDrive\Desktop\federated\scripts\federated_simulation.py", line 44, in client_fn
    train_loader = data_module.train_dataloader()
                   ^^^^^^^^^^^^^^^^^^^^^^^^^^^^^^
  File "C:\Users\prana\OneDrive\Desktop\federated\app\datasets\loader.py", line 31, in train_dataloader
    return DataLoader(self.train_dataset, batch_size=self.batch_size, shuffle=True)
           ^^^^^^^^^^^^^^^^^^^^^^^^^^^^^^^^^^^^^^^^^^^^^^^^^^^^^^^^^^^^^^^^^^^^^^^^
  File "C:\Users\prana\OneDrive\Desktop\federated\.venv\Lib\site-packages\torch\utils\data\dataloader.py", line 401, in __init__
    sampler = RandomSampler(dataset, generator=generator)  # type: ignore[arg-type]
              ^^^^^^^^^^^^^^^^^^^^^^^^^^^^^^^^^^^^^^^^^^^
  File "C:\Users\prana\OneDrive\Desktop\federated\.venv\Lib\site-packages\torch\utils\data\sampler.py", line 149, in __init__
    raise ValueError(
ValueError: num_samples should be a positive integer value, but got num_samples=0

The above exception was the direct cause of the following exception:

[36mray::ClientAppActor.run()[39m (pid=1584, ip=127.0.0.1, actor_id=748850dc6c926be8cad411a701000000, repr=<flwr.simulation.ray_transport.ray_actor.ClientAppActor object at 0x00000135CDD17050>)
  File "python\\ray\\_raylet.pyx", line 1836, in ray._raylet.execute_task
  File "python\\ray\\_raylet.pyx", line 1947, in ray._raylet.execute_task
  File "python\\ray\\_raylet.pyx", line 1843, in ray._raylet.execute_task
  File "python\\ray\\_raylet.pyx", line 1786, in ray._raylet.execute_task.function_executor
  File "C:\Users\prana\OneDrive\Desktop\federated\.venv\Lib\site-packages\ray\_private\function_manager.py", line 740, in actor_method_executor
    return method(__ray_actor, *args, **kwargs)
           ^^^^^^^^^^^^^^^^^^^^^^^^^^^^^^^^^^^^
  File "C:\Users\prana\OneDrive\Desktop\federated\.venv\Lib\site-packages\ray\util\tracing\tracing_helper.py", line 487, in _resume_span
    return method(self, *_args, **_kwargs)
           ^^^^^^^^^^^^^^^^^^^^^^^^^^^^^^^
  File "C:\Users\prana\OneDrive\Desktop\federated\.venv\Lib\site-packages\flwr\simulation\ray_transport\ray_actor.py", line 64, in run
    raise ClientAppException(str(ex)) from ex
flwr.client.client_app.ClientAppException: 
Exception ClientAppException occurred. Message: num_samples should be a positive integer value, but got num_samples=0

[2026-07-20 14:19:39,960][flwr][ERROR] - [36mray::ClientAppActor.run()[39m (pid=1584, ip=127.0.0.1, actor_id=748850dc6c926be8cad411a701000000, repr=<flwr.simulation.ray_transport.ray_actor.ClientAppActor object at 0x00000135CDD17050>)
                  ^^^^^^^^^^^^^^^^^^^^^^^^^^^^^^^^^^^^^
  File "C:\Users\prana\OneDrive\Desktop\federated\.venv\Lib\site-packages\flwr\client\client_app.py", line 98, in __call__
    return self._call(message, context)
           ^^^^^^^^^^^^^^^^^^^^^^^^^^^^
  File "C:\Users\prana\OneDrive\Desktop\federated\.venv\Lib\site-packages\flwr\client\client_app.py", line 81, in ffn
    out_message = handle_legacy_message_from_msgtype(
                  ^^^^^^^^^^^^^^^^^^^^^^^^^^^^^^^^^^^
  File "C:\Users\prana\OneDrive\Desktop\federated\.venv\Lib\site-packages\flwr\client\message_handler\message_handler.py", line 96, in handle_legacy_message_from_msgtype
    client = client_fn(str(message.metadata.partition_id))
             ^^^^^^^^^^^^^^^^^^^^^^^^^^^^^^^^^^^^^^^^^^^^^
  File "C:\Users\prana\OneDrive\Desktop\federated\scripts\federated_simulation.py", line 44, in client_fn
    train_loader = data_module.train_dataloader()
                   ^^^^^^^^^^^^^^^^^^^^^^^^^^^^^^
  File "C:\Users\prana\OneDrive\Desktop\federated\app\datasets\loader.py", line 31, in train_dataloader
    return DataLoader(self.train_dataset, batch_size=self.batch_size, shuffle=True)
           ^^^^^^^^^^^^^^^^^^^^^^^^^^^^^^^^^^^^^^^^^^^^^^^^^^^^^^^^^^^^^^^^^^^^^^^^
  File "C:\Users\prana\OneDrive\Desktop\federated\.venv\Lib\site-packages\torch\utils\data\dataloader.py", line 401, in __init__
    sampler = RandomSampler(dataset, generator=generator)  # type: ignore[arg-type]
              ^^^^^^^^^^^^^^^^^^^^^^^^^^^^^^^^^^^^^^^^^^^
  File "C:\Users\prana\OneDrive\Desktop\federated\.venv\Lib\site-packages\torch\utils\data\sampler.py", line 149, in __init__
    raise ValueError(
ValueError: num_samples should be a positive integer value, but got num_samples=0

The above exception was the direct cause of the following exception:

[36mray::ClientAppActor.run()[39m (pid=1584, ip=127.0.0.1, actor_id=748850dc6c926be8cad411a701000000, repr=<flwr.simulation.ray_transport.ray_actor.ClientAppActor object at 0x00000135CDD17050>)
  File "python\\ray\\_raylet.pyx", line 1836, in ray._raylet.execute_task
  File "python\\ray\\_raylet.pyx", line 1947, in ray._raylet.execute_task
  File "python\\ray\\_raylet.pyx", line 1843, in ray._raylet.execute_task
  File "python\\ray\\_raylet.pyx", line 1786, in ray._raylet.execute_task.function_executor
  File "C:\Users\prana\OneDrive\Desktop\federated\.venv\Lib\site-packages\ray\_private\function_manager.py", line 740, in actor_method_executor
    return method(__ray_actor, *args, **kwargs)
           ^^^^^^^^^^^^^^^^^^^^^^^^^^^^^^^^^^^^
  File "C:\Users\prana\OneDrive\Desktop\federated\.venv\Lib\site-packages\ray\util\tracing\tracing_helper.py", line 487, in _resume_span
    return method(self, *_args, **_kwargs)
           ^^^^^^^^^^^^^^^^^^^^^^^^^^^^^^^
  File "C:\Users\prana\OneDrive\Desktop\federated\.venv\Lib\site-packages\flwr\simulation\ray_transport\ray_actor.py", line 64, in run
    raise ClientAppException(str(ex)) from ex
flwr.client.client_app.ClientAppException: 
Exception ClientAppException occurred. Message: num_samples should be a positive integer value, but got num_samples=0
[2026-07-20 14:19:44,258][flwr][ERROR] - Traceback (most recent call last):
  File "C:\Users\prana\OneDrive\Desktop\federated\.venv\Lib\site-packages\flwr\simulation\ray_transport\ray_client_proxy.py", line 73, in _submit_job
    out_mssg, updated_context = self.actor_pool.get_client_result(
                                ^^^^^^^^^^^^^^^^^^^^^^^^^^^^^^^^^^
  File "C:\Users\prana\OneDrive\Desktop\federated\.venv\Lib\site-packages\flwr\simulation\ray_transport\ray_actor.py", line 399, in get_client_result
    return self._fetch_future_result(cid)
           ^^^^^^^^^^^^^^^^^^^^^^^^^^^^^^
  File "C:\Users\prana\OneDrive\Desktop\federated\.venv\Lib\site-packages\flwr\simulation\ray_transport\ray_actor.py", line 280, in _fetch_future_result
    res_cid, out_mssg, updated_context = ray.get(
                                         ^^^^^^^^
  File "C:\Users\prana\OneDrive\Desktop\federated\.venv\Lib\site-packages\ray\_private\auto_init_hook.py", line 22, in auto_init_wrapper
    return fn(*args, **kwargs)
           ^^^^^^^^^^^^^^^^^^^
  File "C:\Users\prana\OneDrive\Desktop\federated\.venv\Lib\site-packages\ray\_private\client_mode_hook.py", line 110, in wrapper
    return func(*args, **kwargs)
           ^^^^^^^^^^^^^^^^^^^^^
  File "C:\Users\prana\OneDrive\Desktop\federated\.venv\Lib\site-packages\ray\_private\worker.py", line 2968, in get
    values, debugger_breakpoint = worker.get_objects(
                                  ^^^^^^^^^^^^^^^^^^^
  File "C:\Users\prana\OneDrive\Desktop\federated\.venv\Lib\site-packages\ray\_private\worker.py", line 1050, in get_objects
    raise value.as_instanceof_cause()
ray.exceptions.RayTaskError(ClientAppException): [36mray::ClientAppActor.run()[39m (pid=38072, ip=127.0.0.1, actor_id=def5e5032f9707baf7af469601000000, repr=<flwr.simulation.ray_transport.ray_actor.ClientAppActor object at 0x000001DD31B62D20>)
                  ^^^^^^^^^^^^^^^^^^^^^^^^^^^^^^^^^^^^^
  File "C:\Users\prana\OneDrive\Desktop\federated\.venv\Lib\site-packages\flwr\client\client_app.py", line 98, in __call__
    return self._call(message, context)
           ^^^^^^^^^^^^^^^^^^^^^^^^^^^^
  File "C:\Users\prana\OneDrive\Desktop\federated\.venv\Lib\site-packages\flwr\client\client_app.py", line 81, in ffn
    out_message = handle_legacy_message_from_msgtype(
                  ^^^^^^^^^^^^^^^^^^^^^^^^^^^^^^^^^^^
  File "C:\Users\prana\OneDrive\Desktop\federated\.venv\Lib\site-packages\flwr\client\message_handler\message_handler.py", line 130, in handle_legacy_message_from_msgtype
    fit_res = maybe_call_fit(
              ^^^^^^^^^^^^^^^
  File "C:\Users\prana\OneDrive\Desktop\federated\.venv\Lib\site-packages\flwr\client\client.py", line 234, in maybe_call_fit
    return client.fit(fit_ins)
           ^^^^^^^^^^^^^^^^^^^
  File "C:\Users\prana\OneDrive\Desktop\federated\.venv\Lib\site-packages\flwr\client\numpy_client.py", line 238, in _fit
    results = self.numpy_client.fit(parameters, ins.config)  # type: ignore
              ^^^^^^^^^^^^^^^^^^^^^^^^^^^^^^^^^^^^^^^^^^^^^
  File "C:\Users\prana\OneDrive\Desktop\federated\app\federated\client.py", line 52, in fit
    self.trainer.fit(self.train_loader, self.val_loader, epochs=self.epochs,
  File "C:\Users\prana\OneDrive\Desktop\federated\app\training\trainer.py", line 37, in fit
    train_logs = self._train_epoch(train_loader, epoch, proximal_mu, global_params)
                 ^^^^^^^^^^^^^^^^^^^^^^^^^^^^^^^^^^^^^^^^^^^^^^^^^^^^^^^^^^^^^^^^^^
  File "C:\Users\prana\OneDrive\Desktop\federated\app\training\trainer.py", line 83, in _train_epoch
    output = self.model(data)
             ^^^^^^^^^^^^^^^^
  File "C:\Users\prana\OneDrive\Desktop\federated\.venv\Lib\site-packages\torch\nn\modules\module.py", line 1778, in _wrapped_call_impl
    return self._call_impl(*args, **kwargs)
           ^^^^^^^^^^^^^^^^^^^^^^^^^^^^^^^^
  File "C:\Users\prana\OneDrive\Desktop\federated\.venv\Lib\site-packages\torch\nn\modules\module.py", line 1789, in _call_impl
    return forward_call(*args, **kwargs)
           ^^^^^^^^^^^^^^^^^^^^^^^^^^^^^
  File "C:\Users\prana\OneDrive\Desktop\federated\app\models\mlp.py", line 24, in forward
    return self.network(x)
           ^^^^^^^^^^^^^^^
  File "C:\Users\prana\OneDrive\Desktop\federated\.venv\Lib\site-packages\torch\nn\modules\module.py", line 1778, in _wrapped_call_impl
    return self._call_impl(*args, **kwargs)
           ^^^^^^^^^^^^^^^^^^^^^^^^^^^^^^^^
  File "C:\Users\prana\OneDrive\Desktop\federated\.venv\Lib\site-packages\torch\nn\modules\module.py", line 1789, in _call_impl
    return forward_call(*args, **kwargs)
           ^^^^^^^^^^^^^^^^^^^^^^^^^^^^^
  File "C:\Users\prana\OneDrive\Desktop\federated\.venv\Lib\site-packages\torch\nn\modules\container.py", line 253, in forward
    input = module(input)
            ^^^^^^^^^^^^^
  File "C:\Users\prana\OneDrive\Desktop\federated\.venv\Lib\site-packages\torch\nn\modules\module.py", line 1778, in _wrapped_call_impl
    return self._call_impl(*args, **kwargs)
           ^^^^^^^^^^^^^^^^^^^^^^^^^^^^^^^^
  File "C:\Users\prana\OneDrive\Desktop\federated\.venv\Lib\site-packages\torch\nn\modules\module.py", line 1789, in _call_impl
    return forward_call(*args, **kwargs)
           ^^^^^^^^^^^^^^^^^^^^^^^^^^^^^
  File "C:\Users\prana\OneDrive\Desktop\federated\.venv\Lib\site-packages\torch\nn\modules\batchnorm.py", line 210, in forward
    return F.batch_norm(
           ^^^^^^^^^^^^^
  File "C:\Users\prana\OneDrive\Desktop\federated\.venv\Lib\site-packages\torch\nn\functional.py", line 2889, in batch_norm
    _verify_batch_size(input.size())
  File "C:\Users\prana\OneDrive\Desktop\federated\.venv\Lib\site-packages\torch\nn\functional.py", line 2854, in _verify_batch_size
    raise ValueError(
ValueError: Expected more than 1 value per channel when training, got input size torch.Size([1, 128])

The above exception was the direct cause of the following exception:

[36mray::ClientAppActor.run()[39m (pid=38072, ip=127.0.0.1, actor_id=def5e5032f9707baf7af469601000000, repr=<flwr.simulation.ray_transport.ray_actor.ClientAppActor object at 0x000001DD31B62D20>)
  File "python\\ray\\_raylet.pyx", line 1836, in ray._raylet.execute_task
  File "python\\ray\\_raylet.pyx", line 1947, in ray._raylet.execute_task
  File "python\\ray\\_raylet.pyx", line 1843, in ray._raylet.execute_task
  File "python\\ray\\_raylet.pyx", line 1786, in ray._raylet.execute_task.function_executor
  File "C:\Users\prana\OneDrive\Desktop\federated\.venv\Lib\site-packages\ray\_private\function_manager.py", line 740, in actor_method_executor
    return method(__ray_actor, *args, **kwargs)
           ^^^^^^^^^^^^^^^^^^^^^^^^^^^^^^^^^^^^
  File "C:\Users\prana\OneDrive\Desktop\federated\.venv\Lib\site-packages\ray\util\tracing\tracing_helper.py", line 487, in _resume_span
    return method(self, *_args, **_kwargs)
           ^^^^^^^^^^^^^^^^^^^^^^^^^^^^^^^
  File "C:\Users\prana\OneDrive\Desktop\federated\.venv\Lib\site-packages\flwr\simulation\ray_transport\ray_actor.py", line 64, in run
    raise ClientAppException(str(ex)) from ex
flwr.client.client_app.ClientAppException: 
Exception ClientAppException occurred. Message: Expected more than 1 value per channel when training, got input size torch.Size([1, 128])

[2026-07-20 14:19:44,259][flwr][ERROR] - [36mray::ClientAppActor.run()[39m (pid=38072, ip=127.0.0.1, actor_id=def5e5032f9707baf7af469601000000, repr=<flwr.simulation.ray_transport.ray_actor.ClientAppActor object at 0x000001DD31B62D20>)
                  ^^^^^^^^^^^^^^^^^^^^^^^^^^^^^^^^^^^^^
  File "C:\Users\prana\OneDrive\Desktop\federated\.venv\Lib\site-packages\flwr\client\client_app.py", line 98, in __call__
    return self._call(message, context)
           ^^^^^^^^^^^^^^^^^^^^^^^^^^^^
  File "C:\Users\prana\OneDrive\Desktop\federated\.venv\Lib\site-packages\flwr\client\client_app.py", line 81, in ffn
    out_message = handle_legacy_message_from_msgtype(
                  ^^^^^^^^^^^^^^^^^^^^^^^^^^^^^^^^^^^
  File "C:\Users\prana\OneDrive\Desktop\federated\.venv\Lib\site-packages\flwr\client\message_handler\message_handler.py", line 130, in handle_legacy_message_from_msgtype
    fit_res = maybe_call_fit(
              ^^^^^^^^^^^^^^^
  File "C:\Users\prana\OneDrive\Desktop\federated\.venv\Lib\site-packages\flwr\client\client.py", line 234, in maybe_call_fit
    return client.fit(fit_ins)
           ^^^^^^^^^^^^^^^^^^^
  File "C:\Users\prana\OneDrive\Desktop\federated\.venv\Lib\site-packages\flwr\client\numpy_client.py", line 238, in _fit
    results = self.numpy_client.fit(parameters, ins.config)  # type: ignore
              ^^^^^^^^^^^^^^^^^^^^^^^^^^^^^^^^^^^^^^^^^^^^^
  File "C:\Users\prana\OneDrive\Desktop\federated\app\federated\client.py", line 52, in fit
    self.trainer.fit(self.train_loader, self.val_loader, epochs=self.epochs,
  File "C:\Users\prana\OneDrive\Desktop\federated\app\training\trainer.py", line 37, in fit
    train_logs = self._train_epoch(train_loader, epoch, proximal_mu, global_params)
                 ^^^^^^^^^^^^^^^^^^^^^^^^^^^^^^^^^^^^^^^^^^^^^^^^^^^^^^^^^^^^^^^^^^
  File "C:\Users\prana\OneDrive\Desktop\federated\app\training\trainer.py", line 83, in _train_epoch
    output = self.model(data)
             ^^^^^^^^^^^^^^^^
  File "C:\Users\prana\OneDrive\Desktop\federated\.venv\Lib\site-packages\torch\nn\modules\module.py", line 1778, in _wrapped_call_impl
    return self._call_impl(*args, **kwargs)
           ^^^^^^^^^^^^^^^^^^^^^^^^^^^^^^^^
  File "C:\Users\prana\OneDrive\Desktop\federated\.venv\Lib\site-packages\torch\nn\modules\module.py", line 1789, in _call_impl
    return forward_call(*args, **kwargs)
           ^^^^^^^^^^^^^^^^^^^^^^^^^^^^^
  File "C:\Users\prana\OneDrive\Desktop\federated\app\models\mlp.py", line 24, in forward
    return self.network(x)
           ^^^^^^^^^^^^^^^
  File "C:\Users\prana\OneDrive\Desktop\federated\.venv\Lib\site-packages\torch\nn\modules\module.py", line 1778, in _wrapped_call_impl
    return self._call_impl(*args, **kwargs)
           ^^^^^^^^^^^^^^^^^^^^^^^^^^^^^^^^
  File "C:\Users\prana\OneDrive\Desktop\federated\.venv\Lib\site-packages\torch\nn\modules\module.py", line 1789, in _call_impl
    return forward_call(*args, **kwargs)
           ^^^^^^^^^^^^^^^^^^^^^^^^^^^^^
  File "C:\Users\prana\OneDrive\Desktop\federated\.venv\Lib\site-packages\torch\nn\modules\container.py", line 253, in forward
    input = module(input)
            ^^^^^^^^^^^^^
  File "C:\Users\prana\OneDrive\Desktop\federated\.venv\Lib\site-packages\torch\nn\modules\module.py", line 1778, in _wrapped_call_impl
    return self._call_impl(*args, **kwargs)
           ^^^^^^^^^^^^^^^^^^^^^^^^^^^^^^^^
  File "C:\Users\prana\OneDrive\Desktop\federated\.venv\Lib\site-packages\torch\nn\modules\module.py", line 1789, in _call_impl
    return forward_call(*args, **kwargs)
           ^^^^^^^^^^^^^^^^^^^^^^^^^^^^^
  File "C:\Users\prana\OneDrive\Desktop\federated\.venv\Lib\site-packages\torch\nn\modules\batchnorm.py", line 210, in forward
    return F.batch_norm(
           ^^^^^^^^^^^^^
  File "C:\Users\prana\OneDrive\Desktop\federated\.venv\Lib\site-packages\torch\nn\functional.py", line 2889, in batch_norm
    _verify_batch_size(input.size())
  File "C:\Users\prana\OneDrive\Desktop\federated\.venv\Lib\site-packages\torch\nn\functional.py", line 2854, in _verify_batch_size
    raise ValueError(
ValueError: Expected more than 1 value per channel when training, got input size torch.Size([1, 128])

The above exception was the direct cause of the following exception:

[36mray::ClientAppActor.run()[39m (pid=38072, ip=127.0.0.1, actor_id=def5e5032f9707baf7af469601000000, repr=<flwr.simulation.ray_transport.ray_actor.ClientAppActor object at 0x000001DD31B62D20>)
  File "python\\ray\\_raylet.pyx", line 1836, in ray._raylet.execute_task
  File "python\\ray\\_raylet.pyx", line 1947, in ray._raylet.execute_task
  File "python\\ray\\_raylet.pyx", line 1843, in ray._raylet.execute_task
  File "python\\ray\\_raylet.pyx", line 1786, in ray._raylet.execute_task.function_executor
  File "C:\Users\prana\OneDrive\Desktop\federated\.venv\Lib\site-packages\ray\_private\function_manager.py", line 740, in actor_method_executor
    return method(__ray_actor, *args, **kwargs)
           ^^^^^^^^^^^^^^^^^^^^^^^^^^^^^^^^^^^^
  File "C:\Users\prana\OneDrive\Desktop\federated\.venv\Lib\site-packages\ray\util\tracing\tracing_helper.py", line 487, in _resume_span
    return method(self, *_args, **_kwargs)
           ^^^^^^^^^^^^^^^^^^^^^^^^^^^^^^^
  File "C:\Users\prana\OneDrive\Desktop\federated\.venv\Lib\site-packages\flwr\simulation\ray_transport\ray_actor.py", line 64, in run
    raise ClientAppException(str(ex)) from ex
flwr.client.client_app.ClientAppException: 
Exception ClientAppException occurred. Message: Expected more than 1 value per channel when training, got input size torch.Size([1, 128])
[2026-07-20 14:19:44,261][flwr][INFO] - aggregate_fit: received 0 results and 3 failures
[2026-07-20 14:19:44,261][flwr][INFO] - configure_evaluate: strategy sampled 3 clients (out of 3)
[2026-07-20 14:19:44,283][flwr][ERROR] - Traceback (most recent call last):
  File "C:\Users\prana\OneDrive\Desktop\federated\.venv\Lib\site-packages\flwr\simulation\ray_transport\ray_client_proxy.py", line 73, in _submit_job
    out_mssg, updated_context = self.actor_pool.get_client_result(
                                ^^^^^^^^^^^^^^^^^^^^^^^^^^^^^^^^^^
  File "C:\Users\prana\OneDrive\Desktop\federated\.venv\Lib\site-packages\flwr\simulation\ray_transport\ray_actor.py", line 399, in get_client_result
    return self._fetch_future_result(cid)
           ^^^^^^^^^^^^^^^^^^^^^^^^^^^^^^
  File "C:\Users\prana\OneDrive\Desktop\federated\.venv\Lib\site-packages\flwr\simulation\ray_transport\ray_actor.py", line 280, in _fetch_future_result
    res_cid, out_mssg, updated_context = ray.get(
                                         ^^^^^^^^
  File "C:\Users\prana\OneDrive\Desktop\federated\.venv\Lib\site-packages\ray\_private\auto_init_hook.py", line 22, in auto_init_wrapper
    return fn(*args, **kwargs)
           ^^^^^^^^^^^^^^^^^^^
  File "C:\Users\prana\OneDrive\Desktop\federated\.venv\Lib\site-packages\ray\_private\client_mode_hook.py", line 110, in wrapper
    return func(*args, **kwargs)
           ^^^^^^^^^^^^^^^^^^^^^
  File "C:\Users\prana\OneDrive\Desktop\federated\.venv\Lib\site-packages\ray\_private\worker.py", line 2968, in get
    values, debugger_breakpoint = worker.get_objects(
                                  ^^^^^^^^^^^^^^^^^^^
  File "C:\Users\prana\OneDrive\Desktop\federated\.venv\Lib\site-packages\ray\_private\worker.py", line 1050, in get_objects
    raise value.as_instanceof_cause()
ray.exceptions.RayTaskError(ClientAppException): [36mray::ClientAppActor.run()[39m (pid=38072, ip=127.0.0.1, actor_id=def5e5032f9707baf7af469601000000, repr=<flwr.simulation.ray_transport.ray_actor.ClientAppActor object at 0x000001DD31B62D20>)
                  ^^^^^^^^^^^^^^^^^^^^^^^^^^^^^^^^^^^^^
  File "C:\Users\prana\OneDrive\Desktop\federated\.venv\Lib\site-packages\flwr\client\client_app.py", line 98, in __call__
    return self._call(message, context)
           ^^^^^^^^^^^^^^^^^^^^^^^^^^^^
  File "C:\Users\prana\OneDrive\Desktop\federated\.venv\Lib\site-packages\flwr\client\client_app.py", line 81, in ffn
    out_message = handle_legacy_message_from_msgtype(
                  ^^^^^^^^^^^^^^^^^^^^^^^^^^^^^^^^^^^
  File "C:\Users\prana\OneDrive\Desktop\federated\.venv\Lib\site-packages\flwr\client\message_handler\message_handler.py", line 96, in handle_legacy_message_from_msgtype
    client = client_fn(str(message.metadata.partition_id))
             ^^^^^^^^^^^^^^^^^^^^^^^^^^^^^^^^^^^^^^^^^^^^^
  File "C:\Users\prana\OneDrive\Desktop\federated\scripts\federated_simulation.py", line 44, in client_fn
    train_loader = data_module.train_dataloader()
                   ^^^^^^^^^^^^^^^^^^^^^^^^^^^^^^
  File "C:\Users\prana\OneDrive\Desktop\federated\app\datasets\loader.py", line 31, in train_dataloader
    return DataLoader(self.train_dataset, batch_size=self.batch_size, shuffle=True)
           ^^^^^^^^^^^^^^^^^^^^^^^^^^^^^^^^^^^^^^^^^^^^^^^^^^^^^^^^^^^^^^^^^^^^^^^^
  File "C:\Users\prana\OneDrive\Desktop\federated\.venv\Lib\site-packages\torch\utils\data\dataloader.py", line 401, in __init__
    sampler = RandomSampler(dataset, generator=generator)  # type: ignore[arg-type]
              ^^^^^^^^^^^^^^^^^^^^^^^^^^^^^^^^^^^^^^^^^^^
  File "C:\Users\prana\OneDrive\Desktop\federated\.venv\Lib\site-packages\torch\utils\data\sampler.py", line 149, in __init__
    raise ValueError(
ValueError: num_samples should be a positive integer value, but got num_samples=0

The above exception was the direct cause of the following exception:

[36mray::ClientAppActor.run()[39m (pid=38072, ip=127.0.0.1, actor_id=def5e5032f9707baf7af469601000000, repr=<flwr.simulation.ray_transport.ray_actor.ClientAppActor object at 0x000001DD31B62D20>)
  File "python\\ray\\_raylet.pyx", line 1836, in ray._raylet.execute_task
  File "python\\ray\\_raylet.pyx", line 1947, in ray._raylet.execute_task
  File "python\\ray\\_raylet.pyx", line 1843, in ray._raylet.execute_task
  File "python\\ray\\_raylet.pyx", line 1786, in ray._raylet.execute_task.function_executor
  File "C:\Users\prana\OneDrive\Desktop\federated\.venv\Lib\site-packages\ray\_private\function_manager.py", line 740, in actor_method_executor
    return method(__ray_actor, *args, **kwargs)
           ^^^^^^^^^^^^^^^^^^^^^^^^^^^^^^^^^^^^
  File "C:\Users\prana\OneDrive\Desktop\federated\.venv\Lib\site-packages\ray\util\tracing\tracing_helper.py", line 487, in _resume_span
    return method(self, *_args, **_kwargs)
           ^^^^^^^^^^^^^^^^^^^^^^^^^^^^^^^
  File "C:\Users\prana\OneDrive\Desktop\federated\.venv\Lib\site-packages\flwr\simulation\ray_transport\ray_actor.py", line 64, in run
    raise ClientAppException(str(ex)) from ex
flwr.client.client_app.ClientAppException: 
Exception ClientAppException occurred. Message: num_samples should be a positive integer value, but got num_samples=0

[2026-07-20 14:19:44,285][flwr][ERROR] - [36mray::ClientAppActor.run()[39m (pid=38072, ip=127.0.0.1, actor_id=def5e5032f9707baf7af469601000000, repr=<flwr.simulation.ray_transport.ray_actor.ClientAppActor object at 0x000001DD31B62D20>)
                  ^^^^^^^^^^^^^^^^^^^^^^^^^^^^^^^^^^^^^
  File "C:\Users\prana\OneDrive\Desktop\federated\.venv\Lib\site-packages\flwr\client\client_app.py", line 98, in __call__
    return self._call(message, context)
           ^^^^^^^^^^^^^^^^^^^^^^^^^^^^
  File "C:\Users\prana\OneDrive\Desktop\federated\.venv\Lib\site-packages\flwr\client\client_app.py", line 81, in ffn
    out_message = handle_legacy_message_from_msgtype(
                  ^^^^^^^^^^^^^^^^^^^^^^^^^^^^^^^^^^^
  File "C:\Users\prana\OneDrive\Desktop\federated\.venv\Lib\site-packages\flwr\client\message_handler\message_handler.py", line 96, in handle_legacy_message_from_msgtype
    client = client_fn(str(message.metadata.partition_id))
             ^^^^^^^^^^^^^^^^^^^^^^^^^^^^^^^^^^^^^^^^^^^^^
  File "C:\Users\prana\OneDrive\Desktop\federated\scripts\federated_simulation.py", line 44, in client_fn
    train_loader = data_module.train_dataloader()
                   ^^^^^^^^^^^^^^^^^^^^^^^^^^^^^^
  File "C:\Users\prana\OneDrive\Desktop\federated\app\datasets\loader.py", line 31, in train_dataloader
    return DataLoader(self.train_dataset, batch_size=self.batch_size, shuffle=True)
           ^^^^^^^^^^^^^^^^^^^^^^^^^^^^^^^^^^^^^^^^^^^^^^^^^^^^^^^^^^^^^^^^^^^^^^^^
  File "C:\Users\prana\OneDrive\Desktop\federated\.venv\Lib\site-packages\torch\utils\data\dataloader.py", line 401, in __init__
    sampler = RandomSampler(dataset, generator=generator)  # type: ignore[arg-type]
              ^^^^^^^^^^^^^^^^^^^^^^^^^^^^^^^^^^^^^^^^^^^
  File "C:\Users\prana\OneDrive\Desktop\federated\.venv\Lib\site-packages\torch\utils\data\sampler.py", line 149, in __init__
    raise ValueError(
ValueError: num_samples should be a positive integer value, but got num_samples=0

The above exception was the direct cause of the following exception:

[36mray::ClientAppActor.run()[39m (pid=38072, ip=127.0.0.1, actor_id=def5e5032f9707baf7af469601000000, repr=<flwr.simulation.ray_transport.ray_actor.ClientAppActor object at 0x000001DD31B62D20>)
  File "python\\ray\\_raylet.pyx", line 1836, in ray._raylet.execute_task
  File "python\\ray\\_raylet.pyx", line 1947, in ray._raylet.execute_task
  File "python\\ray\\_raylet.pyx", line 1843, in ray._raylet.execute_task
  File "python\\ray\\_raylet.pyx", line 1786, in ray._raylet.execute_task.function_executor
  File "C:\Users\prana\OneDrive\Desktop\federated\.venv\Lib\site-packages\ray\_private\function_manager.py", line 740, in actor_method_executor
    return method(__ray_actor, *args, **kwargs)
           ^^^^^^^^^^^^^^^^^^^^^^^^^^^^^^^^^^^^
  File "C:\Users\prana\OneDrive\Desktop\federated\.venv\Lib\site-packages\ray\util\tracing\tracing_helper.py", line 487, in _resume_span
    return method(self, *_args, **_kwargs)
           ^^^^^^^^^^^^^^^^^^^^^^^^^^^^^^^
  File "C:\Users\prana\OneDrive\Desktop\federated\.venv\Lib\site-packages\flwr\simulation\ray_transport\ray_actor.py", line 64, in run
    raise ClientAppException(str(ex)) from ex
flwr.client.client_app.ClientAppException: 
Exception ClientAppException occurred. Message: num_samples should be a positive integer value, but got num_samples=0
[2026-07-20 14:19:47,068][flwr][INFO] - aggregate_evaluate: received 2 results and 1 failures
[2026-07-20 14:19:47,142][flwr][INFO] - 
[2026-07-20 14:19:47,142][flwr][INFO] - [ROUND 2]
[2026-07-20 14:19:47,142][flwr][INFO] - configure_fit: strategy sampled 3 clients (out of 3)
[2026-07-20 14:19:47,165][flwr][ERROR] - Traceback (most recent call last):
  File "C:\Users\prana\OneDrive\Desktop\federated\.venv\Lib\site-packages\flwr\simulation\ray_transport\ray_client_proxy.py", line 73, in _submit_job
    out_mssg, updated_context = self.actor_pool.get_client_result(
                                ^^^^^^^^^^^^^^^^^^^^^^^^^^^^^^^^^^
  File "C:\Users\prana\OneDrive\Desktop\federated\.venv\Lib\site-packages\flwr\simulation\ray_transport\ray_actor.py", line 399, in get_client_result
    return self._fetch_future_result(cid)
           ^^^^^^^^^^^^^^^^^^^^^^^^^^^^^^
  File "C:\Users\prana\OneDrive\Desktop\federated\.venv\Lib\site-packages\flwr\simulation\ray_transport\ray_actor.py", line 280, in _fetch_future_result
    res_cid, out_mssg, updated_context = ray.get(
                                         ^^^^^^^^
  File "C:\Users\prana\OneDrive\Desktop\federated\.venv\Lib\site-packages\ray\_private\auto_init_hook.py", line 22, in auto_init_wrapper
    return fn(*args, **kwargs)
           ^^^^^^^^^^^^^^^^^^^
  File "C:\Users\prana\OneDrive\Desktop\federated\.venv\Lib\site-packages\ray\_private\client_mode_hook.py", line 110, in wrapper
    return func(*args, **kwargs)
           ^^^^^^^^^^^^^^^^^^^^^
  File "C:\Users\prana\OneDrive\Desktop\federated\.venv\Lib\site-packages\ray\_private\worker.py", line 2968, in get
    values, debugger_breakpoint = worker.get_objects(
                                  ^^^^^^^^^^^^^^^^^^^
  File "C:\Users\prana\OneDrive\Desktop\federated\.venv\Lib\site-packages\ray\_private\worker.py", line 1050, in get_objects
    raise value.as_instanceof_cause()
ray.exceptions.RayTaskError(ClientAppException): [36mray::ClientAppActor.run()[39m (pid=1584, ip=127.0.0.1, actor_id=748850dc6c926be8cad411a701000000, repr=<flwr.simulation.ray_transport.ray_actor.ClientAppActor object at 0x00000135CDD17050>)
                  ^^^^^^^^^^^^^^^^^^^^^^^^^^^^^^^^^^^^^
  File "C:\Users\prana\OneDrive\Desktop\federated\.venv\Lib\site-packages\flwr\client\client_app.py", line 98, in __call__
    return self._call(message, context)
           ^^^^^^^^^^^^^^^^^^^^^^^^^^^^
  File "C:\Users\prana\OneDrive\Desktop\federated\.venv\Lib\site-packages\flwr\client\client_app.py", line 81, in ffn
    out_message = handle_legacy_message_from_msgtype(
                  ^^^^^^^^^^^^^^^^^^^^^^^^^^^^^^^^^^^
  File "C:\Users\prana\OneDrive\Desktop\federated\.venv\Lib\site-packages\flwr\client\message_handler\message_handler.py", line 96, in handle_legacy_message_from_msgtype
    client = client_fn(str(message.metadata.partition_id))
             ^^^^^^^^^^^^^^^^^^^^^^^^^^^^^^^^^^^^^^^^^^^^^
  File "C:\Users\prana\OneDrive\Desktop\federated\scripts\federated_simulation.py", line 44, in client_fn
    train_loader = data_module.train_dataloader()
                   ^^^^^^^^^^^^^^^^^^^^^^^^^^^^^^
  File "C:\Users\prana\OneDrive\Desktop\federated\app\datasets\loader.py", line 31, in train_dataloader
    return DataLoader(self.train_dataset, batch_size=self.batch_size, shuffle=True)
           ^^^^^^^^^^^^^^^^^^^^^^^^^^^^^^^^^^^^^^^^^^^^^^^^^^^^^^^^^^^^^^^^^^^^^^^^
  File "C:\Users\prana\OneDrive\Desktop\federated\.venv\Lib\site-packages\torch\utils\data\dataloader.py", line 401, in __init__
    sampler = RandomSampler(dataset, generator=generator)  # type: ignore[arg-type]
              ^^^^^^^^^^^^^^^^^^^^^^^^^^^^^^^^^^^^^^^^^^^
  File "C:\Users\prana\OneDrive\Desktop\federated\.venv\Lib\site-packages\torch\utils\data\sampler.py", line 149, in __init__
    raise ValueError(
ValueError: num_samples should be a positive integer value, but got num_samples=0

The above exception was the direct cause of the following exception:

[36mray::ClientAppActor.run()[39m (pid=1584, ip=127.0.0.1, actor_id=748850dc6c926be8cad411a701000000, repr=<flwr.simulation.ray_transport.ray_actor.ClientAppActor object at 0x00000135CDD17050>)
  File "python\\ray\\_raylet.pyx", line 1836, in ray._raylet.execute_task
  File "python\\ray\\_raylet.pyx", line 1947, in ray._raylet.execute_task
  File "python\\ray\\_raylet.pyx", line 1843, in ray._raylet.execute_task
  File "python\\ray\\_raylet.pyx", line 1786, in ray._raylet.execute_task.function_executor
  File "C:\Users\prana\OneDrive\Desktop\federated\.venv\Lib\site-packages\ray\_private\function_manager.py", line 740, in actor_method_executor
    return method(__ray_actor, *args, **kwargs)
           ^^^^^^^^^^^^^^^^^^^^^^^^^^^^^^^^^^^^
  File "C:\Users\prana\OneDrive\Desktop\federated\.venv\Lib\site-packages\ray\util\tracing\tracing_helper.py", line 487, in _resume_span
    return method(self, *_args, **_kwargs)
           ^^^^^^^^^^^^^^^^^^^^^^^^^^^^^^^
  File "C:\Users\prana\OneDrive\Desktop\federated\.venv\Lib\site-packages\flwr\simulation\ray_transport\ray_actor.py", line 64, in run
    raise ClientAppException(str(ex)) from ex
flwr.client.client_app.ClientAppException: 
Exception ClientAppException occurred. Message: num_samples should be a positive integer value, but got num_samples=0

[2026-07-20 14:19:47,165][flwr][ERROR] - [36mray::ClientAppActor.run()[39m (pid=1584, ip=127.0.0.1, actor_id=748850dc6c926be8cad411a701000000, repr=<flwr.simulation.ray_transport.ray_actor.ClientAppActor object at 0x00000135CDD17050>)
                  ^^^^^^^^^^^^^^^^^^^^^^^^^^^^^^^^^^^^^
  File "C:\Users\prana\OneDrive\Desktop\federated\.venv\Lib\site-packages\flwr\client\client_app.py", line 98, in __call__
    return self._call(message, context)
           ^^^^^^^^^^^^^^^^^^^^^^^^^^^^
  File "C:\Users\prana\OneDrive\Desktop\federated\.venv\Lib\site-packages\flwr\client\client_app.py", line 81, in ffn
    out_message = handle_legacy_message_from_msgtype(
                  ^^^^^^^^^^^^^^^^^^^^^^^^^^^^^^^^^^^
  File "C:\Users\prana\OneDrive\Desktop\federated\.venv\Lib\site-packages\flwr\client\message_handler\message_handler.py", line 96, in handle_legacy_message_from_msgtype
    client = client_fn(str(message.metadata.partition_id))
             ^^^^^^^^^^^^^^^^^^^^^^^^^^^^^^^^^^^^^^^^^^^^^
  File "C:\Users\prana\OneDrive\Desktop\federated\scripts\federated_simulation.py", line 44, in client_fn
    train_loader = data_module.train_dataloader()
                   ^^^^^^^^^^^^^^^^^^^^^^^^^^^^^^
  File "C:\Users\prana\OneDrive\Desktop\federated\app\datasets\loader.py", line 31, in train_dataloader
    return DataLoader(self.train_dataset, batch_size=self.batch_size, shuffle=True)
           ^^^^^^^^^^^^^^^^^^^^^^^^^^^^^^^^^^^^^^^^^^^^^^^^^^^^^^^^^^^^^^^^^^^^^^^^
  File "C:\Users\prana\OneDrive\Desktop\federated\.venv\Lib\site-packages\torch\utils\data\dataloader.py", line 401, in __init__
    sampler = RandomSampler(dataset, generator=generator)  # type: ignore[arg-type]
              ^^^^^^^^^^^^^^^^^^^^^^^^^^^^^^^^^^^^^^^^^^^
  File "C:\Users\prana\OneDrive\Desktop\federated\.venv\Lib\site-packages\torch\utils\data\sampler.py", line 149, in __init__
    raise ValueError(
ValueError: num_samples should be a positive integer value, but got num_samples=0

The above exception was the direct cause of the following exception:

[36mray::ClientAppActor.run()[39m (pid=1584, ip=127.0.0.1, actor_id=748850dc6c926be8cad411a701000000, repr=<flwr.simulation.ray_transport.ray_actor.ClientAppActor object at 0x00000135CDD17050>)
  File "python\\ray\\_raylet.pyx", line 1836, in ray._raylet.execute_task
  File "python\\ray\\_raylet.pyx", line 1947, in ray._raylet.execute_task
  File "python\\ray\\_raylet.pyx", line 1843, in ray._raylet.execute_task
  File "python\\ray\\_raylet.pyx", line 1786, in ray._raylet.execute_task.function_executor
  File "C:\Users\prana\OneDrive\Desktop\federated\.venv\Lib\site-packages\ray\_private\function_manager.py", line 740, in actor_method_executor
    return method(__ray_actor, *args, **kwargs)
           ^^^^^^^^^^^^^^^^^^^^^^^^^^^^^^^^^^^^
  File "C:\Users\prana\OneDrive\Desktop\federated\.venv\Lib\site-packages\ray\util\tracing\tracing_helper.py", line 487, in _resume_span
    return method(self, *_args, **_kwargs)
           ^^^^^^^^^^^^^^^^^^^^^^^^^^^^^^^
  File "C:\Users\prana\OneDrive\Desktop\federated\.venv\Lib\site-packages\flwr\simulation\ray_transport\ray_actor.py", line 64, in run
    raise ClientAppException(str(ex)) from ex
flwr.client.client_app.ClientAppException: 
Exception ClientAppException occurred. Message: num_samples should be a positive integer value, but got num_samples=0
[2026-07-20 14:19:47,244][flwr][ERROR] - Traceback (most recent call last):
  File "C:\Users\prana\OneDrive\Desktop\federated\.venv\Lib\site-packages\flwr\simulation\ray_transport\ray_client_proxy.py", line 73, in _submit_job
    out_mssg, updated_context = self.actor_pool.get_client_result(
                                ^^^^^^^^^^^^^^^^^^^^^^^^^^^^^^^^^^
  File "C:\Users\prana\OneDrive\Desktop\federated\.venv\Lib\site-packages\flwr\simulation\ray_transport\ray_actor.py", line 399, in get_client_result
    return self._fetch_future_result(cid)
           ^^^^^^^^^^^^^^^^^^^^^^^^^^^^^^
  File "C:\Users\prana\OneDrive\Desktop\federated\.venv\Lib\site-packages\flwr\simulation\ray_transport\ray_actor.py", line 280, in _fetch_future_result
    res_cid, out_mssg, updated_context = ray.get(
                                         ^^^^^^^^
  File "C:\Users\prana\OneDrive\Desktop\federated\.venv\Lib\site-packages\ray\_private\auto_init_hook.py", line 22, in auto_init_wrapper
    return fn(*args, **kwargs)
           ^^^^^^^^^^^^^^^^^^^
  File "C:\Users\prana\OneDrive\Desktop\federated\.venv\Lib\site-packages\ray\_private\client_mode_hook.py", line 110, in wrapper
    return func(*args, **kwargs)
           ^^^^^^^^^^^^^^^^^^^^^
  File "C:\Users\prana\OneDrive\Desktop\federated\.venv\Lib\site-packages\ray\_private\worker.py", line 2968, in get
    values, debugger_breakpoint = worker.get_objects(
                                  ^^^^^^^^^^^^^^^^^^^
  File "C:\Users\prana\OneDrive\Desktop\federated\.venv\Lib\site-packages\ray\_private\worker.py", line 1050, in get_objects
    raise value.as_instanceof_cause()
ray.exceptions.RayTaskError(ClientAppException): [36mray::ClientAppActor.run()[39m (pid=37512, ip=127.0.0.1, actor_id=16c12b961da087b031f77a1101000000, repr=<flwr.simulation.ray_transport.ray_actor.ClientAppActor object at 0x000002141FB46B10>)
                  ^^^^^^^^^^^^^^^^^^^^^^^^^^^^^^^^^^^^^
  File "C:\Users\prana\OneDrive\Desktop\federated\.venv\Lib\site-packages\flwr\client\client_app.py", line 98, in __call__
    return self._call(message, context)
           ^^^^^^^^^^^^^^^^^^^^^^^^^^^^
  File "C:\Users\prana\OneDrive\Desktop\federated\.venv\Lib\site-packages\flwr\client\client_app.py", line 81, in ffn
    out_message = handle_legacy_message_from_msgtype(
                  ^^^^^^^^^^^^^^^^^^^^^^^^^^^^^^^^^^^
  File "C:\Users\prana\OneDrive\Desktop\federated\.venv\Lib\site-packages\flwr\client\message_handler\message_handler.py", line 130, in handle_legacy_message_from_msgtype
    fit_res = maybe_call_fit(
              ^^^^^^^^^^^^^^^
  File "C:\Users\prana\OneDrive\Desktop\federated\.venv\Lib\site-packages\flwr\client\client.py", line 234, in maybe_call_fit
    return client.fit(fit_ins)
           ^^^^^^^^^^^^^^^^^^^
  File "C:\Users\prana\OneDrive\Desktop\federated\.venv\Lib\site-packages\flwr\client\numpy_client.py", line 238, in _fit
    results = self.numpy_client.fit(parameters, ins.config)  # type: ignore
              ^^^^^^^^^^^^^^^^^^^^^^^^^^^^^^^^^^^^^^^^^^^^^
  File "C:\Users\prana\OneDrive\Desktop\federated\app\federated\client.py", line 52, in fit
    self.trainer.fit(self.train_loader, self.val_loader, epochs=self.epochs,
  File "C:\Users\prana\OneDrive\Desktop\federated\app\training\trainer.py", line 37, in fit
    train_logs = self._train_epoch(train_loader, epoch, proximal_mu, global_params)
                 ^^^^^^^^^^^^^^^^^^^^^^^^^^^^^^^^^^^^^^^^^^^^^^^^^^^^^^^^^^^^^^^^^^
  File "C:\Users\prana\OneDrive\Desktop\federated\app\training\trainer.py", line 83, in _train_epoch
    output = self.model(data)
             ^^^^^^^^^^^^^^^^
  File "C:\Users\prana\OneDrive\Desktop\federated\.venv\Lib\site-packages\torch\nn\modules\module.py", line 1778, in _wrapped_call_impl
    return self._call_impl(*args, **kwargs)
           ^^^^^^^^^^^^^^^^^^^^^^^^^^^^^^^^
  File "C:\Users\prana\OneDrive\Desktop\federated\.venv\Lib\site-packages\torch\nn\modules\module.py", line 1789, in _call_impl
    return forward_call(*args, **kwargs)
           ^^^^^^^^^^^^^^^^^^^^^^^^^^^^^
  File "C:\Users\prana\OneDrive\Desktop\federated\app\models\mlp.py", line 24, in forward
    return self.network(x)
           ^^^^^^^^^^^^^^^
  File "C:\Users\prana\OneDrive\Desktop\federated\.venv\Lib\site-packages\torch\nn\modules\module.py", line 1778, in _wrapped_call_impl
    return self._call_impl(*args, **kwargs)
           ^^^^^^^^^^^^^^^^^^^^^^^^^^^^^^^^
  File "C:\Users\prana\OneDrive\Desktop\federated\.venv\Lib\site-packages\torch\nn\modules\module.py", line 1789, in _call_impl
    return forward_call(*args, **kwargs)
           ^^^^^^^^^^^^^^^^^^^^^^^^^^^^^
  File "C:\Users\prana\OneDrive\Desktop\federated\.venv\Lib\site-packages\torch\nn\modules\container.py", line 253, in forward
    input = module(input)
            ^^^^^^^^^^^^^
  File "C:\Users\prana\OneDrive\Desktop\federated\.venv\Lib\site-packages\torch\nn\modules\module.py", line 1778, in _wrapped_call_impl
    return self._call_impl(*args, **kwargs)
           ^^^^^^^^^^^^^^^^^^^^^^^^^^^^^^^^
  File "C:\Users\prana\OneDrive\Desktop\federated\.venv\Lib\site-packages\torch\nn\modules\module.py", line 1789, in _call_impl
    return forward_call(*args, **kwargs)
           ^^^^^^^^^^^^^^^^^^^^^^^^^^^^^
  File "C:\Users\prana\OneDrive\Desktop\federated\.venv\Lib\site-packages\torch\nn\modules\batchnorm.py", line 210, in forward
    return F.batch_norm(
           ^^^^^^^^^^^^^
  File "C:\Users\prana\OneDrive\Desktop\federated\.venv\Lib\site-packages\torch\nn\functional.py", line 2889, in batch_norm
    _verify_batch_size(input.size())
  File "C:\Users\prana\OneDrive\Desktop\federated\.venv\Lib\site-packages\torch\nn\functional.py", line 2854, in _verify_batch_size
    raise ValueError(
ValueError: Expected more than 1 value per channel when training, got input size torch.Size([1, 128])

The above exception was the direct cause of the following exception:

[36mray::ClientAppActor.run()[39m (pid=37512, ip=127.0.0.1, actor_id=16c12b961da087b031f77a1101000000, repr=<flwr.simulation.ray_transport.ray_actor.ClientAppActor object at 0x000002141FB46B10>)
  File "python\\ray\\_raylet.pyx", line 1836, in ray._raylet.execute_task
  File "python\\ray\\_raylet.pyx", line 1947, in ray._raylet.execute_task
  File "python\\ray\\_raylet.pyx", line 1843, in ray._raylet.execute_task
  File "python\\ray\\_raylet.pyx", line 1786, in ray._raylet.execute_task.function_executor
  File "C:\Users\prana\OneDrive\Desktop\federated\.venv\Lib\site-packages\ray\_private\function_manager.py", line 740, in actor_method_executor
    return method(__ray_actor, *args, **kwargs)
           ^^^^^^^^^^^^^^^^^^^^^^^^^^^^^^^^^^^^
  File "C:\Users\prana\OneDrive\Desktop\federated\.venv\Lib\site-packages\ray\util\tracing\tracing_helper.py", line 487, in _resume_span
    return method(self, *_args, **_kwargs)
           ^^^^^^^^^^^^^^^^^^^^^^^^^^^^^^^
  File "C:\Users\prana\OneDrive\Desktop\federated\.venv\Lib\site-packages\flwr\simulation\ray_transport\ray_actor.py", line 64, in run
    raise ClientAppException(str(ex)) from ex
flwr.client.client_app.ClientAppException: 
Exception ClientAppException occurred. Message: Expected more than 1 value per channel when training, got input size torch.Size([1, 128])

[2026-07-20 14:19:47,245][flwr][ERROR] - [36mray::ClientAppActor.run()[39m (pid=37512, ip=127.0.0.1, actor_id=16c12b961da087b031f77a1101000000, repr=<flwr.simulation.ray_transport.ray_actor.ClientAppActor object at 0x000002141FB46B10>)
                  ^^^^^^^^^^^^^^^^^^^^^^^^^^^^^^^^^^^^^
  File "C:\Users\prana\OneDrive\Desktop\federated\.venv\Lib\site-packages\flwr\client\client_app.py", line 98, in __call__
    return self._call(message, context)
           ^^^^^^^^^^^^^^^^^^^^^^^^^^^^
  File "C:\Users\prana\OneDrive\Desktop\federated\.venv\Lib\site-packages\flwr\client\client_app.py", line 81, in ffn
    out_message = handle_legacy_message_from_msgtype(
                  ^^^^^^^^^^^^^^^^^^^^^^^^^^^^^^^^^^^
  File "C:\Users\prana\OneDrive\Desktop\federated\.venv\Lib\site-packages\flwr\client\message_handler\message_handler.py", line 130, in handle_legacy_message_from_msgtype
    fit_res = maybe_call_fit(
              ^^^^^^^^^^^^^^^
  File "C:\Users\prana\OneDrive\Desktop\federated\.venv\Lib\site-packages\flwr\client\client.py", line 234, in maybe_call_fit
    return client.fit(fit_ins)
           ^^^^^^^^^^^^^^^^^^^
  File "C:\Users\prana\OneDrive\Desktop\federated\.venv\Lib\site-packages\flwr\client\numpy_client.py", line 238, in _fit
    results = self.numpy_client.fit(parameters, ins.config)  # type: ignore
              ^^^^^^^^^^^^^^^^^^^^^^^^^^^^^^^^^^^^^^^^^^^^^
  File "C:\Users\prana\OneDrive\Desktop\federated\app\federated\client.py", line 52, in fit
    self.trainer.fit(self.train_loader, self.val_loader, epochs=self.epochs,
  File "C:\Users\prana\OneDrive\Desktop\federated\app\training\trainer.py", line 37, in fit
    train_logs = self._train_epoch(train_loader, epoch, proximal_mu, global_params)
                 ^^^^^^^^^^^^^^^^^^^^^^^^^^^^^^^^^^^^^^^^^^^^^^^^^^^^^^^^^^^^^^^^^^
  File "C:\Users\prana\OneDrive\Desktop\federated\app\training\trainer.py", line 83, in _train_epoch
    output = self.model(data)
             ^^^^^^^^^^^^^^^^
  File "C:\Users\prana\OneDrive\Desktop\federated\.venv\Lib\site-packages\torch\nn\modules\module.py", line 1778, in _wrapped_call_impl
    return self._call_impl(*args, **kwargs)
           ^^^^^^^^^^^^^^^^^^^^^^^^^^^^^^^^
  File "C:\Users\prana\OneDrive\Desktop\federated\.venv\Lib\site-packages\torch\nn\modules\module.py", line 1789, in _call_impl
    return forward_call(*args, **kwargs)
           ^^^^^^^^^^^^^^^^^^^^^^^^^^^^^
  File "C:\Users\prana\OneDrive\Desktop\federated\app\models\mlp.py", line 24, in forward
    return self.network(x)
           ^^^^^^^^^^^^^^^
  File "C:\Users\prana\OneDrive\Desktop\federated\.venv\Lib\site-packages\torch\nn\modules\module.py", line 1778, in _wrapped_call_impl
    return self._call_impl(*args, **kwargs)
           ^^^^^^^^^^^^^^^^^^^^^^^^^^^^^^^^
  File "C:\Users\prana\OneDrive\Desktop\federated\.venv\Lib\site-packages\torch\nn\modules\module.py", line 1789, in _call_impl
    return forward_call(*args, **kwargs)
           ^^^^^^^^^^^^^^^^^^^^^^^^^^^^^
  File "C:\Users\prana\OneDrive\Desktop\federated\.venv\Lib\site-packages\torch\nn\modules\container.py", line 253, in forward
    input = module(input)
            ^^^^^^^^^^^^^
  File "C:\Users\prana\OneDrive\Desktop\federated\.venv\Lib\site-packages\torch\nn\modules\module.py", line 1778, in _wrapped_call_impl
    return self._call_impl(*args, **kwargs)
           ^^^^^^^^^^^^^^^^^^^^^^^^^^^^^^^^
  File "C:\Users\prana\OneDrive\Desktop\federated\.venv\Lib\site-packages\torch\nn\modules\module.py", line 1789, in _call_impl
    return forward_call(*args, **kwargs)
           ^^^^^^^^^^^^^^^^^^^^^^^^^^^^^
  File "C:\Users\prana\OneDrive\Desktop\federated\.venv\Lib\site-packages\torch\nn\modules\batchnorm.py", line 210, in forward
    return F.batch_norm(
           ^^^^^^^^^^^^^
  File "C:\Users\prana\OneDrive\Desktop\federated\.venv\Lib\site-packages\torch\nn\functional.py", line 2889, in batch_norm
    _verify_batch_size(input.size())
  File "C:\Users\prana\OneDrive\Desktop\federated\.venv\Lib\site-packages\torch\nn\functional.py", line 2854, in _verify_batch_size
    raise ValueError(
ValueError: Expected more than 1 value per channel when training, got input size torch.Size([1, 128])

The above exception was the direct cause of the following exception:

[36mray::ClientAppActor.run()[39m (pid=37512, ip=127.0.0.1, actor_id=16c12b961da087b031f77a1101000000, repr=<flwr.simulation.ray_transport.ray_actor.ClientAppActor object at 0x000002141FB46B10>)
  File "python\\ray\\_raylet.pyx", line 1836, in ray._raylet.execute_task
  File "python\\ray\\_raylet.pyx", line 1947, in ray._raylet.execute_task
  File "python\\ray\\_raylet.pyx", line 1843, in ray._raylet.execute_task
  File "python\\ray\\_raylet.pyx", line 1786, in ray._raylet.execute_task.function_executor
  File "C:\Users\prana\OneDrive\Desktop\federated\.venv\Lib\site-packages\ray\_private\function_manager.py", line 740, in actor_method_executor
    return method(__ray_actor, *args, **kwargs)
           ^^^^^^^^^^^^^^^^^^^^^^^^^^^^^^^^^^^^
  File "C:\Users\prana\OneDrive\Desktop\federated\.venv\Lib\site-packages\ray\util\tracing\tracing_helper.py", line 487, in _resume_span
    return method(self, *_args, **_kwargs)
           ^^^^^^^^^^^^^^^^^^^^^^^^^^^^^^^
  File "C:\Users\prana\OneDrive\Desktop\federated\.venv\Lib\site-packages\flwr\simulation\ray_transport\ray_actor.py", line 64, in run
    raise ClientAppException(str(ex)) from ex
flwr.client.client_app.ClientAppException: 
Exception ClientAppException occurred. Message: Expected more than 1 value per channel when training, got input size torch.Size([1, 128])
[2026-07-20 14:19:47,252][flwr][ERROR] - Traceback (most recent call last):
  File "C:\Users\prana\OneDrive\Desktop\federated\.venv\Lib\site-packages\flwr\simulation\ray_transport\ray_client_proxy.py", line 73, in _submit_job
    out_mssg, updated_context = self.actor_pool.get_client_result(
                                ^^^^^^^^^^^^^^^^^^^^^^^^^^^^^^^^^^
  File "C:\Users\prana\OneDrive\Desktop\federated\.venv\Lib\site-packages\flwr\simulation\ray_transport\ray_actor.py", line 399, in get_client_result
    return self._fetch_future_result(cid)
           ^^^^^^^^^^^^^^^^^^^^^^^^^^^^^^
  File "C:\Users\prana\OneDrive\Desktop\federated\.venv\Lib\site-packages\flwr\simulation\ray_transport\ray_actor.py", line 280, in _fetch_future_result
    res_cid, out_mssg, updated_context = ray.get(
                                         ^^^^^^^^
  File "C:\Users\prana\OneDrive\Desktop\federated\.venv\Lib\site-packages\ray\_private\auto_init_hook.py", line 22, in auto_init_wrapper
    return fn(*args, **kwargs)
           ^^^^^^^^^^^^^^^^^^^
  File "C:\Users\prana\OneDrive\Desktop\federated\.venv\Lib\site-packages\ray\_private\client_mode_hook.py", line 110, in wrapper
    return func(*args, **kwargs)
           ^^^^^^^^^^^^^^^^^^^^^
  File "C:\Users\prana\OneDrive\Desktop\federated\.venv\Lib\site-packages\ray\_private\worker.py", line 2968, in get
    values, debugger_breakpoint = worker.get_objects(
                                  ^^^^^^^^^^^^^^^^^^^
  File "C:\Users\prana\OneDrive\Desktop\federated\.venv\Lib\site-packages\ray\_private\worker.py", line 1050, in get_objects
    raise value.as_instanceof_cause()
ray.exceptions.RayTaskError(ClientAppException): [36mray::ClientAppActor.run()[39m (pid=38072, ip=127.0.0.1, actor_id=def5e5032f9707baf7af469601000000, repr=<flwr.simulation.ray_transport.ray_actor.ClientAppActor object at 0x000001DD31B62D20>)
                  ^^^^^^^^^^^^^^^^^^^^^^^^^^^^^^^^^^^^^
  File "C:\Users\prana\OneDrive\Desktop\federated\.venv\Lib\site-packages\flwr\client\client_app.py", line 98, in __call__
    return self._call(message, context)
           ^^^^^^^^^^^^^^^^^^^^^^^^^^^^
  File "C:\Users\prana\OneDrive\Desktop\federated\.venv\Lib\site-packages\flwr\client\client_app.py", line 81, in ffn
    out_message = handle_legacy_message_from_msgtype(
                  ^^^^^^^^^^^^^^^^^^^^^^^^^^^^^^^^^^^
  File "C:\Users\prana\OneDrive\Desktop\federated\.venv\Lib\site-packages\flwr\client\message_handler\message_handler.py", line 130, in handle_legacy_message_from_msgtype
    fit_res = maybe_call_fit(
              ^^^^^^^^^^^^^^^
  File "C:\Users\prana\OneDrive\Desktop\federated\.venv\Lib\site-packages\flwr\client\client.py", line 234, in maybe_call_fit
    return client.fit(fit_ins)
           ^^^^^^^^^^^^^^^^^^^
  File "C:\Users\prana\OneDrive\Desktop\federated\.venv\Lib\site-packages\flwr\client\numpy_client.py", line 238, in _fit
    results = self.numpy_client.fit(parameters, ins.config)  # type: ignore
              ^^^^^^^^^^^^^^^^^^^^^^^^^^^^^^^^^^^^^^^^^^^^^
  File "C:\Users\prana\OneDrive\Desktop\federated\app\federated\client.py", line 52, in fit
    self.trainer.fit(self.train_loader, self.val_loader, epochs=self.epochs,
  File "C:\Users\prana\OneDrive\Desktop\federated\app\training\trainer.py", line 37, in fit
    train_logs = self._train_epoch(train_loader, epoch, proximal_mu, global_params)
                 ^^^^^^^^^^^^^^^^^^^^^^^^^^^^^^^^^^^^^^^^^^^^^^^^^^^^^^^^^^^^^^^^^^
  File "C:\Users\prana\OneDrive\Desktop\federated\app\training\trainer.py", line 83, in _train_epoch
    output = self.model(data)
             ^^^^^^^^^^^^^^^^
  File "C:\Users\prana\OneDrive\Desktop\federated\.venv\Lib\site-packages\torch\nn\modules\module.py", line 1778, in _wrapped_call_impl
    return self._call_impl(*args, **kwargs)
           ^^^^^^^^^^^^^^^^^^^^^^^^^^^^^^^^
  File "C:\Users\prana\OneDrive\Desktop\federated\.venv\Lib\site-packages\torch\nn\modules\module.py", line 1789, in _call_impl
    return forward_call(*args, **kwargs)
           ^^^^^^^^^^^^^^^^^^^^^^^^^^^^^
  File "C:\Users\prana\OneDrive\Desktop\federated\app\models\mlp.py", line 24, in forward
    return self.network(x)
           ^^^^^^^^^^^^^^^
  File "C:\Users\prana\OneDrive\Desktop\federated\.venv\Lib\site-packages\torch\nn\modules\module.py", line 1778, in _wrapped_call_impl
    return self._call_impl(*args, **kwargs)
           ^^^^^^^^^^^^^^^^^^^^^^^^^^^^^^^^
  File "C:\Users\prana\OneDrive\Desktop\federated\.venv\Lib\site-packages\torch\nn\modules\module.py", line 1789, in _call_impl
    return forward_call(*args, **kwargs)
           ^^^^^^^^^^^^^^^^^^^^^^^^^^^^^
  File "C:\Users\prana\OneDrive\Desktop\federated\.venv\Lib\site-packages\torch\nn\modules\container.py", line 253, in forward
    input = module(input)
            ^^^^^^^^^^^^^
  File "C:\Users\prana\OneDrive\Desktop\federated\.venv\Lib\site-packages\torch\nn\modules\module.py", line 1778, in _wrapped_call_impl
    return self._call_impl(*args, **kwargs)
           ^^^^^^^^^^^^^^^^^^^^^^^^^^^^^^^^
  File "C:\Users\prana\OneDrive\Desktop\federated\.venv\Lib\site-packages\torch\nn\modules\module.py", line 1789, in _call_impl
    return forward_call(*args, **kwargs)
           ^^^^^^^^^^^^^^^^^^^^^^^^^^^^^
  File "C:\Users\prana\OneDrive\Desktop\federated\.venv\Lib\site-packages\torch\nn\modules\batchnorm.py", line 210, in forward
    return F.batch_norm(
           ^^^^^^^^^^^^^
  File "C:\Users\prana\OneDrive\Desktop\federated\.venv\Lib\site-packages\torch\nn\functional.py", line 2889, in batch_norm
    _verify_batch_size(input.size())
  File "C:\Users\prana\OneDrive\Desktop\federated\.venv\Lib\site-packages\torch\nn\functional.py", line 2854, in _verify_batch_size
    raise ValueError(
ValueError: Expected more than 1 value per channel when training, got input size torch.Size([1, 128])

The above exception was the direct cause of the following exception:

[36mray::ClientAppActor.run()[39m (pid=38072, ip=127.0.0.1, actor_id=def5e5032f9707baf7af469601000000, repr=<flwr.simulation.ray_transport.ray_actor.ClientAppActor object at 0x000001DD31B62D20>)
  File "python\\ray\\_raylet.pyx", line 1836, in ray._raylet.execute_task
  File "python\\ray\\_raylet.pyx", line 1947, in ray._raylet.execute_task
  File "python\\ray\\_raylet.pyx", line 1843, in ray._raylet.execute_task
  File "python\\ray\\_raylet.pyx", line 1786, in ray._raylet.execute_task.function_executor
  File "C:\Users\prana\OneDrive\Desktop\federated\.venv\Lib\site-packages\ray\_private\function_manager.py", line 740, in actor_method_executor
    return method(__ray_actor, *args, **kwargs)
           ^^^^^^^^^^^^^^^^^^^^^^^^^^^^^^^^^^^^
  File "C:\Users\prana\OneDrive\Desktop\federated\.venv\Lib\site-packages\ray\util\tracing\tracing_helper.py", line 487, in _resume_span
    return method(self, *_args, **_kwargs)
           ^^^^^^^^^^^^^^^^^^^^^^^^^^^^^^^
  File "C:\Users\prana\OneDrive\Desktop\federated\.venv\Lib\site-packages\flwr\simulation\ray_transport\ray_actor.py", line 64, in run
    raise ClientAppException(str(ex)) from ex
flwr.client.client_app.ClientAppException: 
Exception ClientAppException occurred. Message: Expected more than 1 value per channel when training, got input size torch.Size([1, 128])

[2026-07-20 14:19:47,253][flwr][ERROR] - [36mray::ClientAppActor.run()[39m (pid=38072, ip=127.0.0.1, actor_id=def5e5032f9707baf7af469601000000, repr=<flwr.simulation.ray_transport.ray_actor.ClientAppActor object at 0x000001DD31B62D20>)
                  ^^^^^^^^^^^^^^^^^^^^^^^^^^^^^^^^^^^^^
  File "C:\Users\prana\OneDrive\Desktop\federated\.venv\Lib\site-packages\flwr\client\client_app.py", line 98, in __call__
    return self._call(message, context)
           ^^^^^^^^^^^^^^^^^^^^^^^^^^^^
  File "C:\Users\prana\OneDrive\Desktop\federated\.venv\Lib\site-packages\flwr\client\client_app.py", line 81, in ffn
    out_message = handle_legacy_message_from_msgtype(
                  ^^^^^^^^^^^^^^^^^^^^^^^^^^^^^^^^^^^
  File "C:\Users\prana\OneDrive\Desktop\federated\.venv\Lib\site-packages\flwr\client\message_handler\message_handler.py", line 130, in handle_legacy_message_from_msgtype
    fit_res = maybe_call_fit(
              ^^^^^^^^^^^^^^^
  File "C:\Users\prana\OneDrive\Desktop\federated\.venv\Lib\site-packages\flwr\client\client.py", line 234, in maybe_call_fit
    return client.fit(fit_ins)
           ^^^^^^^^^^^^^^^^^^^
  File "C:\Users\prana\OneDrive\Desktop\federated\.venv\Lib\site-packages\flwr\client\numpy_client.py", line 238, in _fit
    results = self.numpy_client.fit(parameters, ins.config)  # type: ignore
              ^^^^^^^^^^^^^^^^^^^^^^^^^^^^^^^^^^^^^^^^^^^^^
  File "C:\Users\prana\OneDrive\Desktop\federated\app\federated\client.py", line 52, in fit
    self.trainer.fit(self.train_loader, self.val_loader, epochs=self.epochs,
  File "C:\Users\prana\OneDrive\Desktop\federated\app\training\trainer.py", line 37, in fit
    train_logs = self._train_epoch(train_loader, epoch, proximal_mu, global_params)
                 ^^^^^^^^^^^^^^^^^^^^^^^^^^^^^^^^^^^^^^^^^^^^^^^^^^^^^^^^^^^^^^^^^^
  File "C:\Users\prana\OneDrive\Desktop\federated\app\training\trainer.py", line 83, in _train_epoch
    output = self.model(data)
             ^^^^^^^^^^^^^^^^
  File "C:\Users\prana\OneDrive\Desktop\federated\.venv\Lib\site-packages\torch\nn\modules\module.py", line 1778, in _wrapped_call_impl
    return self._call_impl(*args, **kwargs)
           ^^^^^^^^^^^^^^^^^^^^^^^^^^^^^^^^
  File "C:\Users\prana\OneDrive\Desktop\federated\.venv\Lib\site-packages\torch\nn\modules\module.py", line 1789, in _call_impl
    return forward_call(*args, **kwargs)
           ^^^^^^^^^^^^^^^^^^^^^^^^^^^^^
  File "C:\Users\prana\OneDrive\Desktop\federated\app\models\mlp.py", line 24, in forward
    return self.network(x)
           ^^^^^^^^^^^^^^^
  File "C:\Users\prana\OneDrive\Desktop\federated\.venv\Lib\site-packages\torch\nn\modules\module.py", line 1778, in _wrapped_call_impl
    return self._call_impl(*args, **kwargs)
           ^^^^^^^^^^^^^^^^^^^^^^^^^^^^^^^^
  File "C:\Users\prana\OneDrive\Desktop\federated\.venv\Lib\site-packages\torch\nn\modules\module.py", line 1789, in _call_impl
    return forward_call(*args, **kwargs)
           ^^^^^^^^^^^^^^^^^^^^^^^^^^^^^
  File "C:\Users\prana\OneDrive\Desktop\federated\.venv\Lib\site-packages\torch\nn\modules\container.py", line 253, in forward
    input = module(input)
            ^^^^^^^^^^^^^
  File "C:\Users\prana\OneDrive\Desktop\federated\.venv\Lib\site-packages\torch\nn\modules\module.py", line 1778, in _wrapped_call_impl
    return self._call_impl(*args, **kwargs)
           ^^^^^^^^^^^^^^^^^^^^^^^^^^^^^^^^
  File "C:\Users\prana\OneDrive\Desktop\federated\.venv\Lib\site-packages\torch\nn\modules\module.py", line 1789, in _call_impl
    return forward_call(*args, **kwargs)
           ^^^^^^^^^^^^^^^^^^^^^^^^^^^^^
  File "C:\Users\prana\OneDrive\Desktop\federated\.venv\Lib\site-packages\torch\nn\modules\batchnorm.py", line 210, in forward
    return F.batch_norm(
           ^^^^^^^^^^^^^
  File "C:\Users\prana\OneDrive\Desktop\federated\.venv\Lib\site-packages\torch\nn\functional.py", line 2889, in batch_norm
    _verify_batch_size(input.size())
  File "C:\Users\prana\OneDrive\Desktop\federated\.venv\Lib\site-packages\torch\nn\functional.py", line 2854, in _verify_batch_size
    raise ValueError(
ValueError: Expected more than 1 value per channel when training, got input size torch.Size([1, 128])

The above exception was the direct cause of the following exception:

[36mray::ClientAppActor.run()[39m (pid=38072, ip=127.0.0.1, actor_id=def5e5032f9707baf7af469601000000, repr=<flwr.simulation.ray_transport.ray_actor.ClientAppActor object at 0x000001DD31B62D20>)
  File "python\\ray\\_raylet.pyx", line 1836, in ray._raylet.execute_task
  File "python\\ray\\_raylet.pyx", line 1947, in ray._raylet.execute_task
  File "python\\ray\\_raylet.pyx", line 1843, in ray._raylet.execute_task
  File "python\\ray\\_raylet.pyx", line 1786, in ray._raylet.execute_task.function_executor
  File "C:\Users\prana\OneDrive\Desktop\federated\.venv\Lib\site-packages\ray\_private\function_manager.py", line 740, in actor_method_executor
    return method(__ray_actor, *args, **kwargs)
           ^^^^^^^^^^^^^^^^^^^^^^^^^^^^^^^^^^^^
  File "C:\Users\prana\OneDrive\Desktop\federated\.venv\Lib\site-packages\ray\util\tracing\tracing_helper.py", line 487, in _resume_span
    return method(self, *_args, **_kwargs)
           ^^^^^^^^^^^^^^^^^^^^^^^^^^^^^^^
  File "C:\Users\prana\OneDrive\Desktop\federated\.venv\Lib\site-packages\flwr\simulation\ray_transport\ray_actor.py", line 64, in run
    raise ClientAppException(str(ex)) from ex
flwr.client.client_app.ClientAppException: 
Exception ClientAppException occurred. Message: Expected more than 1 value per channel when training, got input size torch.Size([1, 128])
[2026-07-20 14:19:47,254][flwr][INFO] - aggregate_fit: received 0 results and 3 failures
[2026-07-20 14:19:47,254][flwr][INFO] - configure_evaluate: strategy sampled 3 clients (out of 3)
[2026-07-20 14:19:47,281][flwr][ERROR] - Traceback (most recent call last):
  File "C:\Users\prana\OneDrive\Desktop\federated\.venv\Lib\site-packages\flwr\simulation\ray_transport\ray_client_proxy.py", line 73, in _submit_job
    out_mssg, updated_context = self.actor_pool.get_client_result(
                                ^^^^^^^^^^^^^^^^^^^^^^^^^^^^^^^^^^
  File "C:\Users\prana\OneDrive\Desktop\federated\.venv\Lib\site-packages\flwr\simulation\ray_transport\ray_actor.py", line 399, in get_client_result
    return self._fetch_future_result(cid)
           ^^^^^^^^^^^^^^^^^^^^^^^^^^^^^^
  File "C:\Users\prana\OneDrive\Desktop\federated\.venv\Lib\site-packages\flwr\simulation\ray_transport\ray_actor.py", line 280, in _fetch_future_result
    res_cid, out_mssg, updated_context = ray.get(
                                         ^^^^^^^^
  File "C:\Users\prana\OneDrive\Desktop\federated\.venv\Lib\site-packages\ray\_private\auto_init_hook.py", line 22, in auto_init_wrapper
    return fn(*args, **kwargs)
           ^^^^^^^^^^^^^^^^^^^
  File "C:\Users\prana\OneDrive\Desktop\federated\.venv\Lib\site-packages\ray\_private\client_mode_hook.py", line 110, in wrapper
    return func(*args, **kwargs)
           ^^^^^^^^^^^^^^^^^^^^^
  File "C:\Users\prana\OneDrive\Desktop\federated\.venv\Lib\site-packages\ray\_private\worker.py", line 2968, in get
    values, debugger_breakpoint = worker.get_objects(
                                  ^^^^^^^^^^^^^^^^^^^
  File "C:\Users\prana\OneDrive\Desktop\federated\.venv\Lib\site-packages\ray\_private\worker.py", line 1050, in get_objects
    raise value.as_instanceof_cause()
ray.exceptions.RayTaskError(ClientAppException): [36mray::ClientAppActor.run()[39m (pid=37512, ip=127.0.0.1, actor_id=16c12b961da087b031f77a1101000000, repr=<flwr.simulation.ray_transport.ray_actor.ClientAppActor object at 0x000002141FB46B10>)
                  ^^^^^^^^^^^^^^^^^^^^^^^^^^^^^^^^^^^^^
  File "C:\Users\prana\OneDrive\Desktop\federated\.venv\Lib\site-packages\flwr\client\client_app.py", line 98, in __call__
    return self._call(message, context)
           ^^^^^^^^^^^^^^^^^^^^^^^^^^^^
  File "C:\Users\prana\OneDrive\Desktop\federated\.venv\Lib\site-packages\flwr\client\client_app.py", line 81, in ffn
    out_message = handle_legacy_message_from_msgtype(
                  ^^^^^^^^^^^^^^^^^^^^^^^^^^^^^^^^^^^
  File "C:\Users\prana\OneDrive\Desktop\federated\.venv\Lib\site-packages\flwr\client\message_handler\message_handler.py", line 96, in handle_legacy_message_from_msgtype
    client = client_fn(str(message.metadata.partition_id))
             ^^^^^^^^^^^^^^^^^^^^^^^^^^^^^^^^^^^^^^^^^^^^^
  File "C:\Users\prana\OneDrive\Desktop\federated\scripts\federated_simulation.py", line 44, in client_fn
    train_loader = data_module.train_dataloader()
                   ^^^^^^^^^^^^^^^^^^^^^^^^^^^^^^
  File "C:\Users\prana\OneDrive\Desktop\federated\app\datasets\loader.py", line 31, in train_dataloader
    return DataLoader(self.train_dataset, batch_size=self.batch_size, shuffle=True)
           ^^^^^^^^^^^^^^^^^^^^^^^^^^^^^^^^^^^^^^^^^^^^^^^^^^^^^^^^^^^^^^^^^^^^^^^^
  File "C:\Users\prana\OneDrive\Desktop\federated\.venv\Lib\site-packages\torch\utils\data\dataloader.py", line 401, in __init__
    sampler = RandomSampler(dataset, generator=generator)  # type: ignore[arg-type]
              ^^^^^^^^^^^^^^^^^^^^^^^^^^^^^^^^^^^^^^^^^^^
  File "C:\Users\prana\OneDrive\Desktop\federated\.venv\Lib\site-packages\torch\utils\data\sampler.py", line 149, in __init__
    raise ValueError(
ValueError: num_samples should be a positive integer value, but got num_samples=0

The above exception was the direct cause of the following exception:

[36mray::ClientAppActor.run()[39m (pid=37512, ip=127.0.0.1, actor_id=16c12b961da087b031f77a1101000000, repr=<flwr.simulation.ray_transport.ray_actor.ClientAppActor object at 0x000002141FB46B10>)
  File "python\\ray\\_raylet.pyx", line 1836, in ray._raylet.execute_task
  File "python\\ray\\_raylet.pyx", line 1947, in ray._raylet.execute_task
  File "python\\ray\\_raylet.pyx", line 1843, in ray._raylet.execute_task
  File "python\\ray\\_raylet.pyx", line 1786, in ray._raylet.execute_task.function_executor
  File "C:\Users\prana\OneDrive\Desktop\federated\.venv\Lib\site-packages\ray\_private\function_manager.py", line 740, in actor_method_executor
    return method(__ray_actor, *args, **kwargs)
           ^^^^^^^^^^^^^^^^^^^^^^^^^^^^^^^^^^^^
  File "C:\Users\prana\OneDrive\Desktop\federated\.venv\Lib\site-packages\ray\util\tracing\tracing_helper.py", line 487, in _resume_span
    return method(self, *_args, **_kwargs)
           ^^^^^^^^^^^^^^^^^^^^^^^^^^^^^^^
  File "C:\Users\prana\OneDrive\Desktop\federated\.venv\Lib\site-packages\flwr\simulation\ray_transport\ray_actor.py", line 64, in run
    raise ClientAppException(str(ex)) from ex
flwr.client.client_app.ClientAppException: 
Exception ClientAppException occurred. Message: num_samples should be a positive integer value, but got num_samples=0

[2026-07-20 14:19:47,283][flwr][ERROR] - [36mray::ClientAppActor.run()[39m (pid=37512, ip=127.0.0.1, actor_id=16c12b961da087b031f77a1101000000, repr=<flwr.simulation.ray_transport.ray_actor.ClientAppActor object at 0x000002141FB46B10>)
                  ^^^^^^^^^^^^^^^^^^^^^^^^^^^^^^^^^^^^^
  File "C:\Users\prana\OneDrive\Desktop\federated\.venv\Lib\site-packages\flwr\client\client_app.py", line 98, in __call__
    return self._call(message, context)
           ^^^^^^^^^^^^^^^^^^^^^^^^^^^^
  File "C:\Users\prana\OneDrive\Desktop\federated\.venv\Lib\site-packages\flwr\client\client_app.py", line 81, in ffn
    out_message = handle_legacy_message_from_msgtype(
                  ^^^^^^^^^^^^^^^^^^^^^^^^^^^^^^^^^^^
  File "C:\Users\prana\OneDrive\Desktop\federated\.venv\Lib\site-packages\flwr\client\message_handler\message_handler.py", line 96, in handle_legacy_message_from_msgtype
    client = client_fn(str(message.metadata.partition_id))
             ^^^^^^^^^^^^^^^^^^^^^^^^^^^^^^^^^^^^^^^^^^^^^
  File "C:\Users\prana\OneDrive\Desktop\federated\scripts\federated_simulation.py", line 44, in client_fn
    train_loader = data_module.train_dataloader()
                   ^^^^^^^^^^^^^^^^^^^^^^^^^^^^^^
  File "C:\Users\prana\OneDrive\Desktop\federated\app\datasets\loader.py", line 31, in train_dataloader
    return DataLoader(self.train_dataset, batch_size=self.batch_size, shuffle=True)
           ^^^^^^^^^^^^^^^^^^^^^^^^^^^^^^^^^^^^^^^^^^^^^^^^^^^^^^^^^^^^^^^^^^^^^^^^
  File "C:\Users\prana\OneDrive\Desktop\federated\.venv\Lib\site-packages\torch\utils\data\dataloader.py", line 401, in __init__
    sampler = RandomSampler(dataset, generator=generator)  # type: ignore[arg-type]
              ^^^^^^^^^^^^^^^^^^^^^^^^^^^^^^^^^^^^^^^^^^^
  File "C:\Users\prana\OneDrive\Desktop\federated\.venv\Lib\site-packages\torch\utils\data\sampler.py", line 149, in __init__
    raise ValueError(
ValueError: num_samples should be a positive integer value, but got num_samples=0

The above exception was the direct cause of the following exception:

[36mray::ClientAppActor.run()[39m (pid=37512, ip=127.0.0.1, actor_id=16c12b961da087b031f77a1101000000, repr=<flwr.simulation.ray_transport.ray_actor.ClientAppActor object at 0x000002141FB46B10>)
  File "python\\ray\\_raylet.pyx", line 1836, in ray._raylet.execute_task
  File "python\\ray\\_raylet.pyx", line 1947, in ray._raylet.execute_task
  File "python\\ray\\_raylet.pyx", line 1843, in ray._raylet.execute_task
  File "python\\ray\\_raylet.pyx", line 1786, in ray._raylet.execute_task.function_executor
  File "C:\Users\prana\OneDrive\Desktop\federated\.venv\Lib\site-packages\ray\_private\function_manager.py", line 740, in actor_method_executor
    return method(__ray_actor, *args, **kwargs)
           ^^^^^^^^^^^^^^^^^^^^^^^^^^^^^^^^^^^^
  File "C:\Users\prana\OneDrive\Desktop\federated\.venv\Lib\site-packages\ray\util\tracing\tracing_helper.py", line 487, in _resume_span
    return method(self, *_args, **_kwargs)
           ^^^^^^^^^^^^^^^^^^^^^^^^^^^^^^^
  File "C:\Users\prana\OneDrive\Desktop\federated\.venv\Lib\site-packages\flwr\simulation\ray_transport\ray_actor.py", line 64, in run
    raise ClientAppException(str(ex)) from ex
flwr.client.client_app.ClientAppException: 
Exception ClientAppException occurred. Message: num_samples should be a positive integer value, but got num_samples=0
[2026-07-20 14:19:47,348][flwr][INFO] - aggregate_evaluate: received 2 results and 1 failures
[2026-07-20 14:19:47,404][flwr][INFO] - 
[2026-07-20 14:19:47,405][flwr][INFO] - [ROUND 3]
[2026-07-20 14:19:47,405][flwr][INFO] - configure_fit: strategy sampled 3 clients (out of 3)
[2026-07-20 14:19:47,431][flwr][ERROR] - Traceback (most recent call last):
  File "C:\Users\prana\OneDrive\Desktop\federated\.venv\Lib\site-packages\flwr\simulation\ray_transport\ray_client_proxy.py", line 73, in _submit_job
    out_mssg, updated_context = self.actor_pool.get_client_result(
                                ^^^^^^^^^^^^^^^^^^^^^^^^^^^^^^^^^^
  File "C:\Users\prana\OneDrive\Desktop\federated\.venv\Lib\site-packages\flwr\simulation\ray_transport\ray_actor.py", line 399, in get_client_result
    return self._fetch_future_result(cid)
           ^^^^^^^^^^^^^^^^^^^^^^^^^^^^^^
  File "C:\Users\prana\OneDrive\Desktop\federated\.venv\Lib\site-packages\flwr\simulation\ray_transport\ray_actor.py", line 280, in _fetch_future_result
    res_cid, out_mssg, updated_context = ray.get(
                                         ^^^^^^^^
  File "C:\Users\prana\OneDrive\Desktop\federated\.venv\Lib\site-packages\ray\_private\auto_init_hook.py", line 22, in auto_init_wrapper
    return fn(*args, **kwargs)
           ^^^^^^^^^^^^^^^^^^^
  File "C:\Users\prana\OneDrive\Desktop\federated\.venv\Lib\site-packages\ray\_private\client_mode_hook.py", line 110, in wrapper
    return func(*args, **kwargs)
           ^^^^^^^^^^^^^^^^^^^^^
  File "C:\Users\prana\OneDrive\Desktop\federated\.venv\Lib\site-packages\ray\_private\worker.py", line 2968, in get
    values, debugger_breakpoint = worker.get_objects(
                                  ^^^^^^^^^^^^^^^^^^^
  File "C:\Users\prana\OneDrive\Desktop\federated\.venv\Lib\site-packages\ray\_private\worker.py", line 1050, in get_objects
    raise value.as_instanceof_cause()
ray.exceptions.RayTaskError(ClientAppException): [36mray::ClientAppActor.run()[39m (pid=1584, ip=127.0.0.1, actor_id=748850dc6c926be8cad411a701000000, repr=<flwr.simulation.ray_transport.ray_actor.ClientAppActor object at 0x00000135CDD17050>)
                  ^^^^^^^^^^^^^^^^^^^^^^^^^^^^^^^^^^^^^
  File "C:\Users\prana\OneDrive\Desktop\federated\.venv\Lib\site-packages\flwr\client\client_app.py", line 98, in __call__
    return self._call(message, context)
           ^^^^^^^^^^^^^^^^^^^^^^^^^^^^
  File "C:\Users\prana\OneDrive\Desktop\federated\.venv\Lib\site-packages\flwr\client\client_app.py", line 81, in ffn
    out_message = handle_legacy_message_from_msgtype(
                  ^^^^^^^^^^^^^^^^^^^^^^^^^^^^^^^^^^^
  File "C:\Users\prana\OneDrive\Desktop\federated\.venv\Lib\site-packages\flwr\client\message_handler\message_handler.py", line 96, in handle_legacy_message_from_msgtype
    client = client_fn(str(message.metadata.partition_id))
             ^^^^^^^^^^^^^^^^^^^^^^^^^^^^^^^^^^^^^^^^^^^^^
  File "C:\Users\prana\OneDrive\Desktop\federated\scripts\federated_simulation.py", line 44, in client_fn
    train_loader = data_module.train_dataloader()
                   ^^^^^^^^^^^^^^^^^^^^^^^^^^^^^^
  File "C:\Users\prana\OneDrive\Desktop\federated\app\datasets\loader.py", line 31, in train_dataloader
    return DataLoader(self.train_dataset, batch_size=self.batch_size, shuffle=True)
           ^^^^^^^^^^^^^^^^^^^^^^^^^^^^^^^^^^^^^^^^^^^^^^^^^^^^^^^^^^^^^^^^^^^^^^^^
  File "C:\Users\prana\OneDrive\Desktop\federated\.venv\Lib\site-packages\torch\utils\data\dataloader.py", line 401, in __init__
    sampler = RandomSampler(dataset, generator=generator)  # type: ignore[arg-type]
              ^^^^^^^^^^^^^^^^^^^^^^^^^^^^^^^^^^^^^^^^^^^
  File "C:\Users\prana\OneDrive\Desktop\federated\.venv\Lib\site-packages\torch\utils\data\sampler.py", line 149, in __init__
    raise ValueError(
ValueError: num_samples should be a positive integer value, but got num_samples=0

The above exception was the direct cause of the following exception:

[36mray::ClientAppActor.run()[39m (pid=1584, ip=127.0.0.1, actor_id=748850dc6c926be8cad411a701000000, repr=<flwr.simulation.ray_transport.ray_actor.ClientAppActor object at 0x00000135CDD17050>)
  File "python\\ray\\_raylet.pyx", line 1836, in ray._raylet.execute_task
  File "python\\ray\\_raylet.pyx", line 1947, in ray._raylet.execute_task
  File "python\\ray\\_raylet.pyx", line 1843, in ray._raylet.execute_task
  File "python\\ray\\_raylet.pyx", line 1786, in ray._raylet.execute_task.function_executor
  File "C:\Users\prana\OneDrive\Desktop\federated\.venv\Lib\site-packages\ray\_private\function_manager.py", line 740, in actor_method_executor
    return method(__ray_actor, *args, **kwargs)
           ^^^^^^^^^^^^^^^^^^^^^^^^^^^^^^^^^^^^
  File "C:\Users\prana\OneDrive\Desktop\federated\.venv\Lib\site-packages\ray\util\tracing\tracing_helper.py", line 487, in _resume_span
    return method(self, *_args, **_kwargs)
           ^^^^^^^^^^^^^^^^^^^^^^^^^^^^^^^
  File "C:\Users\prana\OneDrive\Desktop\federated\.venv\Lib\site-packages\flwr\simulation\ray_transport\ray_actor.py", line 64, in run
    raise ClientAppException(str(ex)) from ex
flwr.client.client_app.ClientAppException: 
Exception ClientAppException occurred. Message: num_samples should be a positive integer value, but got num_samples=0

[2026-07-20 14:19:47,432][flwr][ERROR] - [36mray::ClientAppActor.run()[39m (pid=1584, ip=127.0.0.1, actor_id=748850dc6c926be8cad411a701000000, repr=<flwr.simulation.ray_transport.ray_actor.ClientAppActor object at 0x00000135CDD17050>)
                  ^^^^^^^^^^^^^^^^^^^^^^^^^^^^^^^^^^^^^
  File "C:\Users\prana\OneDrive\Desktop\federated\.venv\Lib\site-packages\flwr\client\client_app.py", line 98, in __call__
    return self._call(message, context)
           ^^^^^^^^^^^^^^^^^^^^^^^^^^^^
  File "C:\Users\prana\OneDrive\Desktop\federated\.venv\Lib\site-packages\flwr\client\client_app.py", line 81, in ffn
    out_message = handle_legacy_message_from_msgtype(
                  ^^^^^^^^^^^^^^^^^^^^^^^^^^^^^^^^^^^
  File "C:\Users\prana\OneDrive\Desktop\federated\.venv\Lib\site-packages\flwr\client\message_handler\message_handler.py", line 96, in handle_legacy_message_from_msgtype
    client = client_fn(str(message.metadata.partition_id))
             ^^^^^^^^^^^^^^^^^^^^^^^^^^^^^^^^^^^^^^^^^^^^^
  File "C:\Users\prana\OneDrive\Desktop\federated\scripts\federated_simulation.py", line 44, in client_fn
    train_loader = data_module.train_dataloader()
                   ^^^^^^^^^^^^^^^^^^^^^^^^^^^^^^
  File "C:\Users\prana\OneDrive\Desktop\federated\app\datasets\loader.py", line 31, in train_dataloader
    return DataLoader(self.train_dataset, batch_size=self.batch_size, shuffle=True)
           ^^^^^^^^^^^^^^^^^^^^^^^^^^^^^^^^^^^^^^^^^^^^^^^^^^^^^^^^^^^^^^^^^^^^^^^^
  File "C:\Users\prana\OneDrive\Desktop\federated\.venv\Lib\site-packages\torch\utils\data\dataloader.py", line 401, in __init__
    sampler = RandomSampler(dataset, generator=generator)  # type: ignore[arg-type]
              ^^^^^^^^^^^^^^^^^^^^^^^^^^^^^^^^^^^^^^^^^^^
  File "C:\Users\prana\OneDrive\Desktop\federated\.venv\Lib\site-packages\torch\utils\data\sampler.py", line 149, in __init__
    raise ValueError(
ValueError: num_samples should be a positive integer value, but got num_samples=0

The above exception was the direct cause of the following exception:

[36mray::ClientAppActor.run()[39m (pid=1584, ip=127.0.0.1, actor_id=748850dc6c926be8cad411a701000000, repr=<flwr.simulation.ray_transport.ray_actor.ClientAppActor object at 0x00000135CDD17050>)
  File "python\\ray\\_raylet.pyx", line 1836, in ray._raylet.execute_task
  File "python\\ray\\_raylet.pyx", line 1947, in ray._raylet.execute_task
  File "python\\ray\\_raylet.pyx", line 1843, in ray._raylet.execute_task
  File "python\\ray\\_raylet.pyx", line 1786, in ray._raylet.execute_task.function_executor
  File "C:\Users\prana\OneDrive\Desktop\federated\.venv\Lib\site-packages\ray\_private\function_manager.py", line 740, in actor_method_executor
    return method(__ray_actor, *args, **kwargs)
           ^^^^^^^^^^^^^^^^^^^^^^^^^^^^^^^^^^^^
  File "C:\Users\prana\OneDrive\Desktop\federated\.venv\Lib\site-packages\ray\util\tracing\tracing_helper.py", line 487, in _resume_span
    return method(self, *_args, **_kwargs)
           ^^^^^^^^^^^^^^^^^^^^^^^^^^^^^^^
  File "C:\Users\prana\OneDrive\Desktop\federated\.venv\Lib\site-packages\flwr\simulation\ray_transport\ray_actor.py", line 64, in run
    raise ClientAppException(str(ex)) from ex
flwr.client.client_app.ClientAppException: 
Exception ClientAppException occurred. Message: num_samples should be a positive integer value, but got num_samples=0
[2026-07-20 14:19:47,509][flwr][ERROR] - Traceback (most recent call last):
  File "C:\Users\prana\OneDrive\Desktop\federated\.venv\Lib\site-packages\flwr\simulation\ray_transport\ray_client_proxy.py", line 73, in _submit_job
    out_mssg, updated_context = self.actor_pool.get_client_result(
                                ^^^^^^^^^^^^^^^^^^^^^^^^^^^^^^^^^^
  File "C:\Users\prana\OneDrive\Desktop\federated\.venv\Lib\site-packages\flwr\simulation\ray_transport\ray_actor.py", line 399, in get_client_result
    return self._fetch_future_result(cid)
           ^^^^^^^^^^^^^^^^^^^^^^^^^^^^^^
  File "C:\Users\prana\OneDrive\Desktop\federated\.venv\Lib\site-packages\flwr\simulation\ray_transport\ray_actor.py", line 280, in _fetch_future_result
    res_cid, out_mssg, updated_context = ray.get(
                                         ^^^^^^^^
  File "C:\Users\prana\OneDrive\Desktop\federated\.venv\Lib\site-packages\ray\_private\auto_init_hook.py", line 22, in auto_init_wrapper
    return fn(*args, **kwargs)
           ^^^^^^^^^^^^^^^^^^^
  File "C:\Users\prana\OneDrive\Desktop\federated\.venv\Lib\site-packages\ray\_private\client_mode_hook.py", line 110, in wrapper
    return func(*args, **kwargs)
           ^^^^^^^^^^^^^^^^^^^^^
  File "C:\Users\prana\OneDrive\Desktop\federated\.venv\Lib\site-packages\ray\_private\worker.py", line 2968, in get
    values, debugger_breakpoint = worker.get_objects(
                                  ^^^^^^^^^^^^^^^^^^^
  File "C:\Users\prana\OneDrive\Desktop\federated\.venv\Lib\site-packages\ray\_private\worker.py", line 1050, in get_objects
    raise value.as_instanceof_cause()
ray.exceptions.RayTaskError(ClientAppException): [36mray::ClientAppActor.run()[39m (pid=38072, ip=127.0.0.1, actor_id=def5e5032f9707baf7af469601000000, repr=<flwr.simulation.ray_transport.ray_actor.ClientAppActor object at 0x000001DD31B62D20>)
                  ^^^^^^^^^^^^^^^^^^^^^^^^^^^^^^^^^^^^^
  File "C:\Users\prana\OneDrive\Desktop\federated\.venv\Lib\site-packages\flwr\client\client_app.py", line 98, in __call__
    return self._call(message, context)
           ^^^^^^^^^^^^^^^^^^^^^^^^^^^^
  File "C:\Users\prana\OneDrive\Desktop\federated\.venv\Lib\site-packages\flwr\client\client_app.py", line 81, in ffn
    out_message = handle_legacy_message_from_msgtype(
                  ^^^^^^^^^^^^^^^^^^^^^^^^^^^^^^^^^^^
  File "C:\Users\prana\OneDrive\Desktop\federated\.venv\Lib\site-packages\flwr\client\message_handler\message_handler.py", line 130, in handle_legacy_message_from_msgtype
    fit_res = maybe_call_fit(
              ^^^^^^^^^^^^^^^
  File "C:\Users\prana\OneDrive\Desktop\federated\.venv\Lib\site-packages\flwr\client\client.py", line 234, in maybe_call_fit
    return client.fit(fit_ins)
           ^^^^^^^^^^^^^^^^^^^
  File "C:\Users\prana\OneDrive\Desktop\federated\.venv\Lib\site-packages\flwr\client\numpy_client.py", line 238, in _fit
    results = self.numpy_client.fit(parameters, ins.config)  # type: ignore
              ^^^^^^^^^^^^^^^^^^^^^^^^^^^^^^^^^^^^^^^^^^^^^
  File "C:\Users\prana\OneDrive\Desktop\federated\app\federated\client.py", line 52, in fit
    self.trainer.fit(self.train_loader, self.val_loader, epochs=self.epochs,
  File "C:\Users\prana\OneDrive\Desktop\federated\app\training\trainer.py", line 37, in fit
    train_logs = self._train_epoch(train_loader, epoch, proximal_mu, global_params)
                 ^^^^^^^^^^^^^^^^^^^^^^^^^^^^^^^^^^^^^^^^^^^^^^^^^^^^^^^^^^^^^^^^^^
  File "C:\Users\prana\OneDrive\Desktop\federated\app\training\trainer.py", line 83, in _train_epoch
    output = self.model(data)
             ^^^^^^^^^^^^^^^^
  File "C:\Users\prana\OneDrive\Desktop\federated\.venv\Lib\site-packages\torch\nn\modules\module.py", line 1778, in _wrapped_call_impl
    return self._call_impl(*args, **kwargs)
           ^^^^^^^^^^^^^^^^^^^^^^^^^^^^^^^^
  File "C:\Users\prana\OneDrive\Desktop\federated\.venv\Lib\site-packages\torch\nn\modules\module.py", line 1789, in _call_impl
    return forward_call(*args, **kwargs)
           ^^^^^^^^^^^^^^^^^^^^^^^^^^^^^
  File "C:\Users\prana\OneDrive\Desktop\federated\app\models\mlp.py", line 24, in forward
    return self.network(x)
           ^^^^^^^^^^^^^^^
  File "C:\Users\prana\OneDrive\Desktop\federated\.venv\Lib\site-packages\torch\nn\modules\module.py", line 1778, in _wrapped_call_impl
    return self._call_impl(*args, **kwargs)
           ^^^^^^^^^^^^^^^^^^^^^^^^^^^^^^^^
  File "C:\Users\prana\OneDrive\Desktop\federated\.venv\Lib\site-packages\torch\nn\modules\module.py", line 1789, in _call_impl
    return forward_call(*args, **kwargs)
           ^^^^^^^^^^^^^^^^^^^^^^^^^^^^^
  File "C:\Users\prana\OneDrive\Desktop\federated\.venv\Lib\site-packages\torch\nn\modules\container.py", line 253, in forward
    input = module(input)
            ^^^^^^^^^^^^^
  File "C:\Users\prana\OneDrive\Desktop\federated\.venv\Lib\site-packages\torch\nn\modules\module.py", line 1778, in _wrapped_call_impl
    return self._call_impl(*args, **kwargs)
           ^^^^^^^^^^^^^^^^^^^^^^^^^^^^^^^^
  File "C:\Users\prana\OneDrive\Desktop\federated\.venv\Lib\site-packages\torch\nn\modules\module.py", line 1789, in _call_impl
    return forward_call(*args, **kwargs)
           ^^^^^^^^^^^^^^^^^^^^^^^^^^^^^
  File "C:\Users\prana\OneDrive\Desktop\federated\.venv\Lib\site-packages\torch\nn\modules\batchnorm.py", line 210, in forward
    return F.batch_norm(
           ^^^^^^^^^^^^^
  File "C:\Users\prana\OneDrive\Desktop\federated\.venv\Lib\site-packages\torch\nn\functional.py", line 2889, in batch_norm
    _verify_batch_size(input.size())
  File "C:\Users\prana\OneDrive\Desktop\federated\.venv\Lib\site-packages\torch\nn\functional.py", line 2854, in _verify_batch_size
    raise ValueError(
ValueError: Expected more than 1 value per channel when training, got input size torch.Size([1, 128])

The above exception was the direct cause of the following exception:

[36mray::ClientAppActor.run()[39m (pid=38072, ip=127.0.0.1, actor_id=def5e5032f9707baf7af469601000000, repr=<flwr.simulation.ray_transport.ray_actor.ClientAppActor object at 0x000001DD31B62D20>)
  File "python\\ray\\_raylet.pyx", line 1836, in ray._raylet.execute_task
  File "python\\ray\\_raylet.pyx", line 1947, in ray._raylet.execute_task
  File "python\\ray\\_raylet.pyx", line 1843, in ray._raylet.execute_task
  File "python\\ray\\_raylet.pyx", line 1786, in ray._raylet.execute_task.function_executor
  File "C:\Users\prana\OneDrive\Desktop\federated\.venv\Lib\site-packages\ray\_private\function_manager.py", line 740, in actor_method_executor
    return method(__ray_actor, *args, **kwargs)
           ^^^^^^^^^^^^^^^^^^^^^^^^^^^^^^^^^^^^
  File "C:\Users\prana\OneDrive\Desktop\federated\.venv\Lib\site-packages\ray\util\tracing\tracing_helper.py", line 487, in _resume_span
    return method(self, *_args, **_kwargs)
           ^^^^^^^^^^^^^^^^^^^^^^^^^^^^^^^
  File "C:\Users\prana\OneDrive\Desktop\federated\.venv\Lib\site-packages\flwr\simulation\ray_transport\ray_actor.py", line 64, in run
    raise ClientAppException(str(ex)) from ex
flwr.client.client_app.ClientAppException: 
Exception ClientAppException occurred. Message: Expected more than 1 value per channel when training, got input size torch.Size([1, 128])

[2026-07-20 14:19:47,511][flwr][ERROR] - [36mray::ClientAppActor.run()[39m (pid=38072, ip=127.0.0.1, actor_id=def5e5032f9707baf7af469601000000, repr=<flwr.simulation.ray_transport.ray_actor.ClientAppActor object at 0x000001DD31B62D20>)
                  ^^^^^^^^^^^^^^^^^^^^^^^^^^^^^^^^^^^^^
  File "C:\Users\prana\OneDrive\Desktop\federated\.venv\Lib\site-packages\flwr\client\client_app.py", line 98, in __call__
    return self._call(message, context)
           ^^^^^^^^^^^^^^^^^^^^^^^^^^^^
  File "C:\Users\prana\OneDrive\Desktop\federated\.venv\Lib\site-packages\flwr\client\client_app.py", line 81, in ffn
    out_message = handle_legacy_message_from_msgtype(
                  ^^^^^^^^^^^^^^^^^^^^^^^^^^^^^^^^^^^
  File "C:\Users\prana\OneDrive\Desktop\federated\.venv\Lib\site-packages\flwr\client\message_handler\message_handler.py", line 130, in handle_legacy_message_from_msgtype
    fit_res = maybe_call_fit(
              ^^^^^^^^^^^^^^^
  File "C:\Users\prana\OneDrive\Desktop\federated\.venv\Lib\site-packages\flwr\client\client.py", line 234, in maybe_call_fit
    return client.fit(fit_ins)
           ^^^^^^^^^^^^^^^^^^^
  File "C:\Users\prana\OneDrive\Desktop\federated\.venv\Lib\site-packages\flwr\client\numpy_client.py", line 238, in _fit
    results = self.numpy_client.fit(parameters, ins.config)  # type: ignore
              ^^^^^^^^^^^^^^^^^^^^^^^^^^^^^^^^^^^^^^^^^^^^^
  File "C:\Users\prana\OneDrive\Desktop\federated\app\federated\client.py", line 52, in fit
    self.trainer.fit(self.train_loader, self.val_loader, epochs=self.epochs,
  File "C:\Users\prana\OneDrive\Desktop\federated\app\training\trainer.py", line 37, in fit
    train_logs = self._train_epoch(train_loader, epoch, proximal_mu, global_params)
                 ^^^^^^^^^^^^^^^^^^^^^^^^^^^^^^^^^^^^^^^^^^^^^^^^^^^^^^^^^^^^^^^^^^
  File "C:\Users\prana\OneDrive\Desktop\federated\app\training\trainer.py", line 83, in _train_epoch
    output = self.model(data)
             ^^^^^^^^^^^^^^^^
  File "C:\Users\prana\OneDrive\Desktop\federated\.venv\Lib\site-packages\torch\nn\modules\module.py", line 1778, in _wrapped_call_impl
    return self._call_impl(*args, **kwargs)
           ^^^^^^^^^^^^^^^^^^^^^^^^^^^^^^^^
  File "C:\Users\prana\OneDrive\Desktop\federated\.venv\Lib\site-packages\torch\nn\modules\module.py", line 1789, in _call_impl
    return forward_call(*args, **kwargs)
           ^^^^^^^^^^^^^^^^^^^^^^^^^^^^^
  File "C:\Users\prana\OneDrive\Desktop\federated\app\models\mlp.py", line 24, in forward
    return self.network(x)
           ^^^^^^^^^^^^^^^
  File "C:\Users\prana\OneDrive\Desktop\federated\.venv\Lib\site-packages\torch\nn\modules\module.py", line 1778, in _wrapped_call_impl
    return self._call_impl(*args, **kwargs)
           ^^^^^^^^^^^^^^^^^^^^^^^^^^^^^^^^
  File "C:\Users\prana\OneDrive\Desktop\federated\.venv\Lib\site-packages\torch\nn\modules\module.py", line 1789, in _call_impl
    return forward_call(*args, **kwargs)
           ^^^^^^^^^^^^^^^^^^^^^^^^^^^^^
  File "C:\Users\prana\OneDrive\Desktop\federated\.venv\Lib\site-packages\torch\nn\modules\container.py", line 253, in forward
    input = module(input)
            ^^^^^^^^^^^^^
  File "C:\Users\prana\OneDrive\Desktop\federated\.venv\Lib\site-packages\torch\nn\modules\module.py", line 1778, in _wrapped_call_impl
    return self._call_impl(*args, **kwargs)
           ^^^^^^^^^^^^^^^^^^^^^^^^^^^^^^^^
  File "C:\Users\prana\OneDrive\Desktop\federated\.venv\Lib\site-packages\torch\nn\modules\module.py", line 1789, in _call_impl
    return forward_call(*args, **kwargs)
           ^^^^^^^^^^^^^^^^^^^^^^^^^^^^^
  File "C:\Users\prana\OneDrive\Desktop\federated\.venv\Lib\site-packages\torch\nn\modules\batchnorm.py", line 210, in forward
    return F.batch_norm(
           ^^^^^^^^^^^^^
  File "C:\Users\prana\OneDrive\Desktop\federated\.venv\Lib\site-packages\torch\nn\functional.py", line 2889, in batch_norm
    _verify_batch_size(input.size())
  File "C:\Users\prana\OneDrive\Desktop\federated\.venv\Lib\site-packages\torch\nn\functional.py", line 2854, in _verify_batch_size
    raise ValueError(
ValueError: Expected more than 1 value per channel when training, got input size torch.Size([1, 128])

The above exception was the direct cause of the following exception:

[36mray::ClientAppActor.run()[39m (pid=38072, ip=127.0.0.1, actor_id=def5e5032f9707baf7af469601000000, repr=<flwr.simulation.ray_transport.ray_actor.ClientAppActor object at 0x000001DD31B62D20>)
  File "python\\ray\\_raylet.pyx", line 1836, in ray._raylet.execute_task
  File "python\\ray\\_raylet.pyx", line 1947, in ray._raylet.execute_task
  File "python\\ray\\_raylet.pyx", line 1843, in ray._raylet.execute_task
  File "python\\ray\\_raylet.pyx", line 1786, in ray._raylet.execute_task.function_executor
  File "C:\Users\prana\OneDrive\Desktop\federated\.venv\Lib\site-packages\ray\_private\function_manager.py", line 740, in actor_method_executor
    return method(__ray_actor, *args, **kwargs)
           ^^^^^^^^^^^^^^^^^^^^^^^^^^^^^^^^^^^^
  File "C:\Users\prana\OneDrive\Desktop\federated\.venv\Lib\site-packages\ray\util\tracing\tracing_helper.py", line 487, in _resume_span
    return method(self, *_args, **_kwargs)
           ^^^^^^^^^^^^^^^^^^^^^^^^^^^^^^^
  File "C:\Users\prana\OneDrive\Desktop\federated\.venv\Lib\site-packages\flwr\simulation\ray_transport\ray_actor.py", line 64, in run
    raise ClientAppException(str(ex)) from ex
flwr.client.client_app.ClientAppException: 
Exception ClientAppException occurred. Message: Expected more than 1 value per channel when training, got input size torch.Size([1, 128])
[2026-07-20 14:19:47,519][flwr][ERROR] - Traceback (most recent call last):
  File "C:\Users\prana\OneDrive\Desktop\federated\.venv\Lib\site-packages\flwr\simulation\ray_transport\ray_client_proxy.py", line 73, in _submit_job
    out_mssg, updated_context = self.actor_pool.get_client_result(
                                ^^^^^^^^^^^^^^^^^^^^^^^^^^^^^^^^^^
  File "C:\Users\prana\OneDrive\Desktop\federated\.venv\Lib\site-packages\flwr\simulation\ray_transport\ray_actor.py", line 399, in get_client_result
    return self._fetch_future_result(cid)
           ^^^^^^^^^^^^^^^^^^^^^^^^^^^^^^
  File "C:\Users\prana\OneDrive\Desktop\federated\.venv\Lib\site-packages\flwr\simulation\ray_transport\ray_actor.py", line 280, in _fetch_future_result
    res_cid, out_mssg, updated_context = ray.get(
                                         ^^^^^^^^
  File "C:\Users\prana\OneDrive\Desktop\federated\.venv\Lib\site-packages\ray\_private\auto_init_hook.py", line 22, in auto_init_wrapper
    return fn(*args, **kwargs)
           ^^^^^^^^^^^^^^^^^^^
  File "C:\Users\prana\OneDrive\Desktop\federated\.venv\Lib\site-packages\ray\_private\client_mode_hook.py", line 110, in wrapper
    return func(*args, **kwargs)
           ^^^^^^^^^^^^^^^^^^^^^
  File "C:\Users\prana\OneDrive\Desktop\federated\.venv\Lib\site-packages\ray\_private\worker.py", line 2968, in get
    values, debugger_breakpoint = worker.get_objects(
                                  ^^^^^^^^^^^^^^^^^^^
  File "C:\Users\prana\OneDrive\Desktop\federated\.venv\Lib\site-packages\ray\_private\worker.py", line 1050, in get_objects
    raise value.as_instanceof_cause()
ray.exceptions.RayTaskError(ClientAppException): [36mray::ClientAppActor.run()[39m (pid=37512, ip=127.0.0.1, actor_id=16c12b961da087b031f77a1101000000, repr=<flwr.simulation.ray_transport.ray_actor.ClientAppActor object at 0x000002141FB46B10>)
                  ^^^^^^^^^^^^^^^^^^^^^^^^^^^^^^^^^^^^^
  File "C:\Users\prana\OneDrive\Desktop\federated\.venv\Lib\site-packages\flwr\client\client_app.py", line 98, in __call__
    return self._call(message, context)
           ^^^^^^^^^^^^^^^^^^^^^^^^^^^^
  File "C:\Users\prana\OneDrive\Desktop\federated\.venv\Lib\site-packages\flwr\client\client_app.py", line 81, in ffn
    out_message = handle_legacy_message_from_msgtype(
                  ^^^^^^^^^^^^^^^^^^^^^^^^^^^^^^^^^^^
  File "C:\Users\prana\OneDrive\Desktop\federated\.venv\Lib\site-packages\flwr\client\message_handler\message_handler.py", line 130, in handle_legacy_message_from_msgtype
    fit_res = maybe_call_fit(
              ^^^^^^^^^^^^^^^
  File "C:\Users\prana\OneDrive\Desktop\federated\.venv\Lib\site-packages\flwr\client\client.py", line 234, in maybe_call_fit
    return client.fit(fit_ins)
           ^^^^^^^^^^^^^^^^^^^
  File "C:\Users\prana\OneDrive\Desktop\federated\.venv\Lib\site-packages\flwr\client\numpy_client.py", line 238, in _fit
    results = self.numpy_client.fit(parameters, ins.config)  # type: ignore
              ^^^^^^^^^^^^^^^^^^^^^^^^^^^^^^^^^^^^^^^^^^^^^
  File "C:\Users\prana\OneDrive\Desktop\federated\app\federated\client.py", line 52, in fit
    self.trainer.fit(self.train_loader, self.val_loader, epochs=self.epochs,
  File "C:\Users\prana\OneDrive\Desktop\federated\app\training\trainer.py", line 37, in fit
    train_logs = self._train_epoch(train_loader, epoch, proximal_mu, global_params)
                 ^^^^^^^^^^^^^^^^^^^^^^^^^^^^^^^^^^^^^^^^^^^^^^^^^^^^^^^^^^^^^^^^^^
  File "C:\Users\prana\OneDrive\Desktop\federated\app\training\trainer.py", line 83, in _train_epoch
    output = self.model(data)
             ^^^^^^^^^^^^^^^^
  File "C:\Users\prana\OneDrive\Desktop\federated\.venv\Lib\site-packages\torch\nn\modules\module.py", line 1778, in _wrapped_call_impl
    return self._call_impl(*args, **kwargs)
           ^^^^^^^^^^^^^^^^^^^^^^^^^^^^^^^^
  File "C:\Users\prana\OneDrive\Desktop\federated\.venv\Lib\site-packages\torch\nn\modules\module.py", line 1789, in _call_impl
    return forward_call(*args, **kwargs)
           ^^^^^^^^^^^^^^^^^^^^^^^^^^^^^
  File "C:\Users\prana\OneDrive\Desktop\federated\app\models\mlp.py", line 24, in forward
    return self.network(x)
           ^^^^^^^^^^^^^^^
  File "C:\Users\prana\OneDrive\Desktop\federated\.venv\Lib\site-packages\torch\nn\modules\module.py", line 1778, in _wrapped_call_impl
    return self._call_impl(*args, **kwargs)
           ^^^^^^^^^^^^^^^^^^^^^^^^^^^^^^^^
  File "C:\Users\prana\OneDrive\Desktop\federated\.venv\Lib\site-packages\torch\nn\modules\module.py", line 1789, in _call_impl
    return forward_call(*args, **kwargs)
           ^^^^^^^^^^^^^^^^^^^^^^^^^^^^^
  File "C:\Users\prana\OneDrive\Desktop\federated\.venv\Lib\site-packages\torch\nn\modules\container.py", line 253, in forward
    input = module(input)
            ^^^^^^^^^^^^^
  File "C:\Users\prana\OneDrive\Desktop\federated\.venv\Lib\site-packages\torch\nn\modules\module.py", line 1778, in _wrapped_call_impl
    return self._call_impl(*args, **kwargs)
           ^^^^^^^^^^^^^^^^^^^^^^^^^^^^^^^^
  File "C:\Users\prana\OneDrive\Desktop\federated\.venv\Lib\site-packages\torch\nn\modules\module.py", line 1789, in _call_impl
    return forward_call(*args, **kwargs)
           ^^^^^^^^^^^^^^^^^^^^^^^^^^^^^
  File "C:\Users\prana\OneDrive\Desktop\federated\.venv\Lib\site-packages\torch\nn\modules\batchnorm.py", line 210, in forward
    return F.batch_norm(
           ^^^^^^^^^^^^^
  File "C:\Users\prana\OneDrive\Desktop\federated\.venv\Lib\site-packages\torch\nn\functional.py", line 2889, in batch_norm
    _verify_batch_size(input.size())
  File "C:\Users\prana\OneDrive\Desktop\federated\.venv\Lib\site-packages\torch\nn\functional.py", line 2854, in _verify_batch_size
    raise ValueError(
ValueError: Expected more than 1 value per channel when training, got input size torch.Size([1, 128])

The above exception was the direct cause of the following exception:

[36mray::ClientAppActor.run()[39m (pid=37512, ip=127.0.0.1, actor_id=16c12b961da087b031f77a1101000000, repr=<flwr.simulation.ray_transport.ray_actor.ClientAppActor object at 0x000002141FB46B10>)
  File "python\\ray\\_raylet.pyx", line 1836, in ray._raylet.execute_task
  File "python\\ray\\_raylet.pyx", line 1947, in ray._raylet.execute_task
  File "python\\ray\\_raylet.pyx", line 1843, in ray._raylet.execute_task
  File "python\\ray\\_raylet.pyx", line 1786, in ray._raylet.execute_task.function_executor
  File "C:\Users\prana\OneDrive\Desktop\federated\.venv\Lib\site-packages\ray\_private\function_manager.py", line 740, in actor_method_executor
    return method(__ray_actor, *args, **kwargs)
           ^^^^^^^^^^^^^^^^^^^^^^^^^^^^^^^^^^^^
  File "C:\Users\prana\OneDrive\Desktop\federated\.venv\Lib\site-packages\ray\util\tracing\tracing_helper.py", line 487, in _resume_span
    return method(self, *_args, **_kwargs)
           ^^^^^^^^^^^^^^^^^^^^^^^^^^^^^^^
  File "C:\Users\prana\OneDrive\Desktop\federated\.venv\Lib\site-packages\flwr\simulation\ray_transport\ray_actor.py", line 64, in run
    raise ClientAppException(str(ex)) from ex
flwr.client.client_app.ClientAppException: 
Exception ClientAppException occurred. Message: Expected more than 1 value per channel when training, got input size torch.Size([1, 128])

[2026-07-20 14:19:47,520][flwr][ERROR] - [36mray::ClientAppActor.run()[39m (pid=37512, ip=127.0.0.1, actor_id=16c12b961da087b031f77a1101000000, repr=<flwr.simulation.ray_transport.ray_actor.ClientAppActor object at 0x000002141FB46B10>)
                  ^^^^^^^^^^^^^^^^^^^^^^^^^^^^^^^^^^^^^
  File "C:\Users\prana\OneDrive\Desktop\federated\.venv\Lib\site-packages\flwr\client\client_app.py", line 98, in __call__
    return self._call(message, context)
           ^^^^^^^^^^^^^^^^^^^^^^^^^^^^
  File "C:\Users\prana\OneDrive\Desktop\federated\.venv\Lib\site-packages\flwr\client\client_app.py", line 81, in ffn
    out_message = handle_legacy_message_from_msgtype(
                  ^^^^^^^^^^^^^^^^^^^^^^^^^^^^^^^^^^^
  File "C:\Users\prana\OneDrive\Desktop\federated\.venv\Lib\site-packages\flwr\client\message_handler\message_handler.py", line 130, in handle_legacy_message_from_msgtype
    fit_res = maybe_call_fit(
              ^^^^^^^^^^^^^^^
  File "C:\Users\prana\OneDrive\Desktop\federated\.venv\Lib\site-packages\flwr\client\client.py", line 234, in maybe_call_fit
    return client.fit(fit_ins)
           ^^^^^^^^^^^^^^^^^^^
  File "C:\Users\prana\OneDrive\Desktop\federated\.venv\Lib\site-packages\flwr\client\numpy_client.py", line 238, in _fit
    results = self.numpy_client.fit(parameters, ins.config)  # type: ignore
              ^^^^^^^^^^^^^^^^^^^^^^^^^^^^^^^^^^^^^^^^^^^^^
  File "C:\Users\prana\OneDrive\Desktop\federated\app\federated\client.py", line 52, in fit
    self.trainer.fit(self.train_loader, self.val_loader, epochs=self.epochs,
  File "C:\Users\prana\OneDrive\Desktop\federated\app\training\trainer.py", line 37, in fit
    train_logs = self._train_epoch(train_loader, epoch, proximal_mu, global_params)
                 ^^^^^^^^^^^^^^^^^^^^^^^^^^^^^^^^^^^^^^^^^^^^^^^^^^^^^^^^^^^^^^^^^^
  File "C:\Users\prana\OneDrive\Desktop\federated\app\training\trainer.py", line 83, in _train_epoch
    output = self.model(data)
             ^^^^^^^^^^^^^^^^
  File "C:\Users\prana\OneDrive\Desktop\federated\.venv\Lib\site-packages\torch\nn\modules\module.py", line 1778, in _wrapped_call_impl
    return self._call_impl(*args, **kwargs)
           ^^^^^^^^^^^^^^^^^^^^^^^^^^^^^^^^
  File "C:\Users\prana\OneDrive\Desktop\federated\.venv\Lib\site-packages\torch\nn\modules\module.py", line 1789, in _call_impl
    return forward_call(*args, **kwargs)
           ^^^^^^^^^^^^^^^^^^^^^^^^^^^^^
  File "C:\Users\prana\OneDrive\Desktop\federated\app\models\mlp.py", line 24, in forward
    return self.network(x)
           ^^^^^^^^^^^^^^^
  File "C:\Users\prana\OneDrive\Desktop\federated\.venv\Lib\site-packages\torch\nn\modules\module.py", line 1778, in _wrapped_call_impl
    return self._call_impl(*args, **kwargs)
           ^^^^^^^^^^^^^^^^^^^^^^^^^^^^^^^^
  File "C:\Users\prana\OneDrive\Desktop\federated\.venv\Lib\site-packages\torch\nn\modules\module.py", line 1789, in _call_impl
    return forward_call(*args, **kwargs)
           ^^^^^^^^^^^^^^^^^^^^^^^^^^^^^
  File "C:\Users\prana\OneDrive\Desktop\federated\.venv\Lib\site-packages\torch\nn\modules\container.py", line 253, in forward
    input = module(input)
            ^^^^^^^^^^^^^
  File "C:\Users\prana\OneDrive\Desktop\federated\.venv\Lib\site-packages\torch\nn\modules\module.py", line 1778, in _wrapped_call_impl
    return self._call_impl(*args, **kwargs)
           ^^^^^^^^^^^^^^^^^^^^^^^^^^^^^^^^
  File "C:\Users\prana\OneDrive\Desktop\federated\.venv\Lib\site-packages\torch\nn\modules\module.py", line 1789, in _call_impl
    return forward_call(*args, **kwargs)
           ^^^^^^^^^^^^^^^^^^^^^^^^^^^^^
  File "C:\Users\prana\OneDrive\Desktop\federated\.venv\Lib\site-packages\torch\nn\modules\batchnorm.py", line 210, in forward
    return F.batch_norm(
           ^^^^^^^^^^^^^
  File "C:\Users\prana\OneDrive\Desktop\federated\.venv\Lib\site-packages\torch\nn\functional.py", line 2889, in batch_norm
    _verify_batch_size(input.size())
  File "C:\Users\prana\OneDrive\Desktop\federated\.venv\Lib\site-packages\torch\nn\functional.py", line 2854, in _verify_batch_size
    raise ValueError(
ValueError: Expected more than 1 value per channel when training, got input size torch.Size([1, 128])

The above exception was the direct cause of the following exception:

[36mray::ClientAppActor.run()[39m (pid=37512, ip=127.0.0.1, actor_id=16c12b961da087b031f77a1101000000, repr=<flwr.simulation.ray_transport.ray_actor.ClientAppActor object at 0x000002141FB46B10>)
  File "python\\ray\\_raylet.pyx", line 1836, in ray._raylet.execute_task
  File "python\\ray\\_raylet.pyx", line 1947, in ray._raylet.execute_task
  File "python\\ray\\_raylet.pyx", line 1843, in ray._raylet.execute_task
  File "python\\ray\\_raylet.pyx", line 1786, in ray._raylet.execute_task.function_executor
  File "C:\Users\prana\OneDrive\Desktop\federated\.venv\Lib\site-packages\ray\_private\function_manager.py", line 740, in actor_method_executor
    return method(__ray_actor, *args, **kwargs)
           ^^^^^^^^^^^^^^^^^^^^^^^^^^^^^^^^^^^^
  File "C:\Users\prana\OneDrive\Desktop\federated\.venv\Lib\site-packages\ray\util\tracing\tracing_helper.py", line 487, in _resume_span
    return method(self, *_args, **_kwargs)
           ^^^^^^^^^^^^^^^^^^^^^^^^^^^^^^^
  File "C:\Users\prana\OneDrive\Desktop\federated\.venv\Lib\site-packages\flwr\simulation\ray_transport\ray_actor.py", line 64, in run
    raise ClientAppException(str(ex)) from ex
flwr.client.client_app.ClientAppException: 
Exception ClientAppException occurred. Message: Expected more than 1 value per channel when training, got input size torch.Size([1, 128])
[2026-07-20 14:19:47,522][flwr][INFO] - aggregate_fit: received 0 results and 3 failures
[2026-07-20 14:19:47,523][flwr][INFO] - configure_evaluate: strategy sampled 3 clients (out of 3)
[2026-07-20 14:19:47,554][flwr][ERROR] - Traceback (most recent call last):
  File "C:\Users\prana\OneDrive\Desktop\federated\.venv\Lib\site-packages\flwr\simulation\ray_transport\ray_client_proxy.py", line 73, in _submit_job
    out_mssg, updated_context = self.actor_pool.get_client_result(
                                ^^^^^^^^^^^^^^^^^^^^^^^^^^^^^^^^^^
  File "C:\Users\prana\OneDrive\Desktop\federated\.venv\Lib\site-packages\flwr\simulation\ray_transport\ray_actor.py", line 399, in get_client_result
    return self._fetch_future_result(cid)
           ^^^^^^^^^^^^^^^^^^^^^^^^^^^^^^
  File "C:\Users\prana\OneDrive\Desktop\federated\.venv\Lib\site-packages\flwr\simulation\ray_transport\ray_actor.py", line 280, in _fetch_future_result
    res_cid, out_mssg, updated_context = ray.get(
                                         ^^^^^^^^
  File "C:\Users\prana\OneDrive\Desktop\federated\.venv\Lib\site-packages\ray\_private\auto_init_hook.py", line 22, in auto_init_wrapper
    return fn(*args, **kwargs)
           ^^^^^^^^^^^^^^^^^^^
  File "C:\Users\prana\OneDrive\Desktop\federated\.venv\Lib\site-packages\ray\_private\client_mode_hook.py", line 110, in wrapper
    return func(*args, **kwargs)
           ^^^^^^^^^^^^^^^^^^^^^
  File "C:\Users\prana\OneDrive\Desktop\federated\.venv\Lib\site-packages\ray\_private\worker.py", line 2968, in get
    values, debugger_breakpoint = worker.get_objects(
                                  ^^^^^^^^^^^^^^^^^^^
  File "C:\Users\prana\OneDrive\Desktop\federated\.venv\Lib\site-packages\ray\_private\worker.py", line 1050, in get_objects
    raise value.as_instanceof_cause()
ray.exceptions.RayTaskError(ClientAppException): [36mray::ClientAppActor.run()[39m (pid=38072, ip=127.0.0.1, actor_id=def5e5032f9707baf7af469601000000, repr=<flwr.simulation.ray_transport.ray_actor.ClientAppActor object at 0x000001DD31B62D20>)
                  ^^^^^^^^^^^^^^^^^^^^^^^^^^^^^^^^^^^^^
  File "C:\Users\prana\OneDrive\Desktop\federated\.venv\Lib\site-packages\flwr\client\client_app.py", line 98, in __call__
    return self._call(message, context)
           ^^^^^^^^^^^^^^^^^^^^^^^^^^^^
  File "C:\Users\prana\OneDrive\Desktop\federated\.venv\Lib\site-packages\flwr\client\client_app.py", line 81, in ffn
    out_message = handle_legacy_message_from_msgtype(
                  ^^^^^^^^^^^^^^^^^^^^^^^^^^^^^^^^^^^
  File "C:\Users\prana\OneDrive\Desktop\federated\.venv\Lib\site-packages\flwr\client\message_handler\message_handler.py", line 96, in handle_legacy_message_from_msgtype
    client = client_fn(str(message.metadata.partition_id))
             ^^^^^^^^^^^^^^^^^^^^^^^^^^^^^^^^^^^^^^^^^^^^^
  File "C:\Users\prana\OneDrive\Desktop\federated\scripts\federated_simulation.py", line 44, in client_fn
    train_loader = data_module.train_dataloader()
                   ^^^^^^^^^^^^^^^^^^^^^^^^^^^^^^
  File "C:\Users\prana\OneDrive\Desktop\federated\app\datasets\loader.py", line 31, in train_dataloader
    return DataLoader(self.train_dataset, batch_size=self.batch_size, shuffle=True)
           ^^^^^^^^^^^^^^^^^^^^^^^^^^^^^^^^^^^^^^^^^^^^^^^^^^^^^^^^^^^^^^^^^^^^^^^^
  File "C:\Users\prana\OneDrive\Desktop\federated\.venv\Lib\site-packages\torch\utils\data\dataloader.py", line 401, in __init__
    sampler = RandomSampler(dataset, generator=generator)  # type: ignore[arg-type]
              ^^^^^^^^^^^^^^^^^^^^^^^^^^^^^^^^^^^^^^^^^^^
  File "C:\Users\prana\OneDrive\Desktop\federated\.venv\Lib\site-packages\torch\utils\data\sampler.py", line 149, in __init__
    raise ValueError(
ValueError: num_samples should be a positive integer value, but got num_samples=0

The above exception was the direct cause of the following exception:

[36mray::ClientAppActor.run()[39m (pid=38072, ip=127.0.0.1, actor_id=def5e5032f9707baf7af469601000000, repr=<flwr.simulation.ray_transport.ray_actor.ClientAppActor object at 0x000001DD31B62D20>)
  File "python\\ray\\_raylet.pyx", line 1836, in ray._raylet.execute_task
  File "python\\ray\\_raylet.pyx", line 1947, in ray._raylet.execute_task
  File "python\\ray\\_raylet.pyx", line 1843, in ray._raylet.execute_task
  File "python\\ray\\_raylet.pyx", line 1786, in ray._raylet.execute_task.function_executor
  File "C:\Users\prana\OneDrive\Desktop\federated\.venv\Lib\site-packages\ray\_private\function_manager.py", line 740, in actor_method_executor
    return method(__ray_actor, *args, **kwargs)
           ^^^^^^^^^^^^^^^^^^^^^^^^^^^^^^^^^^^^
  File "C:\Users\prana\OneDrive\Desktop\federated\.venv\Lib\site-packages\ray\util\tracing\tracing_helper.py", line 487, in _resume_span
    return method(self, *_args, **_kwargs)
           ^^^^^^^^^^^^^^^^^^^^^^^^^^^^^^^
  File "C:\Users\prana\OneDrive\Desktop\federated\.venv\Lib\site-packages\flwr\simulation\ray_transport\ray_actor.py", line 64, in run
    raise ClientAppException(str(ex)) from ex
flwr.client.client_app.ClientAppException: 
Exception ClientAppException occurred. Message: num_samples should be a positive integer value, but got num_samples=0

[2026-07-20 14:19:47,555][flwr][ERROR] - [36mray::ClientAppActor.run()[39m (pid=38072, ip=127.0.0.1, actor_id=def5e5032f9707baf7af469601000000, repr=<flwr.simulation.ray_transport.ray_actor.ClientAppActor object at 0x000001DD31B62D20>)
                  ^^^^^^^^^^^^^^^^^^^^^^^^^^^^^^^^^^^^^
  File "C:\Users\prana\OneDrive\Desktop\federated\.venv\Lib\site-packages\flwr\client\client_app.py", line 98, in __call__
    return self._call(message, context)
           ^^^^^^^^^^^^^^^^^^^^^^^^^^^^
  File "C:\Users\prana\OneDrive\Desktop\federated\.venv\Lib\site-packages\flwr\client\client_app.py", line 81, in ffn
    out_message = handle_legacy_message_from_msgtype(
                  ^^^^^^^^^^^^^^^^^^^^^^^^^^^^^^^^^^^
  File "C:\Users\prana\OneDrive\Desktop\federated\.venv\Lib\site-packages\flwr\client\message_handler\message_handler.py", line 96, in handle_legacy_message_from_msgtype
    client = client_fn(str(message.metadata.partition_id))
             ^^^^^^^^^^^^^^^^^^^^^^^^^^^^^^^^^^^^^^^^^^^^^
  File "C:\Users\prana\OneDrive\Desktop\federated\scripts\federated_simulation.py", line 44, in client_fn
    train_loader = data_module.train_dataloader()
                   ^^^^^^^^^^^^^^^^^^^^^^^^^^^^^^
  File "C:\Users\prana\OneDrive\Desktop\federated\app\datasets\loader.py", line 31, in train_dataloader
    return DataLoader(self.train_dataset, batch_size=self.batch_size, shuffle=True)
           ^^^^^^^^^^^^^^^^^^^^^^^^^^^^^^^^^^^^^^^^^^^^^^^^^^^^^^^^^^^^^^^^^^^^^^^^
  File "C:\Users\prana\OneDrive\Desktop\federated\.venv\Lib\site-packages\torch\utils\data\dataloader.py", line 401, in __init__
    sampler = RandomSampler(dataset, generator=generator)  # type: ignore[arg-type]
              ^^^^^^^^^^^^^^^^^^^^^^^^^^^^^^^^^^^^^^^^^^^
  File "C:\Users\prana\OneDrive\Desktop\federated\.venv\Lib\site-packages\torch\utils\data\sampler.py", line 149, in __init__
    raise ValueError(
ValueError: num_samples should be a positive integer value, but got num_samples=0

The above exception was the direct cause of the following exception:

[36mray::ClientAppActor.run()[39m (pid=38072, ip=127.0.0.1, actor_id=def5e5032f9707baf7af469601000000, repr=<flwr.simulation.ray_transport.ray_actor.ClientAppActor object at 0x000001DD31B62D20>)
  File "python\\ray\\_raylet.pyx", line 1836, in ray._raylet.execute_task
  File "python\\ray\\_raylet.pyx", line 1947, in ray._raylet.execute_task
  File "python\\ray\\_raylet.pyx", line 1843, in ray._raylet.execute_task
  File "python\\ray\\_raylet.pyx", line 1786, in ray._raylet.execute_task.function_executor
  File "C:\Users\prana\OneDrive\Desktop\federated\.venv\Lib\site-packages\ray\_private\function_manager.py", line 740, in actor_method_executor
    return method(__ray_actor, *args, **kwargs)
           ^^^^^^^^^^^^^^^^^^^^^^^^^^^^^^^^^^^^
  File "C:\Users\prana\OneDrive\Desktop\federated\.venv\Lib\site-packages\ray\util\tracing\tracing_helper.py", line 487, in _resume_span
    return method(self, *_args, **_kwargs)
           ^^^^^^^^^^^^^^^^^^^^^^^^^^^^^^^
  File "C:\Users\prana\OneDrive\Desktop\federated\.venv\Lib\site-packages\flwr\simulation\ray_transport\ray_actor.py", line 64, in run
    raise ClientAppException(str(ex)) from ex
flwr.client.client_app.ClientAppException: 
Exception ClientAppException occurred. Message: num_samples should be a positive integer value, but got num_samples=0
[2026-07-20 14:19:47,574][flwr][INFO] - aggregate_evaluate: received 2 results and 1 failures
[2026-07-20 14:19:47,647][flwr][INFO] - 
[2026-07-20 14:19:47,647][flwr][INFO] - [SUMMARY]
[2026-07-20 14:19:47,648][flwr][INFO] - Run finished 3 round(s) in 18.24s
[2026-07-20 14:19:47,648][flwr][INFO] - 	History (loss, distributed):
[2026-07-20 14:19:47,648][flwr][INFO] - 		round 1: 0.9102234840393066
[2026-07-20 14:19:47,649][flwr][INFO] - 		round 2: 0.9102234840393066
[2026-07-20 14:19:47,649][flwr][INFO] - 		round 3: 0.9102234840393066
[2026-07-20 14:19:47,649][flwr][INFO] - 	History (metrics, distributed, evaluate):
[2026-07-20 14:19:47,649][flwr][INFO] - 	{'accuracy': [(1, 0.0), (2, 0.0), (3, 0.0)]}
[2026-07-20 14:19:47,649][flwr][INFO] - 
[2026-07-20 14:19:47,804][flwr][INFO] - Starting Flower simulation, config: num_rounds=3, no round_timeout
[2026-07-20 14:19:57,410][flwr][INFO] - Flower VCE: Ray initialized with resources: {'CPU': 16.0, 'node:__internal_head__': 1.0, 'node:127.0.0.1': 1.0, 'object_store_memory': 882363187.0, 'memory': 2058847437.0}
[2026-07-20 14:19:57,410][flwr][INFO] - Optimize your simulation with Flower VCE: https://flower.ai/docs/framework/how-to-run-simulations.html
[2026-07-20 14:19:57,411][flwr][INFO] - Flower VCE: Resources for each Virtual Client: {'num_cpus': 1, 'num_gpus': 0.0}
[2026-07-20 14:19:57,446][flwr][INFO] - Flower VCE: Creating VirtualClientEngineActorPool with 16 actors
[2026-07-20 14:19:57,446][flwr][INFO] - [INIT]
[2026-07-20 14:19:57,446][flwr][INFO] - Requesting initial parameters from one random client
[2026-07-20 14:20:13,289][flwr][INFO] - Received initial parameters from one random client
[2026-07-20 14:20:13,289][flwr][INFO] - Evaluating initial global parameters
[2026-07-20 14:20:13,289][flwr][INFO] - 
[2026-07-20 14:20:13,290][flwr][INFO] - [ROUND 1]
[2026-07-20 14:20:13,290][flwr][INFO] - configure_fit: strategy sampled 3 clients (out of 3)
[2026-07-20 14:20:13,722][flwr][ERROR] - Traceback (most recent call last):
  File "C:\Users\prana\OneDrive\Desktop\federated\.venv\Lib\site-packages\flwr\simulation\ray_transport\ray_client_proxy.py", line 73, in _submit_job
    out_mssg, updated_context = self.actor_pool.get_client_result(
                                ^^^^^^^^^^^^^^^^^^^^^^^^^^^^^^^^^^
  File "C:\Users\prana\OneDrive\Desktop\federated\.venv\Lib\site-packages\flwr\simulation\ray_transport\ray_actor.py", line 399, in get_client_result
    return self._fetch_future_result(cid)
           ^^^^^^^^^^^^^^^^^^^^^^^^^^^^^^
  File "C:\Users\prana\OneDrive\Desktop\federated\.venv\Lib\site-packages\flwr\simulation\ray_transport\ray_actor.py", line 280, in _fetch_future_result
    res_cid, out_mssg, updated_context = ray.get(
                                         ^^^^^^^^
  File "C:\Users\prana\OneDrive\Desktop\federated\.venv\Lib\site-packages\ray\_private\auto_init_hook.py", line 22, in auto_init_wrapper
    return fn(*args, **kwargs)
           ^^^^^^^^^^^^^^^^^^^
  File "C:\Users\prana\OneDrive\Desktop\federated\.venv\Lib\site-packages\ray\_private\client_mode_hook.py", line 110, in wrapper
    return func(*args, **kwargs)
           ^^^^^^^^^^^^^^^^^^^^^
  File "C:\Users\prana\OneDrive\Desktop\federated\.venv\Lib\site-packages\ray\_private\worker.py", line 2968, in get
    values, debugger_breakpoint = worker.get_objects(
                                  ^^^^^^^^^^^^^^^^^^^
  File "C:\Users\prana\OneDrive\Desktop\federated\.venv\Lib\site-packages\ray\_private\worker.py", line 1050, in get_objects
    raise value.as_instanceof_cause()
ray.exceptions.RayTaskError(ClientAppException): [36mray::ClientAppActor.run()[39m (pid=39060, ip=127.0.0.1, actor_id=7cc6fde5ba80aab473ecf69901000000, repr=<flwr.simulation.ray_transport.ray_actor.ClientAppActor object at 0x000001A0D580ACF0>)
                  ^^^^^^^^^^^^^^^^^^^^^^^^^^^^^^^^^^^^^
  File "C:\Users\prana\OneDrive\Desktop\federated\.venv\Lib\site-packages\flwr\client\client_app.py", line 98, in __call__
    return self._call(message, context)
           ^^^^^^^^^^^^^^^^^^^^^^^^^^^^
  File "C:\Users\prana\OneDrive\Desktop\federated\.venv\Lib\site-packages\flwr\client\client_app.py", line 81, in ffn
    out_message = handle_legacy_message_from_msgtype(
                  ^^^^^^^^^^^^^^^^^^^^^^^^^^^^^^^^^^^
  File "C:\Users\prana\OneDrive\Desktop\federated\.venv\Lib\site-packages\flwr\client\message_handler\message_handler.py", line 130, in handle_legacy_message_from_msgtype
    fit_res = maybe_call_fit(
              ^^^^^^^^^^^^^^^
  File "C:\Users\prana\OneDrive\Desktop\federated\.venv\Lib\site-packages\flwr\client\client.py", line 234, in maybe_call_fit
    return client.fit(fit_ins)
           ^^^^^^^^^^^^^^^^^^^
  File "C:\Users\prana\OneDrive\Desktop\federated\.venv\Lib\site-packages\flwr\client\numpy_client.py", line 238, in _fit
    results = self.numpy_client.fit(parameters, ins.config)  # type: ignore
              ^^^^^^^^^^^^^^^^^^^^^^^^^^^^^^^^^^^^^^^^^^^^^
  File "C:\Users\prana\OneDrive\Desktop\federated\app\federated\client.py", line 52, in fit
    self.trainer.fit(self.train_loader, self.val_loader, epochs=self.epochs,
  File "C:\Users\prana\OneDrive\Desktop\federated\app\training\trainer.py", line 37, in fit
    train_logs = self._train_epoch(train_loader, epoch, proximal_mu, global_params)
                 ^^^^^^^^^^^^^^^^^^^^^^^^^^^^^^^^^^^^^^^^^^^^^^^^^^^^^^^^^^^^^^^^^^
  File "C:\Users\prana\OneDrive\Desktop\federated\app\training\trainer.py", line 83, in _train_epoch
    output = self.model(data)
             ^^^^^^^^^^^^^^^^
  File "C:\Users\prana\OneDrive\Desktop\federated\.venv\Lib\site-packages\torch\nn\modules\module.py", line 1778, in _wrapped_call_impl
    return self._call_impl(*args, **kwargs)
           ^^^^^^^^^^^^^^^^^^^^^^^^^^^^^^^^
  File "C:\Users\prana\OneDrive\Desktop\federated\.venv\Lib\site-packages\torch\nn\modules\module.py", line 1789, in _call_impl
    return forward_call(*args, **kwargs)
           ^^^^^^^^^^^^^^^^^^^^^^^^^^^^^
  File "C:\Users\prana\OneDrive\Desktop\federated\app\models\mlp.py", line 24, in forward
    return self.network(x)
           ^^^^^^^^^^^^^^^
  File "C:\Users\prana\OneDrive\Desktop\federated\.venv\Lib\site-packages\torch\nn\modules\module.py", line 1778, in _wrapped_call_impl
    return self._call_impl(*args, **kwargs)
           ^^^^^^^^^^^^^^^^^^^^^^^^^^^^^^^^
  File "C:\Users\prana\OneDrive\Desktop\federated\.venv\Lib\site-packages\torch\nn\modules\module.py", line 1789, in _call_impl
    return forward_call(*args, **kwargs)
           ^^^^^^^^^^^^^^^^^^^^^^^^^^^^^
  File "C:\Users\prana\OneDrive\Desktop\federated\.venv\Lib\site-packages\torch\nn\modules\container.py", line 253, in forward
    input = module(input)
            ^^^^^^^^^^^^^
  File "C:\Users\prana\OneDrive\Desktop\federated\.venv\Lib\site-packages\torch\nn\modules\module.py", line 1778, in _wrapped_call_impl
    return self._call_impl(*args, **kwargs)
           ^^^^^^^^^^^^^^^^^^^^^^^^^^^^^^^^
  File "C:\Users\prana\OneDrive\Desktop\federated\.venv\Lib\site-packages\torch\nn\modules\module.py", line 1789, in _call_impl
    return forward_call(*args, **kwargs)
           ^^^^^^^^^^^^^^^^^^^^^^^^^^^^^
  File "C:\Users\prana\OneDrive\Desktop\federated\.venv\Lib\site-packages\torch\nn\modules\batchnorm.py", line 210, in forward
    return F.batch_norm(
           ^^^^^^^^^^^^^
  File "C:\Users\prana\OneDrive\Desktop\federated\.venv\Lib\site-packages\torch\nn\functional.py", line 2889, in batch_norm
    _verify_batch_size(input.size())
  File "C:\Users\prana\OneDrive\Desktop\federated\.venv\Lib\site-packages\torch\nn\functional.py", line 2854, in _verify_batch_size
    raise ValueError(
ValueError: Expected more than 1 value per channel when training, got input size torch.Size([1, 128])

The above exception was the direct cause of the following exception:

[36mray::ClientAppActor.run()[39m (pid=39060, ip=127.0.0.1, actor_id=7cc6fde5ba80aab473ecf69901000000, repr=<flwr.simulation.ray_transport.ray_actor.ClientAppActor object at 0x000001A0D580ACF0>)
  File "python\\ray\\_raylet.pyx", line 1836, in ray._raylet.execute_task
  File "python\\ray\\_raylet.pyx", line 1947, in ray._raylet.execute_task
  File "python\\ray\\_raylet.pyx", line 1843, in ray._raylet.execute_task
  File "python\\ray\\_raylet.pyx", line 1786, in ray._raylet.execute_task.function_executor
  File "C:\Users\prana\OneDrive\Desktop\federated\.venv\Lib\site-packages\ray\_private\function_manager.py", line 740, in actor_method_executor
    return method(__ray_actor, *args, **kwargs)
           ^^^^^^^^^^^^^^^^^^^^^^^^^^^^^^^^^^^^
  File "C:\Users\prana\OneDrive\Desktop\federated\.venv\Lib\site-packages\ray\util\tracing\tracing_helper.py", line 487, in _resume_span
    return method(self, *_args, **_kwargs)
           ^^^^^^^^^^^^^^^^^^^^^^^^^^^^^^^
  File "C:\Users\prana\OneDrive\Desktop\federated\.venv\Lib\site-packages\flwr\simulation\ray_transport\ray_actor.py", line 64, in run
    raise ClientAppException(str(ex)) from ex
flwr.client.client_app.ClientAppException: 
Exception ClientAppException occurred. Message: Expected more than 1 value per channel when training, got input size torch.Size([1, 128])

[2026-07-20 14:20:13,723][flwr][ERROR] - [36mray::ClientAppActor.run()[39m (pid=39060, ip=127.0.0.1, actor_id=7cc6fde5ba80aab473ecf69901000000, repr=<flwr.simulation.ray_transport.ray_actor.ClientAppActor object at 0x000001A0D580ACF0>)
                  ^^^^^^^^^^^^^^^^^^^^^^^^^^^^^^^^^^^^^
  File "C:\Users\prana\OneDrive\Desktop\federated\.venv\Lib\site-packages\flwr\client\client_app.py", line 98, in __call__
    return self._call(message, context)
           ^^^^^^^^^^^^^^^^^^^^^^^^^^^^
  File "C:\Users\prana\OneDrive\Desktop\federated\.venv\Lib\site-packages\flwr\client\client_app.py", line 81, in ffn
    out_message = handle_legacy_message_from_msgtype(
                  ^^^^^^^^^^^^^^^^^^^^^^^^^^^^^^^^^^^
  File "C:\Users\prana\OneDrive\Desktop\federated\.venv\Lib\site-packages\flwr\client\message_handler\message_handler.py", line 130, in handle_legacy_message_from_msgtype
    fit_res = maybe_call_fit(
              ^^^^^^^^^^^^^^^
  File "C:\Users\prana\OneDrive\Desktop\federated\.venv\Lib\site-packages\flwr\client\client.py", line 234, in maybe_call_fit
    return client.fit(fit_ins)
           ^^^^^^^^^^^^^^^^^^^
  File "C:\Users\prana\OneDrive\Desktop\federated\.venv\Lib\site-packages\flwr\client\numpy_client.py", line 238, in _fit
    results = self.numpy_client.fit(parameters, ins.config)  # type: ignore
              ^^^^^^^^^^^^^^^^^^^^^^^^^^^^^^^^^^^^^^^^^^^^^
  File "C:\Users\prana\OneDrive\Desktop\federated\app\federated\client.py", line 52, in fit
    self.trainer.fit(self.train_loader, self.val_loader, epochs=self.epochs,
  File "C:\Users\prana\OneDrive\Desktop\federated\app\training\trainer.py", line 37, in fit
    train_logs = self._train_epoch(train_loader, epoch, proximal_mu, global_params)
                 ^^^^^^^^^^^^^^^^^^^^^^^^^^^^^^^^^^^^^^^^^^^^^^^^^^^^^^^^^^^^^^^^^^
  File "C:\Users\prana\OneDrive\Desktop\federated\app\training\trainer.py", line 83, in _train_epoch
    output = self.model(data)
             ^^^^^^^^^^^^^^^^
  File "C:\Users\prana\OneDrive\Desktop\federated\.venv\Lib\site-packages\torch\nn\modules\module.py", line 1778, in _wrapped_call_impl
    return self._call_impl(*args, **kwargs)
           ^^^^^^^^^^^^^^^^^^^^^^^^^^^^^^^^
  File "C:\Users\prana\OneDrive\Desktop\federated\.venv\Lib\site-packages\torch\nn\modules\module.py", line 1789, in _call_impl
    return forward_call(*args, **kwargs)
           ^^^^^^^^^^^^^^^^^^^^^^^^^^^^^
  File "C:\Users\prana\OneDrive\Desktop\federated\app\models\mlp.py", line 24, in forward
    return self.network(x)
           ^^^^^^^^^^^^^^^
  File "C:\Users\prana\OneDrive\Desktop\federated\.venv\Lib\site-packages\torch\nn\modules\module.py", line 1778, in _wrapped_call_impl
    return self._call_impl(*args, **kwargs)
           ^^^^^^^^^^^^^^^^^^^^^^^^^^^^^^^^
  File "C:\Users\prana\OneDrive\Desktop\federated\.venv\Lib\site-packages\torch\nn\modules\module.py", line 1789, in _call_impl
    return forward_call(*args, **kwargs)
           ^^^^^^^^^^^^^^^^^^^^^^^^^^^^^
  File "C:\Users\prana\OneDrive\Desktop\federated\.venv\Lib\site-packages\torch\nn\modules\container.py", line 253, in forward
    input = module(input)
            ^^^^^^^^^^^^^
  File "C:\Users\prana\OneDrive\Desktop\federated\.venv\Lib\site-packages\torch\nn\modules\module.py", line 1778, in _wrapped_call_impl
    return self._call_impl(*args, **kwargs)
           ^^^^^^^^^^^^^^^^^^^^^^^^^^^^^^^^
  File "C:\Users\prana\OneDrive\Desktop\federated\.venv\Lib\site-packages\torch\nn\modules\module.py", line 1789, in _call_impl
    return forward_call(*args, **kwargs)
           ^^^^^^^^^^^^^^^^^^^^^^^^^^^^^
  File "C:\Users\prana\OneDrive\Desktop\federated\.venv\Lib\site-packages\torch\nn\modules\batchnorm.py", line 210, in forward
    return F.batch_norm(
           ^^^^^^^^^^^^^
  File "C:\Users\prana\OneDrive\Desktop\federated\.venv\Lib\site-packages\torch\nn\functional.py", line 2889, in batch_norm
    _verify_batch_size(input.size())
  File "C:\Users\prana\OneDrive\Desktop\federated\.venv\Lib\site-packages\torch\nn\functional.py", line 2854, in _verify_batch_size
    raise ValueError(
ValueError: Expected more than 1 value per channel when training, got input size torch.Size([1, 128])

The above exception was the direct cause of the following exception:

[36mray::ClientAppActor.run()[39m (pid=39060, ip=127.0.0.1, actor_id=7cc6fde5ba80aab473ecf69901000000, repr=<flwr.simulation.ray_transport.ray_actor.ClientAppActor object at 0x000001A0D580ACF0>)
  File "python\\ray\\_raylet.pyx", line 1836, in ray._raylet.execute_task
  File "python\\ray\\_raylet.pyx", line 1947, in ray._raylet.execute_task
  File "python\\ray\\_raylet.pyx", line 1843, in ray._raylet.execute_task
  File "python\\ray\\_raylet.pyx", line 1786, in ray._raylet.execute_task.function_executor
  File "C:\Users\prana\OneDrive\Desktop\federated\.venv\Lib\site-packages\ray\_private\function_manager.py", line 740, in actor_method_executor
    return method(__ray_actor, *args, **kwargs)
           ^^^^^^^^^^^^^^^^^^^^^^^^^^^^^^^^^^^^
  File "C:\Users\prana\OneDrive\Desktop\federated\.venv\Lib\site-packages\ray\util\tracing\tracing_helper.py", line 487, in _resume_span
    return method(self, *_args, **_kwargs)
           ^^^^^^^^^^^^^^^^^^^^^^^^^^^^^^^
  File "C:\Users\prana\OneDrive\Desktop\federated\.venv\Lib\site-packages\flwr\simulation\ray_transport\ray_actor.py", line 64, in run
    raise ClientAppException(str(ex)) from ex
flwr.client.client_app.ClientAppException: 
Exception ClientAppException occurred. Message: Expected more than 1 value per channel when training, got input size torch.Size([1, 128])
[2026-07-20 14:20:20,867][flwr][ERROR] - Traceback (most recent call last):
  File "C:\Users\prana\OneDrive\Desktop\federated\.venv\Lib\site-packages\flwr\simulation\ray_transport\ray_client_proxy.py", line 73, in _submit_job
    out_mssg, updated_context = self.actor_pool.get_client_result(
                                ^^^^^^^^^^^^^^^^^^^^^^^^^^^^^^^^^^
  File "C:\Users\prana\OneDrive\Desktop\federated\.venv\Lib\site-packages\flwr\simulation\ray_transport\ray_actor.py", line 399, in get_client_result
    return self._fetch_future_result(cid)
           ^^^^^^^^^^^^^^^^^^^^^^^^^^^^^^
  File "C:\Users\prana\OneDrive\Desktop\federated\.venv\Lib\site-packages\flwr\simulation\ray_transport\ray_actor.py", line 280, in _fetch_future_result
    res_cid, out_mssg, updated_context = ray.get(
                                         ^^^^^^^^
  File "C:\Users\prana\OneDrive\Desktop\federated\.venv\Lib\site-packages\ray\_private\auto_init_hook.py", line 22, in auto_init_wrapper
    return fn(*args, **kwargs)
           ^^^^^^^^^^^^^^^^^^^
  File "C:\Users\prana\OneDrive\Desktop\federated\.venv\Lib\site-packages\ray\_private\client_mode_hook.py", line 110, in wrapper
    return func(*args, **kwargs)
           ^^^^^^^^^^^^^^^^^^^^^
  File "C:\Users\prana\OneDrive\Desktop\federated\.venv\Lib\site-packages\ray\_private\worker.py", line 2968, in get
    values, debugger_breakpoint = worker.get_objects(
                                  ^^^^^^^^^^^^^^^^^^^
  File "C:\Users\prana\OneDrive\Desktop\federated\.venv\Lib\site-packages\ray\_private\worker.py", line 1050, in get_objects
    raise value.as_instanceof_cause()
ray.exceptions.RayTaskError(ClientAppException): [36mray::ClientAppActor.run()[39m (pid=38708, ip=127.0.0.1, actor_id=133d957a37215074bbbb012401000000, repr=<flwr.simulation.ray_transport.ray_actor.ClientAppActor object at 0x000002BC8AD36ED0>)
                  ^^^^^^^^^^^^^^^^^^^^^^^^^^^^^^^^^^^^^
  File "C:\Users\prana\OneDrive\Desktop\federated\.venv\Lib\site-packages\flwr\client\client_app.py", line 98, in __call__
    return self._call(message, context)
           ^^^^^^^^^^^^^^^^^^^^^^^^^^^^
  File "C:\Users\prana\OneDrive\Desktop\federated\.venv\Lib\site-packages\flwr\client\client_app.py", line 81, in ffn
    out_message = handle_legacy_message_from_msgtype(
                  ^^^^^^^^^^^^^^^^^^^^^^^^^^^^^^^^^^^
  File "C:\Users\prana\OneDrive\Desktop\federated\.venv\Lib\site-packages\flwr\client\message_handler\message_handler.py", line 96, in handle_legacy_message_from_msgtype
    client = client_fn(str(message.metadata.partition_id))
             ^^^^^^^^^^^^^^^^^^^^^^^^^^^^^^^^^^^^^^^^^^^^^
  File "C:\Users\prana\OneDrive\Desktop\federated\scripts\federated_simulation.py", line 44, in client_fn
    train_loader = data_module.train_dataloader()
                   ^^^^^^^^^^^^^^^^^^^^^^^^^^^^^^
  File "C:\Users\prana\OneDrive\Desktop\federated\app\datasets\loader.py", line 31, in train_dataloader
    return DataLoader(self.train_dataset, batch_size=self.batch_size, shuffle=True)
           ^^^^^^^^^^^^^^^^^^^^^^^^^^^^^^^^^^^^^^^^^^^^^^^^^^^^^^^^^^^^^^^^^^^^^^^^
  File "C:\Users\prana\OneDrive\Desktop\federated\.venv\Lib\site-packages\torch\utils\data\dataloader.py", line 401, in __init__
    sampler = RandomSampler(dataset, generator=generator)  # type: ignore[arg-type]
              ^^^^^^^^^^^^^^^^^^^^^^^^^^^^^^^^^^^^^^^^^^^
  File "C:\Users\prana\OneDrive\Desktop\federated\.venv\Lib\site-packages\torch\utils\data\sampler.py", line 149, in __init__
    raise ValueError(
ValueError: num_samples should be a positive integer value, but got num_samples=0

The above exception was the direct cause of the following exception:

[36mray::ClientAppActor.run()[39m (pid=38708, ip=127.0.0.1, actor_id=133d957a37215074bbbb012401000000, repr=<flwr.simulation.ray_transport.ray_actor.ClientAppActor object at 0x000002BC8AD36ED0>)
  File "python\\ray\\_raylet.pyx", line 1836, in ray._raylet.execute_task
  File "python\\ray\\_raylet.pyx", line 1947, in ray._raylet.execute_task
  File "python\\ray\\_raylet.pyx", line 1843, in ray._raylet.execute_task
  File "python\\ray\\_raylet.pyx", line 1786, in ray._raylet.execute_task.function_executor
  File "C:\Users\prana\OneDrive\Desktop\federated\.venv\Lib\site-packages\ray\_private\function_manager.py", line 740, in actor_method_executor
    return method(__ray_actor, *args, **kwargs)
           ^^^^^^^^^^^^^^^^^^^^^^^^^^^^^^^^^^^^
  File "C:\Users\prana\OneDrive\Desktop\federated\.venv\Lib\site-packages\ray\util\tracing\tracing_helper.py", line 487, in _resume_span
    return method(self, *_args, **_kwargs)
           ^^^^^^^^^^^^^^^^^^^^^^^^^^^^^^^
  File "C:\Users\prana\OneDrive\Desktop\federated\.venv\Lib\site-packages\flwr\simulation\ray_transport\ray_actor.py", line 64, in run
    raise ClientAppException(str(ex)) from ex
flwr.client.client_app.ClientAppException: 
Exception ClientAppException occurred. Message: num_samples should be a positive integer value, but got num_samples=0

[2026-07-20 14:20:20,869][flwr][ERROR] - [36mray::ClientAppActor.run()[39m (pid=38708, ip=127.0.0.1, actor_id=133d957a37215074bbbb012401000000, repr=<flwr.simulation.ray_transport.ray_actor.ClientAppActor object at 0x000002BC8AD36ED0>)
                  ^^^^^^^^^^^^^^^^^^^^^^^^^^^^^^^^^^^^^
  File "C:\Users\prana\OneDrive\Desktop\federated\.venv\Lib\site-packages\flwr\client\client_app.py", line 98, in __call__
    return self._call(message, context)
           ^^^^^^^^^^^^^^^^^^^^^^^^^^^^
  File "C:\Users\prana\OneDrive\Desktop\federated\.venv\Lib\site-packages\flwr\client\client_app.py", line 81, in ffn
    out_message = handle_legacy_message_from_msgtype(
                  ^^^^^^^^^^^^^^^^^^^^^^^^^^^^^^^^^^^
  File "C:\Users\prana\OneDrive\Desktop\federated\.venv\Lib\site-packages\flwr\client\message_handler\message_handler.py", line 96, in handle_legacy_message_from_msgtype
    client = client_fn(str(message.metadata.partition_id))
             ^^^^^^^^^^^^^^^^^^^^^^^^^^^^^^^^^^^^^^^^^^^^^
  File "C:\Users\prana\OneDrive\Desktop\federated\scripts\federated_simulation.py", line 44, in client_fn
    train_loader = data_module.train_dataloader()
                   ^^^^^^^^^^^^^^^^^^^^^^^^^^^^^^
  File "C:\Users\prana\OneDrive\Desktop\federated\app\datasets\loader.py", line 31, in train_dataloader
    return DataLoader(self.train_dataset, batch_size=self.batch_size, shuffle=True)
           ^^^^^^^^^^^^^^^^^^^^^^^^^^^^^^^^^^^^^^^^^^^^^^^^^^^^^^^^^^^^^^^^^^^^^^^^
  File "C:\Users\prana\OneDrive\Desktop\federated\.venv\Lib\site-packages\torch\utils\data\dataloader.py", line 401, in __init__
    sampler = RandomSampler(dataset, generator=generator)  # type: ignore[arg-type]
              ^^^^^^^^^^^^^^^^^^^^^^^^^^^^^^^^^^^^^^^^^^^
  File "C:\Users\prana\OneDrive\Desktop\federated\.venv\Lib\site-packages\torch\utils\data\sampler.py", line 149, in __init__
    raise ValueError(
ValueError: num_samples should be a positive integer value, but got num_samples=0

The above exception was the direct cause of the following exception:

[36mray::ClientAppActor.run()[39m (pid=38708, ip=127.0.0.1, actor_id=133d957a37215074bbbb012401000000, repr=<flwr.simulation.ray_transport.ray_actor.ClientAppActor object at 0x000002BC8AD36ED0>)
  File "python\\ray\\_raylet.pyx", line 1836, in ray._raylet.execute_task
  File "python\\ray\\_raylet.pyx", line 1947, in ray._raylet.execute_task
  File "python\\ray\\_raylet.pyx", line 1843, in ray._raylet.execute_task
  File "python\\ray\\_raylet.pyx", line 1786, in ray._raylet.execute_task.function_executor
  File "C:\Users\prana\OneDrive\Desktop\federated\.venv\Lib\site-packages\ray\_private\function_manager.py", line 740, in actor_method_executor
    return method(__ray_actor, *args, **kwargs)
           ^^^^^^^^^^^^^^^^^^^^^^^^^^^^^^^^^^^^
  File "C:\Users\prana\OneDrive\Desktop\federated\.venv\Lib\site-packages\ray\util\tracing\tracing_helper.py", line 487, in _resume_span
    return method(self, *_args, **_kwargs)
           ^^^^^^^^^^^^^^^^^^^^^^^^^^^^^^^
  File "C:\Users\prana\OneDrive\Desktop\federated\.venv\Lib\site-packages\flwr\simulation\ray_transport\ray_actor.py", line 64, in run
    raise ClientAppException(str(ex)) from ex
flwr.client.client_app.ClientAppException: 
Exception ClientAppException occurred. Message: num_samples should be a positive integer value, but got num_samples=0
[2026-07-20 14:20:23,899][flwr][ERROR] - Traceback (most recent call last):
  File "C:\Users\prana\OneDrive\Desktop\federated\.venv\Lib\site-packages\flwr\simulation\ray_transport\ray_client_proxy.py", line 73, in _submit_job
    out_mssg, updated_context = self.actor_pool.get_client_result(
                                ^^^^^^^^^^^^^^^^^^^^^^^^^^^^^^^^^^
  File "C:\Users\prana\OneDrive\Desktop\federated\.venv\Lib\site-packages\flwr\simulation\ray_transport\ray_actor.py", line 399, in get_client_result
    return self._fetch_future_result(cid)
           ^^^^^^^^^^^^^^^^^^^^^^^^^^^^^^
  File "C:\Users\prana\OneDrive\Desktop\federated\.venv\Lib\site-packages\flwr\simulation\ray_transport\ray_actor.py", line 280, in _fetch_future_result
    res_cid, out_mssg, updated_context = ray.get(
                                         ^^^^^^^^
  File "C:\Users\prana\OneDrive\Desktop\federated\.venv\Lib\site-packages\ray\_private\auto_init_hook.py", line 22, in auto_init_wrapper
    return fn(*args, **kwargs)
           ^^^^^^^^^^^^^^^^^^^
  File "C:\Users\prana\OneDrive\Desktop\federated\.venv\Lib\site-packages\ray\_private\client_mode_hook.py", line 110, in wrapper
    return func(*args, **kwargs)
           ^^^^^^^^^^^^^^^^^^^^^
  File "C:\Users\prana\OneDrive\Desktop\federated\.venv\Lib\site-packages\ray\_private\worker.py", line 2968, in get
    values, debugger_breakpoint = worker.get_objects(
                                  ^^^^^^^^^^^^^^^^^^^
  File "C:\Users\prana\OneDrive\Desktop\federated\.venv\Lib\site-packages\ray\_private\worker.py", line 1050, in get_objects
    raise value.as_instanceof_cause()
ray.exceptions.RayTaskError(ClientAppException): [36mray::ClientAppActor.run()[39m (pid=37044, ip=127.0.0.1, actor_id=c5b4a99c5a110a248b607ff901000000, repr=<flwr.simulation.ray_transport.ray_actor.ClientAppActor object at 0x0000022406EA6A50>)
                  ^^^^^^^^^^^^^^^^^^^^^^^^^^^^^^^^^^^^^
  File "C:\Users\prana\OneDrive\Desktop\federated\.venv\Lib\site-packages\flwr\client\client_app.py", line 98, in __call__
    return self._call(message, context)
           ^^^^^^^^^^^^^^^^^^^^^^^^^^^^
  File "C:\Users\prana\OneDrive\Desktop\federated\.venv\Lib\site-packages\flwr\client\client_app.py", line 81, in ffn
    out_message = handle_legacy_message_from_msgtype(
                  ^^^^^^^^^^^^^^^^^^^^^^^^^^^^^^^^^^^
  File "C:\Users\prana\OneDrive\Desktop\federated\.venv\Lib\site-packages\flwr\client\message_handler\message_handler.py", line 130, in handle_legacy_message_from_msgtype
    fit_res = maybe_call_fit(
              ^^^^^^^^^^^^^^^
  File "C:\Users\prana\OneDrive\Desktop\federated\.venv\Lib\site-packages\flwr\client\client.py", line 234, in maybe_call_fit
    return client.fit(fit_ins)
           ^^^^^^^^^^^^^^^^^^^
  File "C:\Users\prana\OneDrive\Desktop\federated\.venv\Lib\site-packages\flwr\client\numpy_client.py", line 238, in _fit
    results = self.numpy_client.fit(parameters, ins.config)  # type: ignore
              ^^^^^^^^^^^^^^^^^^^^^^^^^^^^^^^^^^^^^^^^^^^^^
  File "C:\Users\prana\OneDrive\Desktop\federated\app\federated\client.py", line 52, in fit
    self.trainer.fit(self.train_loader, self.val_loader, epochs=self.epochs,
  File "C:\Users\prana\OneDrive\Desktop\federated\app\training\trainer.py", line 37, in fit
    train_logs = self._train_epoch(train_loader, epoch, proximal_mu, global_params)
                 ^^^^^^^^^^^^^^^^^^^^^^^^^^^^^^^^^^^^^^^^^^^^^^^^^^^^^^^^^^^^^^^^^^
  File "C:\Users\prana\OneDrive\Desktop\federated\app\training\trainer.py", line 83, in _train_epoch
    output = self.model(data)
             ^^^^^^^^^^^^^^^^
  File "C:\Users\prana\OneDrive\Desktop\federated\.venv\Lib\site-packages\torch\nn\modules\module.py", line 1778, in _wrapped_call_impl
    return self._call_impl(*args, **kwargs)
           ^^^^^^^^^^^^^^^^^^^^^^^^^^^^^^^^
  File "C:\Users\prana\OneDrive\Desktop\federated\.venv\Lib\site-packages\torch\nn\modules\module.py", line 1789, in _call_impl
    return forward_call(*args, **kwargs)
           ^^^^^^^^^^^^^^^^^^^^^^^^^^^^^
  File "C:\Users\prana\OneDrive\Desktop\federated\app\models\mlp.py", line 24, in forward
    return self.network(x)
           ^^^^^^^^^^^^^^^
  File "C:\Users\prana\OneDrive\Desktop\federated\.venv\Lib\site-packages\torch\nn\modules\module.py", line 1778, in _wrapped_call_impl
    return self._call_impl(*args, **kwargs)
           ^^^^^^^^^^^^^^^^^^^^^^^^^^^^^^^^
  File "C:\Users\prana\OneDrive\Desktop\federated\.venv\Lib\site-packages\torch\nn\modules\module.py", line 1789, in _call_impl
    return forward_call(*args, **kwargs)
           ^^^^^^^^^^^^^^^^^^^^^^^^^^^^^
  File "C:\Users\prana\OneDrive\Desktop\federated\.venv\Lib\site-packages\torch\nn\modules\container.py", line 253, in forward
    input = module(input)
            ^^^^^^^^^^^^^
  File "C:\Users\prana\OneDrive\Desktop\federated\.venv\Lib\site-packages\torch\nn\modules\module.py", line 1778, in _wrapped_call_impl
    return self._call_impl(*args, **kwargs)
           ^^^^^^^^^^^^^^^^^^^^^^^^^^^^^^^^
  File "C:\Users\prana\OneDrive\Desktop\federated\.venv\Lib\site-packages\torch\nn\modules\module.py", line 1789, in _call_impl
    return forward_call(*args, **kwargs)
           ^^^^^^^^^^^^^^^^^^^^^^^^^^^^^
  File "C:\Users\prana\OneDrive\Desktop\federated\.venv\Lib\site-packages\torch\nn\modules\batchnorm.py", line 210, in forward
    return F.batch_norm(
           ^^^^^^^^^^^^^
  File "C:\Users\prana\OneDrive\Desktop\federated\.venv\Lib\site-packages\torch\nn\functional.py", line 2889, in batch_norm
    _verify_batch_size(input.size())
  File "C:\Users\prana\OneDrive\Desktop\federated\.venv\Lib\site-packages\torch\nn\functional.py", line 2854, in _verify_batch_size
    raise ValueError(
ValueError: Expected more than 1 value per channel when training, got input size torch.Size([1, 128])

The above exception was the direct cause of the following exception:

[36mray::ClientAppActor.run()[39m (pid=37044, ip=127.0.0.1, actor_id=c5b4a99c5a110a248b607ff901000000, repr=<flwr.simulation.ray_transport.ray_actor.ClientAppActor object at 0x0000022406EA6A50>)
  File "python\\ray\\_raylet.pyx", line 1836, in ray._raylet.execute_task
  File "python\\ray\\_raylet.pyx", line 1947, in ray._raylet.execute_task
  File "python\\ray\\_raylet.pyx", line 1843, in ray._raylet.execute_task
  File "python\\ray\\_raylet.pyx", line 1786, in ray._raylet.execute_task.function_executor
  File "C:\Users\prana\OneDrive\Desktop\federated\.venv\Lib\site-packages\ray\_private\function_manager.py", line 740, in actor_method_executor
    return method(__ray_actor, *args, **kwargs)
           ^^^^^^^^^^^^^^^^^^^^^^^^^^^^^^^^^^^^
  File "C:\Users\prana\OneDrive\Desktop\federated\.venv\Lib\site-packages\ray\util\tracing\tracing_helper.py", line 487, in _resume_span
    return method(self, *_args, **_kwargs)
           ^^^^^^^^^^^^^^^^^^^^^^^^^^^^^^^
  File "C:\Users\prana\OneDrive\Desktop\federated\.venv\Lib\site-packages\flwr\simulation\ray_transport\ray_actor.py", line 64, in run
    raise ClientAppException(str(ex)) from ex
flwr.client.client_app.ClientAppException: 
Exception ClientAppException occurred. Message: Expected more than 1 value per channel when training, got input size torch.Size([1, 128])

[2026-07-20 14:20:23,900][flwr][ERROR] - [36mray::ClientAppActor.run()[39m (pid=37044, ip=127.0.0.1, actor_id=c5b4a99c5a110a248b607ff901000000, repr=<flwr.simulation.ray_transport.ray_actor.ClientAppActor object at 0x0000022406EA6A50>)
                  ^^^^^^^^^^^^^^^^^^^^^^^^^^^^^^^^^^^^^
  File "C:\Users\prana\OneDrive\Desktop\federated\.venv\Lib\site-packages\flwr\client\client_app.py", line 98, in __call__
    return self._call(message, context)
           ^^^^^^^^^^^^^^^^^^^^^^^^^^^^
  File "C:\Users\prana\OneDrive\Desktop\federated\.venv\Lib\site-packages\flwr\client\client_app.py", line 81, in ffn
    out_message = handle_legacy_message_from_msgtype(
                  ^^^^^^^^^^^^^^^^^^^^^^^^^^^^^^^^^^^
  File "C:\Users\prana\OneDrive\Desktop\federated\.venv\Lib\site-packages\flwr\client\message_handler\message_handler.py", line 130, in handle_legacy_message_from_msgtype
    fit_res = maybe_call_fit(
              ^^^^^^^^^^^^^^^
  File "C:\Users\prana\OneDrive\Desktop\federated\.venv\Lib\site-packages\flwr\client\client.py", line 234, in maybe_call_fit
    return client.fit(fit_ins)
           ^^^^^^^^^^^^^^^^^^^
  File "C:\Users\prana\OneDrive\Desktop\federated\.venv\Lib\site-packages\flwr\client\numpy_client.py", line 238, in _fit
    results = self.numpy_client.fit(parameters, ins.config)  # type: ignore
              ^^^^^^^^^^^^^^^^^^^^^^^^^^^^^^^^^^^^^^^^^^^^^
  File "C:\Users\prana\OneDrive\Desktop\federated\app\federated\client.py", line 52, in fit
    self.trainer.fit(self.train_loader, self.val_loader, epochs=self.epochs,
  File "C:\Users\prana\OneDrive\Desktop\federated\app\training\trainer.py", line 37, in fit
    train_logs = self._train_epoch(train_loader, epoch, proximal_mu, global_params)
                 ^^^^^^^^^^^^^^^^^^^^^^^^^^^^^^^^^^^^^^^^^^^^^^^^^^^^^^^^^^^^^^^^^^
  File "C:\Users\prana\OneDrive\Desktop\federated\app\training\trainer.py", line 83, in _train_epoch
    output = self.model(data)
             ^^^^^^^^^^^^^^^^
  File "C:\Users\prana\OneDrive\Desktop\federated\.venv\Lib\site-packages\torch\nn\modules\module.py", line 1778, in _wrapped_call_impl
    return self._call_impl(*args, **kwargs)
           ^^^^^^^^^^^^^^^^^^^^^^^^^^^^^^^^
  File "C:\Users\prana\OneDrive\Desktop\federated\.venv\Lib\site-packages\torch\nn\modules\module.py", line 1789, in _call_impl
    return forward_call(*args, **kwargs)
           ^^^^^^^^^^^^^^^^^^^^^^^^^^^^^
  File "C:\Users\prana\OneDrive\Desktop\federated\app\models\mlp.py", line 24, in forward
    return self.network(x)
           ^^^^^^^^^^^^^^^
  File "C:\Users\prana\OneDrive\Desktop\federated\.venv\Lib\site-packages\torch\nn\modules\module.py", line 1778, in _wrapped_call_impl
    return self._call_impl(*args, **kwargs)
           ^^^^^^^^^^^^^^^^^^^^^^^^^^^^^^^^
  File "C:\Users\prana\OneDrive\Desktop\federated\.venv\Lib\site-packages\torch\nn\modules\module.py", line 1789, in _call_impl
    return forward_call(*args, **kwargs)
           ^^^^^^^^^^^^^^^^^^^^^^^^^^^^^
  File "C:\Users\prana\OneDrive\Desktop\federated\.venv\Lib\site-packages\torch\nn\modules\container.py", line 253, in forward
    input = module(input)
            ^^^^^^^^^^^^^
  File "C:\Users\prana\OneDrive\Desktop\federated\.venv\Lib\site-packages\torch\nn\modules\module.py", line 1778, in _wrapped_call_impl
    return self._call_impl(*args, **kwargs)
           ^^^^^^^^^^^^^^^^^^^^^^^^^^^^^^^^
  File "C:\Users\prana\OneDrive\Desktop\federated\.venv\Lib\site-packages\torch\nn\modules\module.py", line 1789, in _call_impl
    return forward_call(*args, **kwargs)
           ^^^^^^^^^^^^^^^^^^^^^^^^^^^^^
  File "C:\Users\prana\OneDrive\Desktop\federated\.venv\Lib\site-packages\torch\nn\modules\batchnorm.py", line 210, in forward
    return F.batch_norm(
           ^^^^^^^^^^^^^
  File "C:\Users\prana\OneDrive\Desktop\federated\.venv\Lib\site-packages\torch\nn\functional.py", line 2889, in batch_norm
    _verify_batch_size(input.size())
  File "C:\Users\prana\OneDrive\Desktop\federated\.venv\Lib\site-packages\torch\nn\functional.py", line 2854, in _verify_batch_size
    raise ValueError(
ValueError: Expected more than 1 value per channel when training, got input size torch.Size([1, 128])

The above exception was the direct cause of the following exception:

[36mray::ClientAppActor.run()[39m (pid=37044, ip=127.0.0.1, actor_id=c5b4a99c5a110a248b607ff901000000, repr=<flwr.simulation.ray_transport.ray_actor.ClientAppActor object at 0x0000022406EA6A50>)
  File "python\\ray\\_raylet.pyx", line 1836, in ray._raylet.execute_task
  File "python\\ray\\_raylet.pyx", line 1947, in ray._raylet.execute_task
  File "python\\ray\\_raylet.pyx", line 1843, in ray._raylet.execute_task
  File "python\\ray\\_raylet.pyx", line 1786, in ray._raylet.execute_task.function_executor
  File "C:\Users\prana\OneDrive\Desktop\federated\.venv\Lib\site-packages\ray\_private\function_manager.py", line 740, in actor_method_executor
    return method(__ray_actor, *args, **kwargs)
           ^^^^^^^^^^^^^^^^^^^^^^^^^^^^^^^^^^^^
  File "C:\Users\prana\OneDrive\Desktop\federated\.venv\Lib\site-packages\ray\util\tracing\tracing_helper.py", line 487, in _resume_span
    return method(self, *_args, **_kwargs)
           ^^^^^^^^^^^^^^^^^^^^^^^^^^^^^^^
  File "C:\Users\prana\OneDrive\Desktop\federated\.venv\Lib\site-packages\flwr\simulation\ray_transport\ray_actor.py", line 64, in run
    raise ClientAppException(str(ex)) from ex
flwr.client.client_app.ClientAppException: 
Exception ClientAppException occurred. Message: Expected more than 1 value per channel when training, got input size torch.Size([1, 128])
[2026-07-20 14:20:23,902][flwr][INFO] - aggregate_fit: received 0 results and 3 failures
[2026-07-20 14:20:23,903][flwr][INFO] - configure_evaluate: strategy sampled 3 clients (out of 3)
[2026-07-20 14:20:23,927][flwr][ERROR] - Traceback (most recent call last):
  File "C:\Users\prana\OneDrive\Desktop\federated\.venv\Lib\site-packages\flwr\simulation\ray_transport\ray_client_proxy.py", line 73, in _submit_job
    out_mssg, updated_context = self.actor_pool.get_client_result(
                                ^^^^^^^^^^^^^^^^^^^^^^^^^^^^^^^^^^
  File "C:\Users\prana\OneDrive\Desktop\federated\.venv\Lib\site-packages\flwr\simulation\ray_transport\ray_actor.py", line 399, in get_client_result
    return self._fetch_future_result(cid)
           ^^^^^^^^^^^^^^^^^^^^^^^^^^^^^^
  File "C:\Users\prana\OneDrive\Desktop\federated\.venv\Lib\site-packages\flwr\simulation\ray_transport\ray_actor.py", line 280, in _fetch_future_result
    res_cid, out_mssg, updated_context = ray.get(
                                         ^^^^^^^^
  File "C:\Users\prana\OneDrive\Desktop\federated\.venv\Lib\site-packages\ray\_private\auto_init_hook.py", line 22, in auto_init_wrapper
    return fn(*args, **kwargs)
           ^^^^^^^^^^^^^^^^^^^
  File "C:\Users\prana\OneDrive\Desktop\federated\.venv\Lib\site-packages\ray\_private\client_mode_hook.py", line 110, in wrapper
    return func(*args, **kwargs)
           ^^^^^^^^^^^^^^^^^^^^^
  File "C:\Users\prana\OneDrive\Desktop\federated\.venv\Lib\site-packages\ray\_private\worker.py", line 2968, in get
    values, debugger_breakpoint = worker.get_objects(
                                  ^^^^^^^^^^^^^^^^^^^
  File "C:\Users\prana\OneDrive\Desktop\federated\.venv\Lib\site-packages\ray\_private\worker.py", line 1050, in get_objects
    raise value.as_instanceof_cause()
ray.exceptions.RayTaskError(ClientAppException): [36mray::ClientAppActor.run()[39m (pid=38708, ip=127.0.0.1, actor_id=133d957a37215074bbbb012401000000, repr=<flwr.simulation.ray_transport.ray_actor.ClientAppActor object at 0x000002BC8AD36ED0>)
                  ^^^^^^^^^^^^^^^^^^^^^^^^^^^^^^^^^^^^^
  File "C:\Users\prana\OneDrive\Desktop\federated\.venv\Lib\site-packages\flwr\client\client_app.py", line 98, in __call__
    return self._call(message, context)
           ^^^^^^^^^^^^^^^^^^^^^^^^^^^^
  File "C:\Users\prana\OneDrive\Desktop\federated\.venv\Lib\site-packages\flwr\client\client_app.py", line 81, in ffn
    out_message = handle_legacy_message_from_msgtype(
                  ^^^^^^^^^^^^^^^^^^^^^^^^^^^^^^^^^^^
  File "C:\Users\prana\OneDrive\Desktop\federated\.venv\Lib\site-packages\flwr\client\message_handler\message_handler.py", line 96, in handle_legacy_message_from_msgtype
    client = client_fn(str(message.metadata.partition_id))
             ^^^^^^^^^^^^^^^^^^^^^^^^^^^^^^^^^^^^^^^^^^^^^
  File "C:\Users\prana\OneDrive\Desktop\federated\scripts\federated_simulation.py", line 44, in client_fn
    train_loader = data_module.train_dataloader()
                   ^^^^^^^^^^^^^^^^^^^^^^^^^^^^^^
  File "C:\Users\prana\OneDrive\Desktop\federated\app\datasets\loader.py", line 31, in train_dataloader
    return DataLoader(self.train_dataset, batch_size=self.batch_size, shuffle=True)
           ^^^^^^^^^^^^^^^^^^^^^^^^^^^^^^^^^^^^^^^^^^^^^^^^^^^^^^^^^^^^^^^^^^^^^^^^
  File "C:\Users\prana\OneDrive\Desktop\federated\.venv\Lib\site-packages\torch\utils\data\dataloader.py", line 401, in __init__
    sampler = RandomSampler(dataset, generator=generator)  # type: ignore[arg-type]
              ^^^^^^^^^^^^^^^^^^^^^^^^^^^^^^^^^^^^^^^^^^^
  File "C:\Users\prana\OneDrive\Desktop\federated\.venv\Lib\site-packages\torch\utils\data\sampler.py", line 149, in __init__
    raise ValueError(
ValueError: num_samples should be a positive integer value, but got num_samples=0

The above exception was the direct cause of the following exception:

[36mray::ClientAppActor.run()[39m (pid=38708, ip=127.0.0.1, actor_id=133d957a37215074bbbb012401000000, repr=<flwr.simulation.ray_transport.ray_actor.ClientAppActor object at 0x000002BC8AD36ED0>)
  File "python\\ray\\_raylet.pyx", line 1836, in ray._raylet.execute_task
  File "python\\ray\\_raylet.pyx", line 1947, in ray._raylet.execute_task
  File "python\\ray\\_raylet.pyx", line 1843, in ray._raylet.execute_task
  File "python\\ray\\_raylet.pyx", line 1786, in ray._raylet.execute_task.function_executor
  File "C:\Users\prana\OneDrive\Desktop\federated\.venv\Lib\site-packages\ray\_private\function_manager.py", line 740, in actor_method_executor
    return method(__ray_actor, *args, **kwargs)
           ^^^^^^^^^^^^^^^^^^^^^^^^^^^^^^^^^^^^
  File "C:\Users\prana\OneDrive\Desktop\federated\.venv\Lib\site-packages\ray\util\tracing\tracing_helper.py", line 487, in _resume_span
    return method(self, *_args, **_kwargs)
           ^^^^^^^^^^^^^^^^^^^^^^^^^^^^^^^
  File "C:\Users\prana\OneDrive\Desktop\federated\.venv\Lib\site-packages\flwr\simulation\ray_transport\ray_actor.py", line 64, in run
    raise ClientAppException(str(ex)) from ex
flwr.client.client_app.ClientAppException: 
Exception ClientAppException occurred. Message: num_samples should be a positive integer value, but got num_samples=0

[2026-07-20 14:20:23,930][flwr][ERROR] - [36mray::ClientAppActor.run()[39m (pid=38708, ip=127.0.0.1, actor_id=133d957a37215074bbbb012401000000, repr=<flwr.simulation.ray_transport.ray_actor.ClientAppActor object at 0x000002BC8AD36ED0>)
                  ^^^^^^^^^^^^^^^^^^^^^^^^^^^^^^^^^^^^^
  File "C:\Users\prana\OneDrive\Desktop\federated\.venv\Lib\site-packages\flwr\client\client_app.py", line 98, in __call__
    return self._call(message, context)
           ^^^^^^^^^^^^^^^^^^^^^^^^^^^^
  File "C:\Users\prana\OneDrive\Desktop\federated\.venv\Lib\site-packages\flwr\client\client_app.py", line 81, in ffn
    out_message = handle_legacy_message_from_msgtype(
                  ^^^^^^^^^^^^^^^^^^^^^^^^^^^^^^^^^^^
  File "C:\Users\prana\OneDrive\Desktop\federated\.venv\Lib\site-packages\flwr\client\message_handler\message_handler.py", line 96, in handle_legacy_message_from_msgtype
    client = client_fn(str(message.metadata.partition_id))
             ^^^^^^^^^^^^^^^^^^^^^^^^^^^^^^^^^^^^^^^^^^^^^
  File "C:\Users\prana\OneDrive\Desktop\federated\scripts\federated_simulation.py", line 44, in client_fn
    train_loader = data_module.train_dataloader()
                   ^^^^^^^^^^^^^^^^^^^^^^^^^^^^^^
  File "C:\Users\prana\OneDrive\Desktop\federated\app\datasets\loader.py", line 31, in train_dataloader
    return DataLoader(self.train_dataset, batch_size=self.batch_size, shuffle=True)
           ^^^^^^^^^^^^^^^^^^^^^^^^^^^^^^^^^^^^^^^^^^^^^^^^^^^^^^^^^^^^^^^^^^^^^^^^
  File "C:\Users\prana\OneDrive\Desktop\federated\.venv\Lib\site-packages\torch\utils\data\dataloader.py", line 401, in __init__
    sampler = RandomSampler(dataset, generator=generator)  # type: ignore[arg-type]
              ^^^^^^^^^^^^^^^^^^^^^^^^^^^^^^^^^^^^^^^^^^^
  File "C:\Users\prana\OneDrive\Desktop\federated\.venv\Lib\site-packages\torch\utils\data\sampler.py", line 149, in __init__
    raise ValueError(
ValueError: num_samples should be a positive integer value, but got num_samples=0

The above exception was the direct cause of the following exception:

[36mray::ClientAppActor.run()[39m (pid=38708, ip=127.0.0.1, actor_id=133d957a37215074bbbb012401000000, repr=<flwr.simulation.ray_transport.ray_actor.ClientAppActor object at 0x000002BC8AD36ED0>)
  File "python\\ray\\_raylet.pyx", line 1836, in ray._raylet.execute_task
  File "python\\ray\\_raylet.pyx", line 1947, in ray._raylet.execute_task
  File "python\\ray\\_raylet.pyx", line 1843, in ray._raylet.execute_task
  File "python\\ray\\_raylet.pyx", line 1786, in ray._raylet.execute_task.function_executor
  File "C:\Users\prana\OneDrive\Desktop\federated\.venv\Lib\site-packages\ray\_private\function_manager.py", line 740, in actor_method_executor
    return method(__ray_actor, *args, **kwargs)
           ^^^^^^^^^^^^^^^^^^^^^^^^^^^^^^^^^^^^
  File "C:\Users\prana\OneDrive\Desktop\federated\.venv\Lib\site-packages\ray\util\tracing\tracing_helper.py", line 487, in _resume_span
    return method(self, *_args, **_kwargs)
           ^^^^^^^^^^^^^^^^^^^^^^^^^^^^^^^
  File "C:\Users\prana\OneDrive\Desktop\federated\.venv\Lib\site-packages\flwr\simulation\ray_transport\ray_actor.py", line 64, in run
    raise ClientAppException(str(ex)) from ex
flwr.client.client_app.ClientAppException: 
Exception ClientAppException occurred. Message: num_samples should be a positive integer value, but got num_samples=0
[2026-07-20 14:20:24,032][flwr][INFO] - aggregate_evaluate: received 2 results and 1 failures
[2026-07-20 14:20:24,091][flwr][INFO] - 
[2026-07-20 14:20:24,091][flwr][INFO] - [ROUND 2]
[2026-07-20 14:20:24,091][flwr][INFO] - configure_fit: strategy sampled 3 clients (out of 3)
[2026-07-20 14:20:24,120][flwr][ERROR] - Traceback (most recent call last):
  File "C:\Users\prana\OneDrive\Desktop\federated\.venv\Lib\site-packages\flwr\simulation\ray_transport\ray_client_proxy.py", line 73, in _submit_job
    out_mssg, updated_context = self.actor_pool.get_client_result(
                                ^^^^^^^^^^^^^^^^^^^^^^^^^^^^^^^^^^
  File "C:\Users\prana\OneDrive\Desktop\federated\.venv\Lib\site-packages\flwr\simulation\ray_transport\ray_actor.py", line 399, in get_client_result
    return self._fetch_future_result(cid)
           ^^^^^^^^^^^^^^^^^^^^^^^^^^^^^^
  File "C:\Users\prana\OneDrive\Desktop\federated\.venv\Lib\site-packages\flwr\simulation\ray_transport\ray_actor.py", line 280, in _fetch_future_result
    res_cid, out_mssg, updated_context = ray.get(
                                         ^^^^^^^^
  File "C:\Users\prana\OneDrive\Desktop\federated\.venv\Lib\site-packages\ray\_private\auto_init_hook.py", line 22, in auto_init_wrapper
    return fn(*args, **kwargs)
           ^^^^^^^^^^^^^^^^^^^
  File "C:\Users\prana\OneDrive\Desktop\federated\.venv\Lib\site-packages\ray\_private\client_mode_hook.py", line 110, in wrapper
    return func(*args, **kwargs)
           ^^^^^^^^^^^^^^^^^^^^^
  File "C:\Users\prana\OneDrive\Desktop\federated\.venv\Lib\site-packages\ray\_private\worker.py", line 2968, in get
    values, debugger_breakpoint = worker.get_objects(
                                  ^^^^^^^^^^^^^^^^^^^
  File "C:\Users\prana\OneDrive\Desktop\federated\.venv\Lib\site-packages\ray\_private\worker.py", line 1050, in get_objects
    raise value.as_instanceof_cause()
ray.exceptions.RayTaskError(ClientAppException): [36mray::ClientAppActor.run()[39m (pid=37044, ip=127.0.0.1, actor_id=c5b4a99c5a110a248b607ff901000000, repr=<flwr.simulation.ray_transport.ray_actor.ClientAppActor object at 0x0000022406EA6A50>)
                  ^^^^^^^^^^^^^^^^^^^^^^^^^^^^^^^^^^^^^
  File "C:\Users\prana\OneDrive\Desktop\federated\.venv\Lib\site-packages\flwr\client\client_app.py", line 98, in __call__
    return self._call(message, context)
           ^^^^^^^^^^^^^^^^^^^^^^^^^^^^
  File "C:\Users\prana\OneDrive\Desktop\federated\.venv\Lib\site-packages\flwr\client\client_app.py", line 81, in ffn
    out_message = handle_legacy_message_from_msgtype(
                  ^^^^^^^^^^^^^^^^^^^^^^^^^^^^^^^^^^^
  File "C:\Users\prana\OneDrive\Desktop\federated\.venv\Lib\site-packages\flwr\client\message_handler\message_handler.py", line 96, in handle_legacy_message_from_msgtype
    client = client_fn(str(message.metadata.partition_id))
             ^^^^^^^^^^^^^^^^^^^^^^^^^^^^^^^^^^^^^^^^^^^^^
  File "C:\Users\prana\OneDrive\Desktop\federated\scripts\federated_simulation.py", line 44, in client_fn
    train_loader = data_module.train_dataloader()
                   ^^^^^^^^^^^^^^^^^^^^^^^^^^^^^^
  File "C:\Users\prana\OneDrive\Desktop\federated\app\datasets\loader.py", line 31, in train_dataloader
    return DataLoader(self.train_dataset, batch_size=self.batch_size, shuffle=True)
           ^^^^^^^^^^^^^^^^^^^^^^^^^^^^^^^^^^^^^^^^^^^^^^^^^^^^^^^^^^^^^^^^^^^^^^^^
  File "C:\Users\prana\OneDrive\Desktop\federated\.venv\Lib\site-packages\torch\utils\data\dataloader.py", line 401, in __init__
    sampler = RandomSampler(dataset, generator=generator)  # type: ignore[arg-type]
              ^^^^^^^^^^^^^^^^^^^^^^^^^^^^^^^^^^^^^^^^^^^
  File "C:\Users\prana\OneDrive\Desktop\federated\.venv\Lib\site-packages\torch\utils\data\sampler.py", line 149, in __init__
    raise ValueError(
ValueError: num_samples should be a positive integer value, but got num_samples=0

The above exception was the direct cause of the following exception:

[36mray::ClientAppActor.run()[39m (pid=37044, ip=127.0.0.1, actor_id=c5b4a99c5a110a248b607ff901000000, repr=<flwr.simulation.ray_transport.ray_actor.ClientAppActor object at 0x0000022406EA6A50>)
  File "python\\ray\\_raylet.pyx", line 1836, in ray._raylet.execute_task
  File "python\\ray\\_raylet.pyx", line 1947, in ray._raylet.execute_task
  File "python\\ray\\_raylet.pyx", line 1843, in ray._raylet.execute_task
  File "python\\ray\\_raylet.pyx", line 1786, in ray._raylet.execute_task.function_executor
  File "C:\Users\prana\OneDrive\Desktop\federated\.venv\Lib\site-packages\ray\_private\function_manager.py", line 740, in actor_method_executor
    return method(__ray_actor, *args, **kwargs)
           ^^^^^^^^^^^^^^^^^^^^^^^^^^^^^^^^^^^^
  File "C:\Users\prana\OneDrive\Desktop\federated\.venv\Lib\site-packages\ray\util\tracing\tracing_helper.py", line 487, in _resume_span
    return method(self, *_args, **_kwargs)
           ^^^^^^^^^^^^^^^^^^^^^^^^^^^^^^^
  File "C:\Users\prana\OneDrive\Desktop\federated\.venv\Lib\site-packages\flwr\simulation\ray_transport\ray_actor.py", line 64, in run
    raise ClientAppException(str(ex)) from ex
flwr.client.client_app.ClientAppException: 
Exception ClientAppException occurred. Message: num_samples should be a positive integer value, but got num_samples=0

[2026-07-20 14:20:24,122][flwr][ERROR] - [36mray::ClientAppActor.run()[39m (pid=37044, ip=127.0.0.1, actor_id=c5b4a99c5a110a248b607ff901000000, repr=<flwr.simulation.ray_transport.ray_actor.ClientAppActor object at 0x0000022406EA6A50>)
                  ^^^^^^^^^^^^^^^^^^^^^^^^^^^^^^^^^^^^^
  File "C:\Users\prana\OneDrive\Desktop\federated\.venv\Lib\site-packages\flwr\client\client_app.py", line 98, in __call__
    return self._call(message, context)
           ^^^^^^^^^^^^^^^^^^^^^^^^^^^^
  File "C:\Users\prana\OneDrive\Desktop\federated\.venv\Lib\site-packages\flwr\client\client_app.py", line 81, in ffn
    out_message = handle_legacy_message_from_msgtype(
                  ^^^^^^^^^^^^^^^^^^^^^^^^^^^^^^^^^^^
  File "C:\Users\prana\OneDrive\Desktop\federated\.venv\Lib\site-packages\flwr\client\message_handler\message_handler.py", line 96, in handle_legacy_message_from_msgtype
    client = client_fn(str(message.metadata.partition_id))
             ^^^^^^^^^^^^^^^^^^^^^^^^^^^^^^^^^^^^^^^^^^^^^
  File "C:\Users\prana\OneDrive\Desktop\federated\scripts\federated_simulation.py", line 44, in client_fn
    train_loader = data_module.train_dataloader()
                   ^^^^^^^^^^^^^^^^^^^^^^^^^^^^^^
  File "C:\Users\prana\OneDrive\Desktop\federated\app\datasets\loader.py", line 31, in train_dataloader
    return DataLoader(self.train_dataset, batch_size=self.batch_size, shuffle=True)
           ^^^^^^^^^^^^^^^^^^^^^^^^^^^^^^^^^^^^^^^^^^^^^^^^^^^^^^^^^^^^^^^^^^^^^^^^
  File "C:\Users\prana\OneDrive\Desktop\federated\.venv\Lib\site-packages\torch\utils\data\dataloader.py", line 401, in __init__
    sampler = RandomSampler(dataset, generator=generator)  # type: ignore[arg-type]
              ^^^^^^^^^^^^^^^^^^^^^^^^^^^^^^^^^^^^^^^^^^^
  File "C:\Users\prana\OneDrive\Desktop\federated\.venv\Lib\site-packages\torch\utils\data\sampler.py", line 149, in __init__
    raise ValueError(
ValueError: num_samples should be a positive integer value, but got num_samples=0

The above exception was the direct cause of the following exception:

[36mray::ClientAppActor.run()[39m (pid=37044, ip=127.0.0.1, actor_id=c5b4a99c5a110a248b607ff901000000, repr=<flwr.simulation.ray_transport.ray_actor.ClientAppActor object at 0x0000022406EA6A50>)
  File "python\\ray\\_raylet.pyx", line 1836, in ray._raylet.execute_task
  File "python\\ray\\_raylet.pyx", line 1947, in ray._raylet.execute_task
  File "python\\ray\\_raylet.pyx", line 1843, in ray._raylet.execute_task
  File "python\\ray\\_raylet.pyx", line 1786, in ray._raylet.execute_task.function_executor
  File "C:\Users\prana\OneDrive\Desktop\federated\.venv\Lib\site-packages\ray\_private\function_manager.py", line 740, in actor_method_executor
    return method(__ray_actor, *args, **kwargs)
           ^^^^^^^^^^^^^^^^^^^^^^^^^^^^^^^^^^^^
  File "C:\Users\prana\OneDrive\Desktop\federated\.venv\Lib\site-packages\ray\util\tracing\tracing_helper.py", line 487, in _resume_span
    return method(self, *_args, **_kwargs)
           ^^^^^^^^^^^^^^^^^^^^^^^^^^^^^^^
  File "C:\Users\prana\OneDrive\Desktop\federated\.venv\Lib\site-packages\flwr\simulation\ray_transport\ray_actor.py", line 64, in run
    raise ClientAppException(str(ex)) from ex
flwr.client.client_app.ClientAppException: 
Exception ClientAppException occurred. Message: num_samples should be a positive integer value, but got num_samples=0
[2026-07-20 14:20:24,190][flwr][ERROR] - Traceback (most recent call last):
  File "C:\Users\prana\OneDrive\Desktop\federated\.venv\Lib\site-packages\flwr\simulation\ray_transport\ray_client_proxy.py", line 73, in _submit_job
    out_mssg, updated_context = self.actor_pool.get_client_result(
                                ^^^^^^^^^^^^^^^^^^^^^^^^^^^^^^^^^^
  File "C:\Users\prana\OneDrive\Desktop\federated\.venv\Lib\site-packages\flwr\simulation\ray_transport\ray_actor.py", line 399, in get_client_result
    return self._fetch_future_result(cid)
           ^^^^^^^^^^^^^^^^^^^^^^^^^^^^^^
  File "C:\Users\prana\OneDrive\Desktop\federated\.venv\Lib\site-packages\flwr\simulation\ray_transport\ray_actor.py", line 280, in _fetch_future_result
    res_cid, out_mssg, updated_context = ray.get(
                                         ^^^^^^^^
  File "C:\Users\prana\OneDrive\Desktop\federated\.venv\Lib\site-packages\ray\_private\auto_init_hook.py", line 22, in auto_init_wrapper
    return fn(*args, **kwargs)
           ^^^^^^^^^^^^^^^^^^^
  File "C:\Users\prana\OneDrive\Desktop\federated\.venv\Lib\site-packages\ray\_private\client_mode_hook.py", line 110, in wrapper
    return func(*args, **kwargs)
           ^^^^^^^^^^^^^^^^^^^^^
  File "C:\Users\prana\OneDrive\Desktop\federated\.venv\Lib\site-packages\ray\_private\worker.py", line 2968, in get
    values, debugger_breakpoint = worker.get_objects(
                                  ^^^^^^^^^^^^^^^^^^^
  File "C:\Users\prana\OneDrive\Desktop\federated\.venv\Lib\site-packages\ray\_private\worker.py", line 1050, in get_objects
    raise value.as_instanceof_cause()
ray.exceptions.RayTaskError(ClientAppException): [36mray::ClientAppActor.run()[39m (pid=39060, ip=127.0.0.1, actor_id=7cc6fde5ba80aab473ecf69901000000, repr=<flwr.simulation.ray_transport.ray_actor.ClientAppActor object at 0x000001A0D580ACF0>)
                  ^^^^^^^^^^^^^^^^^^^^^^^^^^^^^^^^^^^^^
  File "C:\Users\prana\OneDrive\Desktop\federated\.venv\Lib\site-packages\flwr\client\client_app.py", line 98, in __call__
    return self._call(message, context)
           ^^^^^^^^^^^^^^^^^^^^^^^^^^^^
  File "C:\Users\prana\OneDrive\Desktop\federated\.venv\Lib\site-packages\flwr\client\client_app.py", line 81, in ffn
    out_message = handle_legacy_message_from_msgtype(
                  ^^^^^^^^^^^^^^^^^^^^^^^^^^^^^^^^^^^
  File "C:\Users\prana\OneDrive\Desktop\federated\.venv\Lib\site-packages\flwr\client\message_handler\message_handler.py", line 130, in handle_legacy_message_from_msgtype
    fit_res = maybe_call_fit(
              ^^^^^^^^^^^^^^^
  File "C:\Users\prana\OneDrive\Desktop\federated\.venv\Lib\site-packages\flwr\client\client.py", line 234, in maybe_call_fit
    return client.fit(fit_ins)
           ^^^^^^^^^^^^^^^^^^^
  File "C:\Users\prana\OneDrive\Desktop\federated\.venv\Lib\site-packages\flwr\client\numpy_client.py", line 238, in _fit
    results = self.numpy_client.fit(parameters, ins.config)  # type: ignore
              ^^^^^^^^^^^^^^^^^^^^^^^^^^^^^^^^^^^^^^^^^^^^^
  File "C:\Users\prana\OneDrive\Desktop\federated\app\federated\client.py", line 52, in fit
    self.trainer.fit(self.train_loader, self.val_loader, epochs=self.epochs,
  File "C:\Users\prana\OneDrive\Desktop\federated\app\training\trainer.py", line 37, in fit
    train_logs = self._train_epoch(train_loader, epoch, proximal_mu, global_params)
                 ^^^^^^^^^^^^^^^^^^^^^^^^^^^^^^^^^^^^^^^^^^^^^^^^^^^^^^^^^^^^^^^^^^
  File "C:\Users\prana\OneDrive\Desktop\federated\app\training\trainer.py", line 83, in _train_epoch
    output = self.model(data)
             ^^^^^^^^^^^^^^^^
  File "C:\Users\prana\OneDrive\Desktop\federated\.venv\Lib\site-packages\torch\nn\modules\module.py", line 1778, in _wrapped_call_impl
    return self._call_impl(*args, **kwargs)
           ^^^^^^^^^^^^^^^^^^^^^^^^^^^^^^^^
  File "C:\Users\prana\OneDrive\Desktop\federated\.venv\Lib\site-packages\torch\nn\modules\module.py", line 1789, in _call_impl
    return forward_call(*args, **kwargs)
           ^^^^^^^^^^^^^^^^^^^^^^^^^^^^^
  File "C:\Users\prana\OneDrive\Desktop\federated\app\models\mlp.py", line 24, in forward
    return self.network(x)
           ^^^^^^^^^^^^^^^
  File "C:\Users\prana\OneDrive\Desktop\federated\.venv\Lib\site-packages\torch\nn\modules\module.py", line 1778, in _wrapped_call_impl
    return self._call_impl(*args, **kwargs)
           ^^^^^^^^^^^^^^^^^^^^^^^^^^^^^^^^
  File "C:\Users\prana\OneDrive\Desktop\federated\.venv\Lib\site-packages\torch\nn\modules\module.py", line 1789, in _call_impl
    return forward_call(*args, **kwargs)
           ^^^^^^^^^^^^^^^^^^^^^^^^^^^^^
  File "C:\Users\prana\OneDrive\Desktop\federated\.venv\Lib\site-packages\torch\nn\modules\container.py", line 253, in forward
    input = module(input)
            ^^^^^^^^^^^^^
  File "C:\Users\prana\OneDrive\Desktop\federated\.venv\Lib\site-packages\torch\nn\modules\module.py", line 1778, in _wrapped_call_impl
    return self._call_impl(*args, **kwargs)
           ^^^^^^^^^^^^^^^^^^^^^^^^^^^^^^^^
  File "C:\Users\prana\OneDrive\Desktop\federated\.venv\Lib\site-packages\torch\nn\modules\module.py", line 1789, in _call_impl
    return forward_call(*args, **kwargs)
           ^^^^^^^^^^^^^^^^^^^^^^^^^^^^^
  File "C:\Users\prana\OneDrive\Desktop\federated\.venv\Lib\site-packages\torch\nn\modules\batchnorm.py", line 210, in forward
    return F.batch_norm(
           ^^^^^^^^^^^^^
  File "C:\Users\prana\OneDrive\Desktop\federated\.venv\Lib\site-packages\torch\nn\functional.py", line 2889, in batch_norm
    _verify_batch_size(input.size())
  File "C:\Users\prana\OneDrive\Desktop\federated\.venv\Lib\site-packages\torch\nn\functional.py", line 2854, in _verify_batch_size
    raise ValueError(
ValueError: Expected more than 1 value per channel when training, got input size torch.Size([1, 128])

The above exception was the direct cause of the following exception:

[36mray::ClientAppActor.run()[39m (pid=39060, ip=127.0.0.1, actor_id=7cc6fde5ba80aab473ecf69901000000, repr=<flwr.simulation.ray_transport.ray_actor.ClientAppActor object at 0x000001A0D580ACF0>)
  File "python\\ray\\_raylet.pyx", line 1836, in ray._raylet.execute_task
  File "python\\ray\\_raylet.pyx", line 1947, in ray._raylet.execute_task
  File "python\\ray\\_raylet.pyx", line 1843, in ray._raylet.execute_task
  File "python\\ray\\_raylet.pyx", line 1786, in ray._raylet.execute_task.function_executor
  File "C:\Users\prana\OneDrive\Desktop\federated\.venv\Lib\site-packages\ray\_private\function_manager.py", line 740, in actor_method_executor
    return method(__ray_actor, *args, **kwargs)
           ^^^^^^^^^^^^^^^^^^^^^^^^^^^^^^^^^^^^
  File "C:\Users\prana\OneDrive\Desktop\federated\.venv\Lib\site-packages\ray\util\tracing\tracing_helper.py", line 487, in _resume_span
    return method(self, *_args, **_kwargs)
           ^^^^^^^^^^^^^^^^^^^^^^^^^^^^^^^
  File "C:\Users\prana\OneDrive\Desktop\federated\.venv\Lib\site-packages\flwr\simulation\ray_transport\ray_actor.py", line 64, in run
    raise ClientAppException(str(ex)) from ex
flwr.client.client_app.ClientAppException: 
Exception ClientAppException occurred. Message: Expected more than 1 value per channel when training, got input size torch.Size([1, 128])

[2026-07-20 14:20:24,191][flwr][ERROR] - [36mray::ClientAppActor.run()[39m (pid=39060, ip=127.0.0.1, actor_id=7cc6fde5ba80aab473ecf69901000000, repr=<flwr.simulation.ray_transport.ray_actor.ClientAppActor object at 0x000001A0D580ACF0>)
                  ^^^^^^^^^^^^^^^^^^^^^^^^^^^^^^^^^^^^^
  File "C:\Users\prana\OneDrive\Desktop\federated\.venv\Lib\site-packages\flwr\client\client_app.py", line 98, in __call__
    return self._call(message, context)
           ^^^^^^^^^^^^^^^^^^^^^^^^^^^^
  File "C:\Users\prana\OneDrive\Desktop\federated\.venv\Lib\site-packages\flwr\client\client_app.py", line 81, in ffn
    out_message = handle_legacy_message_from_msgtype(
                  ^^^^^^^^^^^^^^^^^^^^^^^^^^^^^^^^^^^
  File "C:\Users\prana\OneDrive\Desktop\federated\.venv\Lib\site-packages\flwr\client\message_handler\message_handler.py", line 130, in handle_legacy_message_from_msgtype
    fit_res = maybe_call_fit(
              ^^^^^^^^^^^^^^^
  File "C:\Users\prana\OneDrive\Desktop\federated\.venv\Lib\site-packages\flwr\client\client.py", line 234, in maybe_call_fit
    return client.fit(fit_ins)
           ^^^^^^^^^^^^^^^^^^^
  File "C:\Users\prana\OneDrive\Desktop\federated\.venv\Lib\site-packages\flwr\client\numpy_client.py", line 238, in _fit
    results = self.numpy_client.fit(parameters, ins.config)  # type: ignore
              ^^^^^^^^^^^^^^^^^^^^^^^^^^^^^^^^^^^^^^^^^^^^^
  File "C:\Users\prana\OneDrive\Desktop\federated\app\federated\client.py", line 52, in fit
    self.trainer.fit(self.train_loader, self.val_loader, epochs=self.epochs,
  File "C:\Users\prana\OneDrive\Desktop\federated\app\training\trainer.py", line 37, in fit
    train_logs = self._train_epoch(train_loader, epoch, proximal_mu, global_params)
                 ^^^^^^^^^^^^^^^^^^^^^^^^^^^^^^^^^^^^^^^^^^^^^^^^^^^^^^^^^^^^^^^^^^
  File "C:\Users\prana\OneDrive\Desktop\federated\app\training\trainer.py", line 83, in _train_epoch
    output = self.model(data)
             ^^^^^^^^^^^^^^^^
  File "C:\Users\prana\OneDrive\Desktop\federated\.venv\Lib\site-packages\torch\nn\modules\module.py", line 1778, in _wrapped_call_impl
    return self._call_impl(*args, **kwargs)
           ^^^^^^^^^^^^^^^^^^^^^^^^^^^^^^^^
  File "C:\Users\prana\OneDrive\Desktop\federated\.venv\Lib\site-packages\torch\nn\modules\module.py", line 1789, in _call_impl
    return forward_call(*args, **kwargs)
           ^^^^^^^^^^^^^^^^^^^^^^^^^^^^^
  File "C:\Users\prana\OneDrive\Desktop\federated\app\models\mlp.py", line 24, in forward
    return self.network(x)
           ^^^^^^^^^^^^^^^
  File "C:\Users\prana\OneDrive\Desktop\federated\.venv\Lib\site-packages\torch\nn\modules\module.py", line 1778, in _wrapped_call_impl
    return self._call_impl(*args, **kwargs)
           ^^^^^^^^^^^^^^^^^^^^^^^^^^^^^^^^
  File "C:\Users\prana\OneDrive\Desktop\federated\.venv\Lib\site-packages\torch\nn\modules\module.py", line 1789, in _call_impl
    return forward_call(*args, **kwargs)
           ^^^^^^^^^^^^^^^^^^^^^^^^^^^^^
  File "C:\Users\prana\OneDrive\Desktop\federated\.venv\Lib\site-packages\torch\nn\modules\container.py", line 253, in forward
    input = module(input)
            ^^^^^^^^^^^^^
  File "C:\Users\prana\OneDrive\Desktop\federated\.venv\Lib\site-packages\torch\nn\modules\module.py", line 1778, in _wrapped_call_impl
    return self._call_impl(*args, **kwargs)
           ^^^^^^^^^^^^^^^^^^^^^^^^^^^^^^^^
  File "C:\Users\prana\OneDrive\Desktop\federated\.venv\Lib\site-packages\torch\nn\modules\module.py", line 1789, in _call_impl
    return forward_call(*args, **kwargs)
           ^^^^^^^^^^^^^^^^^^^^^^^^^^^^^
  File "C:\Users\prana\OneDrive\Desktop\federated\.venv\Lib\site-packages\torch\nn\modules\batchnorm.py", line 210, in forward
    return F.batch_norm(
           ^^^^^^^^^^^^^
  File "C:\Users\prana\OneDrive\Desktop\federated\.venv\Lib\site-packages\torch\nn\functional.py", line 2889, in batch_norm
    _verify_batch_size(input.size())
  File "C:\Users\prana\OneDrive\Desktop\federated\.venv\Lib\site-packages\torch\nn\functional.py", line 2854, in _verify_batch_size
    raise ValueError(
ValueError: Expected more than 1 value per channel when training, got input size torch.Size([1, 128])

The above exception was the direct cause of the following exception:

[36mray::ClientAppActor.run()[39m (pid=39060, ip=127.0.0.1, actor_id=7cc6fde5ba80aab473ecf69901000000, repr=<flwr.simulation.ray_transport.ray_actor.ClientAppActor object at 0x000001A0D580ACF0>)
  File "python\\ray\\_raylet.pyx", line 1836, in ray._raylet.execute_task
  File "python\\ray\\_raylet.pyx", line 1947, in ray._raylet.execute_task
  File "python\\ray\\_raylet.pyx", line 1843, in ray._raylet.execute_task
  File "python\\ray\\_raylet.pyx", line 1786, in ray._raylet.execute_task.function_executor
  File "C:\Users\prana\OneDrive\Desktop\federated\.venv\Lib\site-packages\ray\_private\function_manager.py", line 740, in actor_method_executor
    return method(__ray_actor, *args, **kwargs)
           ^^^^^^^^^^^^^^^^^^^^^^^^^^^^^^^^^^^^
  File "C:\Users\prana\OneDrive\Desktop\federated\.venv\Lib\site-packages\ray\util\tracing\tracing_helper.py", line 487, in _resume_span
    return method(self, *_args, **_kwargs)
           ^^^^^^^^^^^^^^^^^^^^^^^^^^^^^^^
  File "C:\Users\prana\OneDrive\Desktop\federated\.venv\Lib\site-packages\flwr\simulation\ray_transport\ray_actor.py", line 64, in run
    raise ClientAppException(str(ex)) from ex
flwr.client.client_app.ClientAppException: 
Exception ClientAppException occurred. Message: Expected more than 1 value per channel when training, got input size torch.Size([1, 128])
[2026-07-20 14:20:27,727][flwr][ERROR] - Traceback (most recent call last):
  File "C:\Users\prana\OneDrive\Desktop\federated\.venv\Lib\site-packages\flwr\simulation\ray_transport\ray_client_proxy.py", line 73, in _submit_job
    out_mssg, updated_context = self.actor_pool.get_client_result(
                                ^^^^^^^^^^^^^^^^^^^^^^^^^^^^^^^^^^
  File "C:\Users\prana\OneDrive\Desktop\federated\.venv\Lib\site-packages\flwr\simulation\ray_transport\ray_actor.py", line 399, in get_client_result
    return self._fetch_future_result(cid)
           ^^^^^^^^^^^^^^^^^^^^^^^^^^^^^^
  File "C:\Users\prana\OneDrive\Desktop\federated\.venv\Lib\site-packages\flwr\simulation\ray_transport\ray_actor.py", line 280, in _fetch_future_result
    res_cid, out_mssg, updated_context = ray.get(
                                         ^^^^^^^^
  File "C:\Users\prana\OneDrive\Desktop\federated\.venv\Lib\site-packages\ray\_private\auto_init_hook.py", line 22, in auto_init_wrapper
    return fn(*args, **kwargs)
           ^^^^^^^^^^^^^^^^^^^
  File "C:\Users\prana\OneDrive\Desktop\federated\.venv\Lib\site-packages\ray\_private\client_mode_hook.py", line 110, in wrapper
    return func(*args, **kwargs)
           ^^^^^^^^^^^^^^^^^^^^^
  File "C:\Users\prana\OneDrive\Desktop\federated\.venv\Lib\site-packages\ray\_private\worker.py", line 2968, in get
    values, debugger_breakpoint = worker.get_objects(
                                  ^^^^^^^^^^^^^^^^^^^
  File "C:\Users\prana\OneDrive\Desktop\federated\.venv\Lib\site-packages\ray\_private\worker.py", line 1050, in get_objects
    raise value.as_instanceof_cause()
ray.exceptions.RayTaskError(ClientAppException): [36mray::ClientAppActor.run()[39m (pid=38708, ip=127.0.0.1, actor_id=133d957a37215074bbbb012401000000, repr=<flwr.simulation.ray_transport.ray_actor.ClientAppActor object at 0x000002BC8AD36ED0>)
                  ^^^^^^^^^^^^^^^^^^^^^^^^^^^^^^^^^^^^^
  File "C:\Users\prana\OneDrive\Desktop\federated\.venv\Lib\site-packages\flwr\client\client_app.py", line 98, in __call__
    return self._call(message, context)
           ^^^^^^^^^^^^^^^^^^^^^^^^^^^^
  File "C:\Users\prana\OneDrive\Desktop\federated\.venv\Lib\site-packages\flwr\client\client_app.py", line 81, in ffn
    out_message = handle_legacy_message_from_msgtype(
                  ^^^^^^^^^^^^^^^^^^^^^^^^^^^^^^^^^^^
  File "C:\Users\prana\OneDrive\Desktop\federated\.venv\Lib\site-packages\flwr\client\message_handler\message_handler.py", line 130, in handle_legacy_message_from_msgtype
    fit_res = maybe_call_fit(
              ^^^^^^^^^^^^^^^
  File "C:\Users\prana\OneDrive\Desktop\federated\.venv\Lib\site-packages\flwr\client\client.py", line 234, in maybe_call_fit
    return client.fit(fit_ins)
           ^^^^^^^^^^^^^^^^^^^
  File "C:\Users\prana\OneDrive\Desktop\federated\.venv\Lib\site-packages\flwr\client\numpy_client.py", line 238, in _fit
    results = self.numpy_client.fit(parameters, ins.config)  # type: ignore
              ^^^^^^^^^^^^^^^^^^^^^^^^^^^^^^^^^^^^^^^^^^^^^
  File "C:\Users\prana\OneDrive\Desktop\federated\app\federated\client.py", line 52, in fit
    self.trainer.fit(self.train_loader, self.val_loader, epochs=self.epochs,
  File "C:\Users\prana\OneDrive\Desktop\federated\app\training\trainer.py", line 37, in fit
    train_logs = self._train_epoch(train_loader, epoch, proximal_mu, global_params)
                 ^^^^^^^^^^^^^^^^^^^^^^^^^^^^^^^^^^^^^^^^^^^^^^^^^^^^^^^^^^^^^^^^^^
  File "C:\Users\prana\OneDrive\Desktop\federated\app\training\trainer.py", line 83, in _train_epoch
    output = self.model(data)
             ^^^^^^^^^^^^^^^^
  File "C:\Users\prana\OneDrive\Desktop\federated\.venv\Lib\site-packages\torch\nn\modules\module.py", line 1778, in _wrapped_call_impl
    return self._call_impl(*args, **kwargs)
           ^^^^^^^^^^^^^^^^^^^^^^^^^^^^^^^^
  File "C:\Users\prana\OneDrive\Desktop\federated\.venv\Lib\site-packages\torch\nn\modules\module.py", line 1789, in _call_impl
    return forward_call(*args, **kwargs)
           ^^^^^^^^^^^^^^^^^^^^^^^^^^^^^
  File "C:\Users\prana\OneDrive\Desktop\federated\app\models\mlp.py", line 24, in forward
    return self.network(x)
           ^^^^^^^^^^^^^^^
  File "C:\Users\prana\OneDrive\Desktop\federated\.venv\Lib\site-packages\torch\nn\modules\module.py", line 1778, in _wrapped_call_impl
    return self._call_impl(*args, **kwargs)
           ^^^^^^^^^^^^^^^^^^^^^^^^^^^^^^^^
  File "C:\Users\prana\OneDrive\Desktop\federated\.venv\Lib\site-packages\torch\nn\modules\module.py", line 1789, in _call_impl
    return forward_call(*args, **kwargs)
           ^^^^^^^^^^^^^^^^^^^^^^^^^^^^^
  File "C:\Users\prana\OneDrive\Desktop\federated\.venv\Lib\site-packages\torch\nn\modules\container.py", line 253, in forward
    input = module(input)
            ^^^^^^^^^^^^^
  File "C:\Users\prana\OneDrive\Desktop\federated\.venv\Lib\site-packages\torch\nn\modules\module.py", line 1778, in _wrapped_call_impl
    return self._call_impl(*args, **kwargs)
           ^^^^^^^^^^^^^^^^^^^^^^^^^^^^^^^^
  File "C:\Users\prana\OneDrive\Desktop\federated\.venv\Lib\site-packages\torch\nn\modules\module.py", line 1789, in _call_impl
    return forward_call(*args, **kwargs)
           ^^^^^^^^^^^^^^^^^^^^^^^^^^^^^
  File "C:\Users\prana\OneDrive\Desktop\federated\.venv\Lib\site-packages\torch\nn\modules\batchnorm.py", line 210, in forward
    return F.batch_norm(
           ^^^^^^^^^^^^^
  File "C:\Users\prana\OneDrive\Desktop\federated\.venv\Lib\site-packages\torch\nn\functional.py", line 2889, in batch_norm
    _verify_batch_size(input.size())
  File "C:\Users\prana\OneDrive\Desktop\federated\.venv\Lib\site-packages\torch\nn\functional.py", line 2854, in _verify_batch_size
    raise ValueError(
ValueError: Expected more than 1 value per channel when training, got input size torch.Size([1, 128])

The above exception was the direct cause of the following exception:

[36mray::ClientAppActor.run()[39m (pid=38708, ip=127.0.0.1, actor_id=133d957a37215074bbbb012401000000, repr=<flwr.simulation.ray_transport.ray_actor.ClientAppActor object at 0x000002BC8AD36ED0>)
  File "python\\ray\\_raylet.pyx", line 1836, in ray._raylet.execute_task
  File "python\\ray\\_raylet.pyx", line 1947, in ray._raylet.execute_task
  File "python\\ray\\_raylet.pyx", line 1843, in ray._raylet.execute_task
  File "python\\ray\\_raylet.pyx", line 1786, in ray._raylet.execute_task.function_executor
  File "C:\Users\prana\OneDrive\Desktop\federated\.venv\Lib\site-packages\ray\_private\function_manager.py", line 740, in actor_method_executor
    return method(__ray_actor, *args, **kwargs)
           ^^^^^^^^^^^^^^^^^^^^^^^^^^^^^^^^^^^^
  File "C:\Users\prana\OneDrive\Desktop\federated\.venv\Lib\site-packages\ray\util\tracing\tracing_helper.py", line 487, in _resume_span
    return method(self, *_args, **_kwargs)
           ^^^^^^^^^^^^^^^^^^^^^^^^^^^^^^^
  File "C:\Users\prana\OneDrive\Desktop\federated\.venv\Lib\site-packages\flwr\simulation\ray_transport\ray_actor.py", line 64, in run
    raise ClientAppException(str(ex)) from ex
flwr.client.client_app.ClientAppException: 
Exception ClientAppException occurred. Message: Expected more than 1 value per channel when training, got input size torch.Size([1, 128])

[2026-07-20 14:20:27,730][flwr][ERROR] - [36mray::ClientAppActor.run()[39m (pid=38708, ip=127.0.0.1, actor_id=133d957a37215074bbbb012401000000, repr=<flwr.simulation.ray_transport.ray_actor.ClientAppActor object at 0x000002BC8AD36ED0>)
                  ^^^^^^^^^^^^^^^^^^^^^^^^^^^^^^^^^^^^^
  File "C:\Users\prana\OneDrive\Desktop\federated\.venv\Lib\site-packages\flwr\client\client_app.py", line 98, in __call__
    return self._call(message, context)
           ^^^^^^^^^^^^^^^^^^^^^^^^^^^^
  File "C:\Users\prana\OneDrive\Desktop\federated\.venv\Lib\site-packages\flwr\client\client_app.py", line 81, in ffn
    out_message = handle_legacy_message_from_msgtype(
                  ^^^^^^^^^^^^^^^^^^^^^^^^^^^^^^^^^^^
  File "C:\Users\prana\OneDrive\Desktop\federated\.venv\Lib\site-packages\flwr\client\message_handler\message_handler.py", line 130, in handle_legacy_message_from_msgtype
    fit_res = maybe_call_fit(
              ^^^^^^^^^^^^^^^
  File "C:\Users\prana\OneDrive\Desktop\federated\.venv\Lib\site-packages\flwr\client\client.py", line 234, in maybe_call_fit
    return client.fit(fit_ins)
           ^^^^^^^^^^^^^^^^^^^
  File "C:\Users\prana\OneDrive\Desktop\federated\.venv\Lib\site-packages\flwr\client\numpy_client.py", line 238, in _fit
    results = self.numpy_client.fit(parameters, ins.config)  # type: ignore
              ^^^^^^^^^^^^^^^^^^^^^^^^^^^^^^^^^^^^^^^^^^^^^
  File "C:\Users\prana\OneDrive\Desktop\federated\app\federated\client.py", line 52, in fit
    self.trainer.fit(self.train_loader, self.val_loader, epochs=self.epochs,
  File "C:\Users\prana\OneDrive\Desktop\federated\app\training\trainer.py", line 37, in fit
    train_logs = self._train_epoch(train_loader, epoch, proximal_mu, global_params)
                 ^^^^^^^^^^^^^^^^^^^^^^^^^^^^^^^^^^^^^^^^^^^^^^^^^^^^^^^^^^^^^^^^^^
  File "C:\Users\prana\OneDrive\Desktop\federated\app\training\trainer.py", line 83, in _train_epoch
    output = self.model(data)
             ^^^^^^^^^^^^^^^^
  File "C:\Users\prana\OneDrive\Desktop\federated\.venv\Lib\site-packages\torch\nn\modules\module.py", line 1778, in _wrapped_call_impl
    return self._call_impl(*args, **kwargs)
           ^^^^^^^^^^^^^^^^^^^^^^^^^^^^^^^^
  File "C:\Users\prana\OneDrive\Desktop\federated\.venv\Lib\site-packages\torch\nn\modules\module.py", line 1789, in _call_impl
    return forward_call(*args, **kwargs)
           ^^^^^^^^^^^^^^^^^^^^^^^^^^^^^
  File "C:\Users\prana\OneDrive\Desktop\federated\app\models\mlp.py", line 24, in forward
    return self.network(x)
           ^^^^^^^^^^^^^^^
  File "C:\Users\prana\OneDrive\Desktop\federated\.venv\Lib\site-packages\torch\nn\modules\module.py", line 1778, in _wrapped_call_impl
    return self._call_impl(*args, **kwargs)
           ^^^^^^^^^^^^^^^^^^^^^^^^^^^^^^^^
  File "C:\Users\prana\OneDrive\Desktop\federated\.venv\Lib\site-packages\torch\nn\modules\module.py", line 1789, in _call_impl
    return forward_call(*args, **kwargs)
           ^^^^^^^^^^^^^^^^^^^^^^^^^^^^^
  File "C:\Users\prana\OneDrive\Desktop\federated\.venv\Lib\site-packages\torch\nn\modules\container.py", line 253, in forward
    input = module(input)
            ^^^^^^^^^^^^^
  File "C:\Users\prana\OneDrive\Desktop\federated\.venv\Lib\site-packages\torch\nn\modules\module.py", line 1778, in _wrapped_call_impl
    return self._call_impl(*args, **kwargs)
           ^^^^^^^^^^^^^^^^^^^^^^^^^^^^^^^^
  File "C:\Users\prana\OneDrive\Desktop\federated\.venv\Lib\site-packages\torch\nn\modules\module.py", line 1789, in _call_impl
    return forward_call(*args, **kwargs)
           ^^^^^^^^^^^^^^^^^^^^^^^^^^^^^
  File "C:\Users\prana\OneDrive\Desktop\federated\.venv\Lib\site-packages\torch\nn\modules\batchnorm.py", line 210, in forward
    return F.batch_norm(
           ^^^^^^^^^^^^^
  File "C:\Users\prana\OneDrive\Desktop\federated\.venv\Lib\site-packages\torch\nn\functional.py", line 2889, in batch_norm
    _verify_batch_size(input.size())
  File "C:\Users\prana\OneDrive\Desktop\federated\.venv\Lib\site-packages\torch\nn\functional.py", line 2854, in _verify_batch_size
    raise ValueError(
ValueError: Expected more than 1 value per channel when training, got input size torch.Size([1, 128])

The above exception was the direct cause of the following exception:

[36mray::ClientAppActor.run()[39m (pid=38708, ip=127.0.0.1, actor_id=133d957a37215074bbbb012401000000, repr=<flwr.simulation.ray_transport.ray_actor.ClientAppActor object at 0x000002BC8AD36ED0>)
  File "python\\ray\\_raylet.pyx", line 1836, in ray._raylet.execute_task
  File "python\\ray\\_raylet.pyx", line 1947, in ray._raylet.execute_task
  File "python\\ray\\_raylet.pyx", line 1843, in ray._raylet.execute_task
  File "python\\ray\\_raylet.pyx", line 1786, in ray._raylet.execute_task.function_executor
  File "C:\Users\prana\OneDrive\Desktop\federated\.venv\Lib\site-packages\ray\_private\function_manager.py", line 740, in actor_method_executor
    return method(__ray_actor, *args, **kwargs)
           ^^^^^^^^^^^^^^^^^^^^^^^^^^^^^^^^^^^^
  File "C:\Users\prana\OneDrive\Desktop\federated\.venv\Lib\site-packages\ray\util\tracing\tracing_helper.py", line 487, in _resume_span
    return method(self, *_args, **_kwargs)
           ^^^^^^^^^^^^^^^^^^^^^^^^^^^^^^^
  File "C:\Users\prana\OneDrive\Desktop\federated\.venv\Lib\site-packages\flwr\simulation\ray_transport\ray_actor.py", line 64, in run
    raise ClientAppException(str(ex)) from ex
flwr.client.client_app.ClientAppException: 
Exception ClientAppException occurred. Message: Expected more than 1 value per channel when training, got input size torch.Size([1, 128])
[2026-07-20 14:20:27,733][flwr][INFO] - aggregate_fit: received 0 results and 3 failures
[2026-07-20 14:20:27,734][flwr][INFO] - configure_evaluate: strategy sampled 3 clients (out of 3)
[2026-07-20 14:20:27,824][flwr][ERROR] - Traceback (most recent call last):
  File "C:\Users\prana\OneDrive\Desktop\federated\.venv\Lib\site-packages\flwr\simulation\ray_transport\ray_client_proxy.py", line 73, in _submit_job
    out_mssg, updated_context = self.actor_pool.get_client_result(
                                ^^^^^^^^^^^^^^^^^^^^^^^^^^^^^^^^^^
  File "C:\Users\prana\OneDrive\Desktop\federated\.venv\Lib\site-packages\flwr\simulation\ray_transport\ray_actor.py", line 399, in get_client_result
    return self._fetch_future_result(cid)
           ^^^^^^^^^^^^^^^^^^^^^^^^^^^^^^
  File "C:\Users\prana\OneDrive\Desktop\federated\.venv\Lib\site-packages\flwr\simulation\ray_transport\ray_actor.py", line 280, in _fetch_future_result
    res_cid, out_mssg, updated_context = ray.get(
                                         ^^^^^^^^
  File "C:\Users\prana\OneDrive\Desktop\federated\.venv\Lib\site-packages\ray\_private\auto_init_hook.py", line 22, in auto_init_wrapper
    return fn(*args, **kwargs)
           ^^^^^^^^^^^^^^^^^^^
  File "C:\Users\prana\OneDrive\Desktop\federated\.venv\Lib\site-packages\ray\_private\client_mode_hook.py", line 110, in wrapper
    return func(*args, **kwargs)
           ^^^^^^^^^^^^^^^^^^^^^
  File "C:\Users\prana\OneDrive\Desktop\federated\.venv\Lib\site-packages\ray\_private\worker.py", line 2968, in get
    values, debugger_breakpoint = worker.get_objects(
                                  ^^^^^^^^^^^^^^^^^^^
  File "C:\Users\prana\OneDrive\Desktop\federated\.venv\Lib\site-packages\ray\_private\worker.py", line 1050, in get_objects
    raise value.as_instanceof_cause()
ray.exceptions.RayTaskError(ClientAppException): [36mray::ClientAppActor.run()[39m (pid=37044, ip=127.0.0.1, actor_id=c5b4a99c5a110a248b607ff901000000, repr=<flwr.simulation.ray_transport.ray_actor.ClientAppActor object at 0x0000022406EA6A50>)
                  ^^^^^^^^^^^^^^^^^^^^^^^^^^^^^^^^^^^^^
  File "C:\Users\prana\OneDrive\Desktop\federated\.venv\Lib\site-packages\flwr\client\client_app.py", line 98, in __call__
    return self._call(message, context)
           ^^^^^^^^^^^^^^^^^^^^^^^^^^^^
  File "C:\Users\prana\OneDrive\Desktop\federated\.venv\Lib\site-packages\flwr\client\client_app.py", line 81, in ffn
    out_message = handle_legacy_message_from_msgtype(
                  ^^^^^^^^^^^^^^^^^^^^^^^^^^^^^^^^^^^
  File "C:\Users\prana\OneDrive\Desktop\federated\.venv\Lib\site-packages\flwr\client\message_handler\message_handler.py", line 96, in handle_legacy_message_from_msgtype
    client = client_fn(str(message.metadata.partition_id))
             ^^^^^^^^^^^^^^^^^^^^^^^^^^^^^^^^^^^^^^^^^^^^^
  File "C:\Users\prana\OneDrive\Desktop\federated\scripts\federated_simulation.py", line 44, in client_fn
    train_loader = data_module.train_dataloader()
                   ^^^^^^^^^^^^^^^^^^^^^^^^^^^^^^
  File "C:\Users\prana\OneDrive\Desktop\federated\app\datasets\loader.py", line 31, in train_dataloader
    return DataLoader(self.train_dataset, batch_size=self.batch_size, shuffle=True)
           ^^^^^^^^^^^^^^^^^^^^^^^^^^^^^^^^^^^^^^^^^^^^^^^^^^^^^^^^^^^^^^^^^^^^^^^^
  File "C:\Users\prana\OneDrive\Desktop\federated\.venv\Lib\site-packages\torch\utils\data\dataloader.py", line 401, in __init__
    sampler = RandomSampler(dataset, generator=generator)  # type: ignore[arg-type]
              ^^^^^^^^^^^^^^^^^^^^^^^^^^^^^^^^^^^^^^^^^^^
  File "C:\Users\prana\OneDrive\Desktop\federated\.venv\Lib\site-packages\torch\utils\data\sampler.py", line 149, in __init__
    raise ValueError(
ValueError: num_samples should be a positive integer value, but got num_samples=0

The above exception was the direct cause of the following exception:

[36mray::ClientAppActor.run()[39m (pid=37044, ip=127.0.0.1, actor_id=c5b4a99c5a110a248b607ff901000000, repr=<flwr.simulation.ray_transport.ray_actor.ClientAppActor object at 0x0000022406EA6A50>)
  File "python\\ray\\_raylet.pyx", line 1836, in ray._raylet.execute_task
  File "python\\ray\\_raylet.pyx", line 1947, in ray._raylet.execute_task
  File "python\\ray\\_raylet.pyx", line 1843, in ray._raylet.execute_task
  File "python\\ray\\_raylet.pyx", line 1786, in ray._raylet.execute_task.function_executor
  File "C:\Users\prana\OneDrive\Desktop\federated\.venv\Lib\site-packages\ray\_private\function_manager.py", line 740, in actor_method_executor
    return method(__ray_actor, *args, **kwargs)
           ^^^^^^^^^^^^^^^^^^^^^^^^^^^^^^^^^^^^
  File "C:\Users\prana\OneDrive\Desktop\federated\.venv\Lib\site-packages\ray\util\tracing\tracing_helper.py", line 487, in _resume_span
    return method(self, *_args, **_kwargs)
           ^^^^^^^^^^^^^^^^^^^^^^^^^^^^^^^
  File "C:\Users\prana\OneDrive\Desktop\federated\.venv\Lib\site-packages\flwr\simulation\ray_transport\ray_actor.py", line 64, in run
    raise ClientAppException(str(ex)) from ex
flwr.client.client_app.ClientAppException: 
Exception ClientAppException occurred. Message: num_samples should be a positive integer value, but got num_samples=0

[2026-07-20 14:20:27,831][flwr][ERROR] - [36mray::ClientAppActor.run()[39m (pid=37044, ip=127.0.0.1, actor_id=c5b4a99c5a110a248b607ff901000000, repr=<flwr.simulation.ray_transport.ray_actor.ClientAppActor object at 0x0000022406EA6A50>)
                  ^^^^^^^^^^^^^^^^^^^^^^^^^^^^^^^^^^^^^
  File "C:\Users\prana\OneDrive\Desktop\federated\.venv\Lib\site-packages\flwr\client\client_app.py", line 98, in __call__
    return self._call(message, context)
           ^^^^^^^^^^^^^^^^^^^^^^^^^^^^
  File "C:\Users\prana\OneDrive\Desktop\federated\.venv\Lib\site-packages\flwr\client\client_app.py", line 81, in ffn
    out_message = handle_legacy_message_from_msgtype(
                  ^^^^^^^^^^^^^^^^^^^^^^^^^^^^^^^^^^^
  File "C:\Users\prana\OneDrive\Desktop\federated\.venv\Lib\site-packages\flwr\client\message_handler\message_handler.py", line 96, in handle_legacy_message_from_msgtype
    client = client_fn(str(message.metadata.partition_id))
             ^^^^^^^^^^^^^^^^^^^^^^^^^^^^^^^^^^^^^^^^^^^^^
  File "C:\Users\prana\OneDrive\Desktop\federated\scripts\federated_simulation.py", line 44, in client_fn
    train_loader = data_module.train_dataloader()
                   ^^^^^^^^^^^^^^^^^^^^^^^^^^^^^^
  File "C:\Users\prana\OneDrive\Desktop\federated\app\datasets\loader.py", line 31, in train_dataloader
    return DataLoader(self.train_dataset, batch_size=self.batch_size, shuffle=True)
           ^^^^^^^^^^^^^^^^^^^^^^^^^^^^^^^^^^^^^^^^^^^^^^^^^^^^^^^^^^^^^^^^^^^^^^^^
  File "C:\Users\prana\OneDrive\Desktop\federated\.venv\Lib\site-packages\torch\utils\data\dataloader.py", line 401, in __init__
    sampler = RandomSampler(dataset, generator=generator)  # type: ignore[arg-type]
              ^^^^^^^^^^^^^^^^^^^^^^^^^^^^^^^^^^^^^^^^^^^
  File "C:\Users\prana\OneDrive\Desktop\federated\.venv\Lib\site-packages\torch\utils\data\sampler.py", line 149, in __init__
    raise ValueError(
ValueError: num_samples should be a positive integer value, but got num_samples=0

The above exception was the direct cause of the following exception:

[36mray::ClientAppActor.run()[39m (pid=37044, ip=127.0.0.1, actor_id=c5b4a99c5a110a248b607ff901000000, repr=<flwr.simulation.ray_transport.ray_actor.ClientAppActor object at 0x0000022406EA6A50>)
  File "python\\ray\\_raylet.pyx", line 1836, in ray._raylet.execute_task
  File "python\\ray\\_raylet.pyx", line 1947, in ray._raylet.execute_task
  File "python\\ray\\_raylet.pyx", line 1843, in ray._raylet.execute_task
  File "python\\ray\\_raylet.pyx", line 1786, in ray._raylet.execute_task.function_executor
  File "C:\Users\prana\OneDrive\Desktop\federated\.venv\Lib\site-packages\ray\_private\function_manager.py", line 740, in actor_method_executor
    return method(__ray_actor, *args, **kwargs)
           ^^^^^^^^^^^^^^^^^^^^^^^^^^^^^^^^^^^^
  File "C:\Users\prana\OneDrive\Desktop\federated\.venv\Lib\site-packages\ray\util\tracing\tracing_helper.py", line 487, in _resume_span
    return method(self, *_args, **_kwargs)
           ^^^^^^^^^^^^^^^^^^^^^^^^^^^^^^^
  File "C:\Users\prana\OneDrive\Desktop\federated\.venv\Lib\site-packages\flwr\simulation\ray_transport\ray_actor.py", line 64, in run
    raise ClientAppException(str(ex)) from ex
flwr.client.client_app.ClientAppException: 
Exception ClientAppException occurred. Message: num_samples should be a positive integer value, but got num_samples=0
[2026-07-20 14:20:28,042][flwr][INFO] - aggregate_evaluate: received 2 results and 1 failures
[2026-07-20 14:20:28,160][flwr][INFO] - 
[2026-07-20 14:20:28,160][flwr][INFO] - [ROUND 3]
[2026-07-20 14:20:28,161][flwr][INFO] - configure_fit: strategy sampled 3 clients (out of 3)
[2026-07-20 14:20:28,202][flwr][ERROR] - Traceback (most recent call last):
  File "C:\Users\prana\OneDrive\Desktop\federated\.venv\Lib\site-packages\flwr\simulation\ray_transport\ray_client_proxy.py", line 73, in _submit_job
    out_mssg, updated_context = self.actor_pool.get_client_result(
                                ^^^^^^^^^^^^^^^^^^^^^^^^^^^^^^^^^^
  File "C:\Users\prana\OneDrive\Desktop\federated\.venv\Lib\site-packages\flwr\simulation\ray_transport\ray_actor.py", line 399, in get_client_result
    return self._fetch_future_result(cid)
           ^^^^^^^^^^^^^^^^^^^^^^^^^^^^^^
  File "C:\Users\prana\OneDrive\Desktop\federated\.venv\Lib\site-packages\flwr\simulation\ray_transport\ray_actor.py", line 280, in _fetch_future_result
    res_cid, out_mssg, updated_context = ray.get(
                                         ^^^^^^^^
  File "C:\Users\prana\OneDrive\Desktop\federated\.venv\Lib\site-packages\ray\_private\auto_init_hook.py", line 22, in auto_init_wrapper
    return fn(*args, **kwargs)
           ^^^^^^^^^^^^^^^^^^^
  File "C:\Users\prana\OneDrive\Desktop\federated\.venv\Lib\site-packages\ray\_private\client_mode_hook.py", line 110, in wrapper
    return func(*args, **kwargs)
           ^^^^^^^^^^^^^^^^^^^^^
  File "C:\Users\prana\OneDrive\Desktop\federated\.venv\Lib\site-packages\ray\_private\worker.py", line 2968, in get
    values, debugger_breakpoint = worker.get_objects(
                                  ^^^^^^^^^^^^^^^^^^^
  File "C:\Users\prana\OneDrive\Desktop\federated\.venv\Lib\site-packages\ray\_private\worker.py", line 1050, in get_objects
    raise value.as_instanceof_cause()
ray.exceptions.RayTaskError(ClientAppException): [36mray::ClientAppActor.run()[39m (pid=38708, ip=127.0.0.1, actor_id=133d957a37215074bbbb012401000000, repr=<flwr.simulation.ray_transport.ray_actor.ClientAppActor object at 0x000002BC8AD36ED0>)
                  ^^^^^^^^^^^^^^^^^^^^^^^^^^^^^^^^^^^^^
  File "C:\Users\prana\OneDrive\Desktop\federated\.venv\Lib\site-packages\flwr\client\client_app.py", line 98, in __call__
    return self._call(message, context)
           ^^^^^^^^^^^^^^^^^^^^^^^^^^^^
  File "C:\Users\prana\OneDrive\Desktop\federated\.venv\Lib\site-packages\flwr\client\client_app.py", line 81, in ffn
    out_message = handle_legacy_message_from_msgtype(
                  ^^^^^^^^^^^^^^^^^^^^^^^^^^^^^^^^^^^
  File "C:\Users\prana\OneDrive\Desktop\federated\.venv\Lib\site-packages\flwr\client\message_handler\message_handler.py", line 96, in handle_legacy_message_from_msgtype
    client = client_fn(str(message.metadata.partition_id))
             ^^^^^^^^^^^^^^^^^^^^^^^^^^^^^^^^^^^^^^^^^^^^^
  File "C:\Users\prana\OneDrive\Desktop\federated\scripts\federated_simulation.py", line 44, in client_fn
    train_loader = data_module.train_dataloader()
                   ^^^^^^^^^^^^^^^^^^^^^^^^^^^^^^
  File "C:\Users\prana\OneDrive\Desktop\federated\app\datasets\loader.py", line 31, in train_dataloader
    return DataLoader(self.train_dataset, batch_size=self.batch_size, shuffle=True)
           ^^^^^^^^^^^^^^^^^^^^^^^^^^^^^^^^^^^^^^^^^^^^^^^^^^^^^^^^^^^^^^^^^^^^^^^^
  File "C:\Users\prana\OneDrive\Desktop\federated\.venv\Lib\site-packages\torch\utils\data\dataloader.py", line 401, in __init__
    sampler = RandomSampler(dataset, generator=generator)  # type: ignore[arg-type]
              ^^^^^^^^^^^^^^^^^^^^^^^^^^^^^^^^^^^^^^^^^^^
  File "C:\Users\prana\OneDrive\Desktop\federated\.venv\Lib\site-packages\torch\utils\data\sampler.py", line 149, in __init__
    raise ValueError(
ValueError: num_samples should be a positive integer value, but got num_samples=0

The above exception was the direct cause of the following exception:

[36mray::ClientAppActor.run()[39m (pid=38708, ip=127.0.0.1, actor_id=133d957a37215074bbbb012401000000, repr=<flwr.simulation.ray_transport.ray_actor.ClientAppActor object at 0x000002BC8AD36ED0>)
  File "python\\ray\\_raylet.pyx", line 1836, in ray._raylet.execute_task
  File "python\\ray\\_raylet.pyx", line 1947, in ray._raylet.execute_task
  File "python\\ray\\_raylet.pyx", line 1843, in ray._raylet.execute_task
  File "python\\ray\\_raylet.pyx", line 1786, in ray._raylet.execute_task.function_executor
  File "C:\Users\prana\OneDrive\Desktop\federated\.venv\Lib\site-packages\ray\_private\function_manager.py", line 740, in actor_method_executor
    return method(__ray_actor, *args, **kwargs)
           ^^^^^^^^^^^^^^^^^^^^^^^^^^^^^^^^^^^^
  File "C:\Users\prana\OneDrive\Desktop\federated\.venv\Lib\site-packages\ray\util\tracing\tracing_helper.py", line 487, in _resume_span
    return method(self, *_args, **_kwargs)
           ^^^^^^^^^^^^^^^^^^^^^^^^^^^^^^^
  File "C:\Users\prana\OneDrive\Desktop\federated\.venv\Lib\site-packages\flwr\simulation\ray_transport\ray_actor.py", line 64, in run
    raise ClientAppException(str(ex)) from ex
flwr.client.client_app.ClientAppException: 
Exception ClientAppException occurred. Message: num_samples should be a positive integer value, but got num_samples=0

[2026-07-20 14:20:28,204][flwr][ERROR] - [36mray::ClientAppActor.run()[39m (pid=38708, ip=127.0.0.1, actor_id=133d957a37215074bbbb012401000000, repr=<flwr.simulation.ray_transport.ray_actor.ClientAppActor object at 0x000002BC8AD36ED0>)
                  ^^^^^^^^^^^^^^^^^^^^^^^^^^^^^^^^^^^^^
  File "C:\Users\prana\OneDrive\Desktop\federated\.venv\Lib\site-packages\flwr\client\client_app.py", line 98, in __call__
    return self._call(message, context)
           ^^^^^^^^^^^^^^^^^^^^^^^^^^^^
  File "C:\Users\prana\OneDrive\Desktop\federated\.venv\Lib\site-packages\flwr\client\client_app.py", line 81, in ffn
    out_message = handle_legacy_message_from_msgtype(
                  ^^^^^^^^^^^^^^^^^^^^^^^^^^^^^^^^^^^
  File "C:\Users\prana\OneDrive\Desktop\federated\.venv\Lib\site-packages\flwr\client\message_handler\message_handler.py", line 96, in handle_legacy_message_from_msgtype
    client = client_fn(str(message.metadata.partition_id))
             ^^^^^^^^^^^^^^^^^^^^^^^^^^^^^^^^^^^^^^^^^^^^^
  File "C:\Users\prana\OneDrive\Desktop\federated\scripts\federated_simulation.py", line 44, in client_fn
    train_loader = data_module.train_dataloader()
                   ^^^^^^^^^^^^^^^^^^^^^^^^^^^^^^
  File "C:\Users\prana\OneDrive\Desktop\federated\app\datasets\loader.py", line 31, in train_dataloader
    return DataLoader(self.train_dataset, batch_size=self.batch_size, shuffle=True)
           ^^^^^^^^^^^^^^^^^^^^^^^^^^^^^^^^^^^^^^^^^^^^^^^^^^^^^^^^^^^^^^^^^^^^^^^^
  File "C:\Users\prana\OneDrive\Desktop\federated\.venv\Lib\site-packages\torch\utils\data\dataloader.py", line 401, in __init__
    sampler = RandomSampler(dataset, generator=generator)  # type: ignore[arg-type]
              ^^^^^^^^^^^^^^^^^^^^^^^^^^^^^^^^^^^^^^^^^^^
  File "C:\Users\prana\OneDrive\Desktop\federated\.venv\Lib\site-packages\torch\utils\data\sampler.py", line 149, in __init__
    raise ValueError(
ValueError: num_samples should be a positive integer value, but got num_samples=0

The above exception was the direct cause of the following exception:

[36mray::ClientAppActor.run()[39m (pid=38708, ip=127.0.0.1, actor_id=133d957a37215074bbbb012401000000, repr=<flwr.simulation.ray_transport.ray_actor.ClientAppActor object at 0x000002BC8AD36ED0>)
  File "python\\ray\\_raylet.pyx", line 1836, in ray._raylet.execute_task
  File "python\\ray\\_raylet.pyx", line 1947, in ray._raylet.execute_task
  File "python\\ray\\_raylet.pyx", line 1843, in ray._raylet.execute_task
  File "python\\ray\\_raylet.pyx", line 1786, in ray._raylet.execute_task.function_executor
  File "C:\Users\prana\OneDrive\Desktop\federated\.venv\Lib\site-packages\ray\_private\function_manager.py", line 740, in actor_method_executor
    return method(__ray_actor, *args, **kwargs)
           ^^^^^^^^^^^^^^^^^^^^^^^^^^^^^^^^^^^^
  File "C:\Users\prana\OneDrive\Desktop\federated\.venv\Lib\site-packages\ray\util\tracing\tracing_helper.py", line 487, in _resume_span
    return method(self, *_args, **_kwargs)
           ^^^^^^^^^^^^^^^^^^^^^^^^^^^^^^^
  File "C:\Users\prana\OneDrive\Desktop\federated\.venv\Lib\site-packages\flwr\simulation\ray_transport\ray_actor.py", line 64, in run
    raise ClientAppException(str(ex)) from ex
flwr.client.client_app.ClientAppException: 
Exception ClientAppException occurred. Message: num_samples should be a positive integer value, but got num_samples=0
[2026-07-20 14:20:28,346][flwr][ERROR] - Traceback (most recent call last):
  File "C:\Users\prana\OneDrive\Desktop\federated\.venv\Lib\site-packages\flwr\simulation\ray_transport\ray_client_proxy.py", line 73, in _submit_job
    out_mssg, updated_context = self.actor_pool.get_client_result(
                                ^^^^^^^^^^^^^^^^^^^^^^^^^^^^^^^^^^
  File "C:\Users\prana\OneDrive\Desktop\federated\.venv\Lib\site-packages\flwr\simulation\ray_transport\ray_actor.py", line 399, in get_client_result
    return self._fetch_future_result(cid)
           ^^^^^^^^^^^^^^^^^^^^^^^^^^^^^^
  File "C:\Users\prana\OneDrive\Desktop\federated\.venv\Lib\site-packages\flwr\simulation\ray_transport\ray_actor.py", line 280, in _fetch_future_result
    res_cid, out_mssg, updated_context = ray.get(
                                         ^^^^^^^^
  File "C:\Users\prana\OneDrive\Desktop\federated\.venv\Lib\site-packages\ray\_private\auto_init_hook.py", line 22, in auto_init_wrapper
    return fn(*args, **kwargs)
           ^^^^^^^^^^^^^^^^^^^
  File "C:\Users\prana\OneDrive\Desktop\federated\.venv\Lib\site-packages\ray\_private\client_mode_hook.py", line 110, in wrapper
    return func(*args, **kwargs)
           ^^^^^^^^^^^^^^^^^^^^^
  File "C:\Users\prana\OneDrive\Desktop\federated\.venv\Lib\site-packages\ray\_private\worker.py", line 2968, in get
    values, debugger_breakpoint = worker.get_objects(
                                  ^^^^^^^^^^^^^^^^^^^
  File "C:\Users\prana\OneDrive\Desktop\federated\.venv\Lib\site-packages\ray\_private\worker.py", line 1050, in get_objects
    raise value.as_instanceof_cause()
ray.exceptions.RayTaskError(ClientAppException): [36mray::ClientAppActor.run()[39m (pid=39060, ip=127.0.0.1, actor_id=7cc6fde5ba80aab473ecf69901000000, repr=<flwr.simulation.ray_transport.ray_actor.ClientAppActor object at 0x000001A0D580ACF0>)
                  ^^^^^^^^^^^^^^^^^^^^^^^^^^^^^^^^^^^^^
  File "C:\Users\prana\OneDrive\Desktop\federated\.venv\Lib\site-packages\flwr\client\client_app.py", line 98, in __call__
    return self._call(message, context)
           ^^^^^^^^^^^^^^^^^^^^^^^^^^^^
  File "C:\Users\prana\OneDrive\Desktop\federated\.venv\Lib\site-packages\flwr\client\client_app.py", line 81, in ffn
    out_message = handle_legacy_message_from_msgtype(
                  ^^^^^^^^^^^^^^^^^^^^^^^^^^^^^^^^^^^
  File "C:\Users\prana\OneDrive\Desktop\federated\.venv\Lib\site-packages\flwr\client\message_handler\message_handler.py", line 130, in handle_legacy_message_from_msgtype
    fit_res = maybe_call_fit(
              ^^^^^^^^^^^^^^^
  File "C:\Users\prana\OneDrive\Desktop\federated\.venv\Lib\site-packages\flwr\client\client.py", line 234, in maybe_call_fit
    return client.fit(fit_ins)
           ^^^^^^^^^^^^^^^^^^^
  File "C:\Users\prana\OneDrive\Desktop\federated\.venv\Lib\site-packages\flwr\client\numpy_client.py", line 238, in _fit
    results = self.numpy_client.fit(parameters, ins.config)  # type: ignore
              ^^^^^^^^^^^^^^^^^^^^^^^^^^^^^^^^^^^^^^^^^^^^^
  File "C:\Users\prana\OneDrive\Desktop\federated\app\federated\client.py", line 52, in fit
    self.trainer.fit(self.train_loader, self.val_loader, epochs=self.epochs,
  File "C:\Users\prana\OneDrive\Desktop\federated\app\training\trainer.py", line 37, in fit
    train_logs = self._train_epoch(train_loader, epoch, proximal_mu, global_params)
                 ^^^^^^^^^^^^^^^^^^^^^^^^^^^^^^^^^^^^^^^^^^^^^^^^^^^^^^^^^^^^^^^^^^
  File "C:\Users\prana\OneDrive\Desktop\federated\app\training\trainer.py", line 83, in _train_epoch
    output = self.model(data)
             ^^^^^^^^^^^^^^^^
  File "C:\Users\prana\OneDrive\Desktop\federated\.venv\Lib\site-packages\torch\nn\modules\module.py", line 1778, in _wrapped_call_impl
    return self._call_impl(*args, **kwargs)
           ^^^^^^^^^^^^^^^^^^^^^^^^^^^^^^^^
  File "C:\Users\prana\OneDrive\Desktop\federated\.venv\Lib\site-packages\torch\nn\modules\module.py", line 1789, in _call_impl
    return forward_call(*args, **kwargs)
           ^^^^^^^^^^^^^^^^^^^^^^^^^^^^^
  File "C:\Users\prana\OneDrive\Desktop\federated\app\models\mlp.py", line 24, in forward
    return self.network(x)
           ^^^^^^^^^^^^^^^
  File "C:\Users\prana\OneDrive\Desktop\federated\.venv\Lib\site-packages\torch\nn\modules\module.py", line 1778, in _wrapped_call_impl
    return self._call_impl(*args, **kwargs)
           ^^^^^^^^^^^^^^^^^^^^^^^^^^^^^^^^
  File "C:\Users\prana\OneDrive\Desktop\federated\.venv\Lib\site-packages\torch\nn\modules\module.py", line 1789, in _call_impl
    return forward_call(*args, **kwargs)
           ^^^^^^^^^^^^^^^^^^^^^^^^^^^^^
  File "C:\Users\prana\OneDrive\Desktop\federated\.venv\Lib\site-packages\torch\nn\modules\container.py", line 253, in forward
    input = module(input)
            ^^^^^^^^^^^^^
  File "C:\Users\prana\OneDrive\Desktop\federated\.venv\Lib\site-packages\torch\nn\modules\module.py", line 1778, in _wrapped_call_impl
    return self._call_impl(*args, **kwargs)
           ^^^^^^^^^^^^^^^^^^^^^^^^^^^^^^^^
  File "C:\Users\prana\OneDrive\Desktop\federated\.venv\Lib\site-packages\torch\nn\modules\module.py", line 1789, in _call_impl
    return forward_call(*args, **kwargs)
           ^^^^^^^^^^^^^^^^^^^^^^^^^^^^^
  File "C:\Users\prana\OneDrive\Desktop\federated\.venv\Lib\site-packages\torch\nn\modules\batchnorm.py", line 210, in forward
    return F.batch_norm(
           ^^^^^^^^^^^^^
  File "C:\Users\prana\OneDrive\Desktop\federated\.venv\Lib\site-packages\torch\nn\functional.py", line 2889, in batch_norm
    _verify_batch_size(input.size())
  File "C:\Users\prana\OneDrive\Desktop\federated\.venv\Lib\site-packages\torch\nn\functional.py", line 2854, in _verify_batch_size
    raise ValueError(
ValueError: Expected more than 1 value per channel when training, got input size torch.Size([1, 128])

The above exception was the direct cause of the following exception:

[36mray::ClientAppActor.run()[39m (pid=39060, ip=127.0.0.1, actor_id=7cc6fde5ba80aab473ecf69901000000, repr=<flwr.simulation.ray_transport.ray_actor.ClientAppActor object at 0x000001A0D580ACF0>)
  File "python\\ray\\_raylet.pyx", line 1836, in ray._raylet.execute_task
  File "python\\ray\\_raylet.pyx", line 1947, in ray._raylet.execute_task
  File "python\\ray\\_raylet.pyx", line 1843, in ray._raylet.execute_task
  File "python\\ray\\_raylet.pyx", line 1786, in ray._raylet.execute_task.function_executor
  File "C:\Users\prana\OneDrive\Desktop\federated\.venv\Lib\site-packages\ray\_private\function_manager.py", line 740, in actor_method_executor
    return method(__ray_actor, *args, **kwargs)
           ^^^^^^^^^^^^^^^^^^^^^^^^^^^^^^^^^^^^
  File "C:\Users\prana\OneDrive\Desktop\federated\.venv\Lib\site-packages\ray\util\tracing\tracing_helper.py", line 487, in _resume_span
    return method(self, *_args, **_kwargs)
           ^^^^^^^^^^^^^^^^^^^^^^^^^^^^^^^
  File "C:\Users\prana\OneDrive\Desktop\federated\.venv\Lib\site-packages\flwr\simulation\ray_transport\ray_actor.py", line 64, in run
    raise ClientAppException(str(ex)) from ex
flwr.client.client_app.ClientAppException: 
Exception ClientAppException occurred. Message: Expected more than 1 value per channel when training, got input size torch.Size([1, 128])

[2026-07-20 14:20:28,350][flwr][ERROR] - [36mray::ClientAppActor.run()[39m (pid=39060, ip=127.0.0.1, actor_id=7cc6fde5ba80aab473ecf69901000000, repr=<flwr.simulation.ray_transport.ray_actor.ClientAppActor object at 0x000001A0D580ACF0>)
                  ^^^^^^^^^^^^^^^^^^^^^^^^^^^^^^^^^^^^^
  File "C:\Users\prana\OneDrive\Desktop\federated\.venv\Lib\site-packages\flwr\client\client_app.py", line 98, in __call__
    return self._call(message, context)
           ^^^^^^^^^^^^^^^^^^^^^^^^^^^^
  File "C:\Users\prana\OneDrive\Desktop\federated\.venv\Lib\site-packages\flwr\client\client_app.py", line 81, in ffn
    out_message = handle_legacy_message_from_msgtype(
                  ^^^^^^^^^^^^^^^^^^^^^^^^^^^^^^^^^^^
  File "C:\Users\prana\OneDrive\Desktop\federated\.venv\Lib\site-packages\flwr\client\message_handler\message_handler.py", line 130, in handle_legacy_message_from_msgtype
    fit_res = maybe_call_fit(
              ^^^^^^^^^^^^^^^
  File "C:\Users\prana\OneDrive\Desktop\federated\.venv\Lib\site-packages\flwr\client\client.py", line 234, in maybe_call_fit
    return client.fit(fit_ins)
           ^^^^^^^^^^^^^^^^^^^
  File "C:\Users\prana\OneDrive\Desktop\federated\.venv\Lib\site-packages\flwr\client\numpy_client.py", line 238, in _fit
    results = self.numpy_client.fit(parameters, ins.config)  # type: ignore
              ^^^^^^^^^^^^^^^^^^^^^^^^^^^^^^^^^^^^^^^^^^^^^
  File "C:\Users\prana\OneDrive\Desktop\federated\app\federated\client.py", line 52, in fit
    self.trainer.fit(self.train_loader, self.val_loader, epochs=self.epochs,
  File "C:\Users\prana\OneDrive\Desktop\federated\app\training\trainer.py", line 37, in fit
    train_logs = self._train_epoch(train_loader, epoch, proximal_mu, global_params)
                 ^^^^^^^^^^^^^^^^^^^^^^^^^^^^^^^^^^^^^^^^^^^^^^^^^^^^^^^^^^^^^^^^^^
  File "C:\Users\prana\OneDrive\Desktop\federated\app\training\trainer.py", line 83, in _train_epoch
    output = self.model(data)
             ^^^^^^^^^^^^^^^^
  File "C:\Users\prana\OneDrive\Desktop\federated\.venv\Lib\site-packages\torch\nn\modules\module.py", line 1778, in _wrapped_call_impl
    return self._call_impl(*args, **kwargs)
           ^^^^^^^^^^^^^^^^^^^^^^^^^^^^^^^^
  File "C:\Users\prana\OneDrive\Desktop\federated\.venv\Lib\site-packages\torch\nn\modules\module.py", line 1789, in _call_impl
    return forward_call(*args, **kwargs)
           ^^^^^^^^^^^^^^^^^^^^^^^^^^^^^
  File "C:\Users\prana\OneDrive\Desktop\federated\app\models\mlp.py", line 24, in forward
    return self.network(x)
           ^^^^^^^^^^^^^^^
  File "C:\Users\prana\OneDrive\Desktop\federated\.venv\Lib\site-packages\torch\nn\modules\module.py", line 1778, in _wrapped_call_impl
    return self._call_impl(*args, **kwargs)
           ^^^^^^^^^^^^^^^^^^^^^^^^^^^^^^^^
  File "C:\Users\prana\OneDrive\Desktop\federated\.venv\Lib\site-packages\torch\nn\modules\module.py", line 1789, in _call_impl
    return forward_call(*args, **kwargs)
           ^^^^^^^^^^^^^^^^^^^^^^^^^^^^^
  File "C:\Users\prana\OneDrive\Desktop\federated\.venv\Lib\site-packages\torch\nn\modules\container.py", line 253, in forward
    input = module(input)
            ^^^^^^^^^^^^^
  File "C:\Users\prana\OneDrive\Desktop\federated\.venv\Lib\site-packages\torch\nn\modules\module.py", line 1778, in _wrapped_call_impl
    return self._call_impl(*args, **kwargs)
           ^^^^^^^^^^^^^^^^^^^^^^^^^^^^^^^^
  File "C:\Users\prana\OneDrive\Desktop\federated\.venv\Lib\site-packages\torch\nn\modules\module.py", line 1789, in _call_impl
    return forward_call(*args, **kwargs)
           ^^^^^^^^^^^^^^^^^^^^^^^^^^^^^
  File "C:\Users\prana\OneDrive\Desktop\federated\.venv\Lib\site-packages\torch\nn\modules\batchnorm.py", line 210, in forward
    return F.batch_norm(
           ^^^^^^^^^^^^^
  File "C:\Users\prana\OneDrive\Desktop\federated\.venv\Lib\site-packages\torch\nn\functional.py", line 2889, in batch_norm
    _verify_batch_size(input.size())
  File "C:\Users\prana\OneDrive\Desktop\federated\.venv\Lib\site-packages\torch\nn\functional.py", line 2854, in _verify_batch_size
    raise ValueError(
ValueError: Expected more than 1 value per channel when training, got input size torch.Size([1, 128])

The above exception was the direct cause of the following exception:

[36mray::ClientAppActor.run()[39m (pid=39060, ip=127.0.0.1, actor_id=7cc6fde5ba80aab473ecf69901000000, repr=<flwr.simulation.ray_transport.ray_actor.ClientAppActor object at 0x000001A0D580ACF0>)
  File "python\\ray\\_raylet.pyx", line 1836, in ray._raylet.execute_task
  File "python\\ray\\_raylet.pyx", line 1947, in ray._raylet.execute_task
  File "python\\ray\\_raylet.pyx", line 1843, in ray._raylet.execute_task
  File "python\\ray\\_raylet.pyx", line 1786, in ray._raylet.execute_task.function_executor
  File "C:\Users\prana\OneDrive\Desktop\federated\.venv\Lib\site-packages\ray\_private\function_manager.py", line 740, in actor_method_executor
    return method(__ray_actor, *args, **kwargs)
           ^^^^^^^^^^^^^^^^^^^^^^^^^^^^^^^^^^^^
  File "C:\Users\prana\OneDrive\Desktop\federated\.venv\Lib\site-packages\ray\util\tracing\tracing_helper.py", line 487, in _resume_span
    return method(self, *_args, **_kwargs)
           ^^^^^^^^^^^^^^^^^^^^^^^^^^^^^^^
  File "C:\Users\prana\OneDrive\Desktop\federated\.venv\Lib\site-packages\flwr\simulation\ray_transport\ray_actor.py", line 64, in run
    raise ClientAppException(str(ex)) from ex
flwr.client.client_app.ClientAppException: 
Exception ClientAppException occurred. Message: Expected more than 1 value per channel when training, got input size torch.Size([1, 128])
[2026-07-20 14:20:28,371][flwr][ERROR] - Traceback (most recent call last):
  File "C:\Users\prana\OneDrive\Desktop\federated\.venv\Lib\site-packages\flwr\simulation\ray_transport\ray_client_proxy.py", line 73, in _submit_job
    out_mssg, updated_context = self.actor_pool.get_client_result(
                                ^^^^^^^^^^^^^^^^^^^^^^^^^^^^^^^^^^
  File "C:\Users\prana\OneDrive\Desktop\federated\.venv\Lib\site-packages\flwr\simulation\ray_transport\ray_actor.py", line 399, in get_client_result
    return self._fetch_future_result(cid)
           ^^^^^^^^^^^^^^^^^^^^^^^^^^^^^^
  File "C:\Users\prana\OneDrive\Desktop\federated\.venv\Lib\site-packages\flwr\simulation\ray_transport\ray_actor.py", line 280, in _fetch_future_result
    res_cid, out_mssg, updated_context = ray.get(
                                         ^^^^^^^^
  File "C:\Users\prana\OneDrive\Desktop\federated\.venv\Lib\site-packages\ray\_private\auto_init_hook.py", line 22, in auto_init_wrapper
    return fn(*args, **kwargs)
           ^^^^^^^^^^^^^^^^^^^
  File "C:\Users\prana\OneDrive\Desktop\federated\.venv\Lib\site-packages\ray\_private\client_mode_hook.py", line 110, in wrapper
    return func(*args, **kwargs)
           ^^^^^^^^^^^^^^^^^^^^^
  File "C:\Users\prana\OneDrive\Desktop\federated\.venv\Lib\site-packages\ray\_private\worker.py", line 2968, in get
    values, debugger_breakpoint = worker.get_objects(
                                  ^^^^^^^^^^^^^^^^^^^
  File "C:\Users\prana\OneDrive\Desktop\federated\.venv\Lib\site-packages\ray\_private\worker.py", line 1050, in get_objects
    raise value.as_instanceof_cause()
ray.exceptions.RayTaskError(ClientAppException): [36mray::ClientAppActor.run()[39m (pid=37044, ip=127.0.0.1, actor_id=c5b4a99c5a110a248b607ff901000000, repr=<flwr.simulation.ray_transport.ray_actor.ClientAppActor object at 0x0000022406EA6A50>)
                  ^^^^^^^^^^^^^^^^^^^^^^^^^^^^^^^^^^^^^
  File "C:\Users\prana\OneDrive\Desktop\federated\.venv\Lib\site-packages\flwr\client\client_app.py", line 98, in __call__
    return self._call(message, context)
           ^^^^^^^^^^^^^^^^^^^^^^^^^^^^
  File "C:\Users\prana\OneDrive\Desktop\federated\.venv\Lib\site-packages\flwr\client\client_app.py", line 81, in ffn
    out_message = handle_legacy_message_from_msgtype(
                  ^^^^^^^^^^^^^^^^^^^^^^^^^^^^^^^^^^^
  File "C:\Users\prana\OneDrive\Desktop\federated\.venv\Lib\site-packages\flwr\client\message_handler\message_handler.py", line 130, in handle_legacy_message_from_msgtype
    fit_res = maybe_call_fit(
              ^^^^^^^^^^^^^^^
  File "C:\Users\prana\OneDrive\Desktop\federated\.venv\Lib\site-packages\flwr\client\client.py", line 234, in maybe_call_fit
    return client.fit(fit_ins)
           ^^^^^^^^^^^^^^^^^^^
  File "C:\Users\prana\OneDrive\Desktop\federated\.venv\Lib\site-packages\flwr\client\numpy_client.py", line 238, in _fit
    results = self.numpy_client.fit(parameters, ins.config)  # type: ignore
              ^^^^^^^^^^^^^^^^^^^^^^^^^^^^^^^^^^^^^^^^^^^^^
  File "C:\Users\prana\OneDrive\Desktop\federated\app\federated\client.py", line 52, in fit
    self.trainer.fit(self.train_loader, self.val_loader, epochs=self.epochs,
  File "C:\Users\prana\OneDrive\Desktop\federated\app\training\trainer.py", line 37, in fit
    train_logs = self._train_epoch(train_loader, epoch, proximal_mu, global_params)
                 ^^^^^^^^^^^^^^^^^^^^^^^^^^^^^^^^^^^^^^^^^^^^^^^^^^^^^^^^^^^^^^^^^^
  File "C:\Users\prana\OneDrive\Desktop\federated\app\training\trainer.py", line 83, in _train_epoch
    output = self.model(data)
             ^^^^^^^^^^^^^^^^
  File "C:\Users\prana\OneDrive\Desktop\federated\.venv\Lib\site-packages\torch\nn\modules\module.py", line 1778, in _wrapped_call_impl
    return self._call_impl(*args, **kwargs)
           ^^^^^^^^^^^^^^^^^^^^^^^^^^^^^^^^
  File "C:\Users\prana\OneDrive\Desktop\federated\.venv\Lib\site-packages\torch\nn\modules\module.py", line 1789, in _call_impl
    return forward_call(*args, **kwargs)
           ^^^^^^^^^^^^^^^^^^^^^^^^^^^^^
  File "C:\Users\prana\OneDrive\Desktop\federated\app\models\mlp.py", line 24, in forward
    return self.network(x)
           ^^^^^^^^^^^^^^^
  File "C:\Users\prana\OneDrive\Desktop\federated\.venv\Lib\site-packages\torch\nn\modules\module.py", line 1778, in _wrapped_call_impl
    return self._call_impl(*args, **kwargs)
           ^^^^^^^^^^^^^^^^^^^^^^^^^^^^^^^^
  File "C:\Users\prana\OneDrive\Desktop\federated\.venv\Lib\site-packages\torch\nn\modules\module.py", line 1789, in _call_impl
    return forward_call(*args, **kwargs)
           ^^^^^^^^^^^^^^^^^^^^^^^^^^^^^
  File "C:\Users\prana\OneDrive\Desktop\federated\.venv\Lib\site-packages\torch\nn\modules\container.py", line 253, in forward
    input = module(input)
            ^^^^^^^^^^^^^
  File "C:\Users\prana\OneDrive\Desktop\federated\.venv\Lib\site-packages\torch\nn\modules\module.py", line 1778, in _wrapped_call_impl
    return self._call_impl(*args, **kwargs)
           ^^^^^^^^^^^^^^^^^^^^^^^^^^^^^^^^
  File "C:\Users\prana\OneDrive\Desktop\federated\.venv\Lib\site-packages\torch\nn\modules\module.py", line 1789, in _call_impl
    return forward_call(*args, **kwargs)
           ^^^^^^^^^^^^^^^^^^^^^^^^^^^^^
  File "C:\Users\prana\OneDrive\Desktop\federated\.venv\Lib\site-packages\torch\nn\modules\batchnorm.py", line 210, in forward
    return F.batch_norm(
           ^^^^^^^^^^^^^
  File "C:\Users\prana\OneDrive\Desktop\federated\.venv\Lib\site-packages\torch\nn\functional.py", line 2889, in batch_norm
    _verify_batch_size(input.size())
  File "C:\Users\prana\OneDrive\Desktop\federated\.venv\Lib\site-packages\torch\nn\functional.py", line 2854, in _verify_batch_size
    raise ValueError(
ValueError: Expected more than 1 value per channel when training, got input size torch.Size([1, 128])

The above exception was the direct cause of the following exception:

[36mray::ClientAppActor.run()[39m (pid=37044, ip=127.0.0.1, actor_id=c5b4a99c5a110a248b607ff901000000, repr=<flwr.simulation.ray_transport.ray_actor.ClientAppActor object at 0x0000022406EA6A50>)
  File "python\\ray\\_raylet.pyx", line 1836, in ray._raylet.execute_task
  File "python\\ray\\_raylet.pyx", line 1947, in ray._raylet.execute_task
  File "python\\ray\\_raylet.pyx", line 1843, in ray._raylet.execute_task
  File "python\\ray\\_raylet.pyx", line 1786, in ray._raylet.execute_task.function_executor
  File "C:\Users\prana\OneDrive\Desktop\federated\.venv\Lib\site-packages\ray\_private\function_manager.py", line 740, in actor_method_executor
    return method(__ray_actor, *args, **kwargs)
           ^^^^^^^^^^^^^^^^^^^^^^^^^^^^^^^^^^^^
  File "C:\Users\prana\OneDrive\Desktop\federated\.venv\Lib\site-packages\ray\util\tracing\tracing_helper.py", line 487, in _resume_span
    return method(self, *_args, **_kwargs)
           ^^^^^^^^^^^^^^^^^^^^^^^^^^^^^^^
  File "C:\Users\prana\OneDrive\Desktop\federated\.venv\Lib\site-packages\flwr\simulation\ray_transport\ray_actor.py", line 64, in run
    raise ClientAppException(str(ex)) from ex
flwr.client.client_app.ClientAppException: 
Exception ClientAppException occurred. Message: Expected more than 1 value per channel when training, got input size torch.Size([1, 128])

[2026-07-20 14:20:28,374][flwr][ERROR] - [36mray::ClientAppActor.run()[39m (pid=37044, ip=127.0.0.1, actor_id=c5b4a99c5a110a248b607ff901000000, repr=<flwr.simulation.ray_transport.ray_actor.ClientAppActor object at 0x0000022406EA6A50>)
                  ^^^^^^^^^^^^^^^^^^^^^^^^^^^^^^^^^^^^^
  File "C:\Users\prana\OneDrive\Desktop\federated\.venv\Lib\site-packages\flwr\client\client_app.py", line 98, in __call__
    return self._call(message, context)
           ^^^^^^^^^^^^^^^^^^^^^^^^^^^^
  File "C:\Users\prana\OneDrive\Desktop\federated\.venv\Lib\site-packages\flwr\client\client_app.py", line 81, in ffn
    out_message = handle_legacy_message_from_msgtype(
                  ^^^^^^^^^^^^^^^^^^^^^^^^^^^^^^^^^^^
  File "C:\Users\prana\OneDrive\Desktop\federated\.venv\Lib\site-packages\flwr\client\message_handler\message_handler.py", line 130, in handle_legacy_message_from_msgtype
    fit_res = maybe_call_fit(
              ^^^^^^^^^^^^^^^
  File "C:\Users\prana\OneDrive\Desktop\federated\.venv\Lib\site-packages\flwr\client\client.py", line 234, in maybe_call_fit
    return client.fit(fit_ins)
           ^^^^^^^^^^^^^^^^^^^
  File "C:\Users\prana\OneDrive\Desktop\federated\.venv\Lib\site-packages\flwr\client\numpy_client.py", line 238, in _fit
    results = self.numpy_client.fit(parameters, ins.config)  # type: ignore
              ^^^^^^^^^^^^^^^^^^^^^^^^^^^^^^^^^^^^^^^^^^^^^
  File "C:\Users\prana\OneDrive\Desktop\federated\app\federated\client.py", line 52, in fit
    self.trainer.fit(self.train_loader, self.val_loader, epochs=self.epochs,
  File "C:\Users\prana\OneDrive\Desktop\federated\app\training\trainer.py", line 37, in fit
    train_logs = self._train_epoch(train_loader, epoch, proximal_mu, global_params)
                 ^^^^^^^^^^^^^^^^^^^^^^^^^^^^^^^^^^^^^^^^^^^^^^^^^^^^^^^^^^^^^^^^^^
  File "C:\Users\prana\OneDrive\Desktop\federated\app\training\trainer.py", line 83, in _train_epoch
    output = self.model(data)
             ^^^^^^^^^^^^^^^^
  File "C:\Users\prana\OneDrive\Desktop\federated\.venv\Lib\site-packages\torch\nn\modules\module.py", line 1778, in _wrapped_call_impl
    return self._call_impl(*args, **kwargs)
           ^^^^^^^^^^^^^^^^^^^^^^^^^^^^^^^^
  File "C:\Users\prana\OneDrive\Desktop\federated\.venv\Lib\site-packages\torch\nn\modules\module.py", line 1789, in _call_impl
    return forward_call(*args, **kwargs)
           ^^^^^^^^^^^^^^^^^^^^^^^^^^^^^
  File "C:\Users\prana\OneDrive\Desktop\federated\app\models\mlp.py", line 24, in forward
    return self.network(x)
           ^^^^^^^^^^^^^^^
  File "C:\Users\prana\OneDrive\Desktop\federated\.venv\Lib\site-packages\torch\nn\modules\module.py", line 1778, in _wrapped_call_impl
    return self._call_impl(*args, **kwargs)
           ^^^^^^^^^^^^^^^^^^^^^^^^^^^^^^^^
  File "C:\Users\prana\OneDrive\Desktop\federated\.venv\Lib\site-packages\torch\nn\modules\module.py", line 1789, in _call_impl
    return forward_call(*args, **kwargs)
           ^^^^^^^^^^^^^^^^^^^^^^^^^^^^^
  File "C:\Users\prana\OneDrive\Desktop\federated\.venv\Lib\site-packages\torch\nn\modules\container.py", line 253, in forward
    input = module(input)
            ^^^^^^^^^^^^^
  File "C:\Users\prana\OneDrive\Desktop\federated\.venv\Lib\site-packages\torch\nn\modules\module.py", line 1778, in _wrapped_call_impl
    return self._call_impl(*args, **kwargs)
           ^^^^^^^^^^^^^^^^^^^^^^^^^^^^^^^^
  File "C:\Users\prana\OneDrive\Desktop\federated\.venv\Lib\site-packages\torch\nn\modules\module.py", line 1789, in _call_impl
    return forward_call(*args, **kwargs)
           ^^^^^^^^^^^^^^^^^^^^^^^^^^^^^
  File "C:\Users\prana\OneDrive\Desktop\federated\.venv\Lib\site-packages\torch\nn\modules\batchnorm.py", line 210, in forward
    return F.batch_norm(
           ^^^^^^^^^^^^^
  File "C:\Users\prana\OneDrive\Desktop\federated\.venv\Lib\site-packages\torch\nn\functional.py", line 2889, in batch_norm
    _verify_batch_size(input.size())
  File "C:\Users\prana\OneDrive\Desktop\federated\.venv\Lib\site-packages\torch\nn\functional.py", line 2854, in _verify_batch_size
    raise ValueError(
ValueError: Expected more than 1 value per channel when training, got input size torch.Size([1, 128])

The above exception was the direct cause of the following exception:

[36mray::ClientAppActor.run()[39m (pid=37044, ip=127.0.0.1, actor_id=c5b4a99c5a110a248b607ff901000000, repr=<flwr.simulation.ray_transport.ray_actor.ClientAppActor object at 0x0000022406EA6A50>)
  File "python\\ray\\_raylet.pyx", line 1836, in ray._raylet.execute_task
  File "python\\ray\\_raylet.pyx", line 1947, in ray._raylet.execute_task
  File "python\\ray\\_raylet.pyx", line 1843, in ray._raylet.execute_task
  File "python\\ray\\_raylet.pyx", line 1786, in ray._raylet.execute_task.function_executor
  File "C:\Users\prana\OneDrive\Desktop\federated\.venv\Lib\site-packages\ray\_private\function_manager.py", line 740, in actor_method_executor
    return method(__ray_actor, *args, **kwargs)
           ^^^^^^^^^^^^^^^^^^^^^^^^^^^^^^^^^^^^
  File "C:\Users\prana\OneDrive\Desktop\federated\.venv\Lib\site-packages\ray\util\tracing\tracing_helper.py", line 487, in _resume_span
    return method(self, *_args, **_kwargs)
           ^^^^^^^^^^^^^^^^^^^^^^^^^^^^^^^
  File "C:\Users\prana\OneDrive\Desktop\federated\.venv\Lib\site-packages\flwr\simulation\ray_transport\ray_actor.py", line 64, in run
    raise ClientAppException(str(ex)) from ex
flwr.client.client_app.ClientAppException: 
Exception ClientAppException occurred. Message: Expected more than 1 value per channel when training, got input size torch.Size([1, 128])
[2026-07-20 14:20:28,380][flwr][INFO] - aggregate_fit: received 0 results and 3 failures
[2026-07-20 14:20:28,381][flwr][INFO] - configure_evaluate: strategy sampled 3 clients (out of 3)
[2026-07-20 14:20:28,423][flwr][ERROR] - Traceback (most recent call last):
  File "C:\Users\prana\OneDrive\Desktop\federated\.venv\Lib\site-packages\flwr\simulation\ray_transport\ray_client_proxy.py", line 73, in _submit_job
    out_mssg, updated_context = self.actor_pool.get_client_result(
                                ^^^^^^^^^^^^^^^^^^^^^^^^^^^^^^^^^^
  File "C:\Users\prana\OneDrive\Desktop\federated\.venv\Lib\site-packages\flwr\simulation\ray_transport\ray_actor.py", line 399, in get_client_result
    return self._fetch_future_result(cid)
           ^^^^^^^^^^^^^^^^^^^^^^^^^^^^^^
  File "C:\Users\prana\OneDrive\Desktop\federated\.venv\Lib\site-packages\flwr\simulation\ray_transport\ray_actor.py", line 280, in _fetch_future_result
    res_cid, out_mssg, updated_context = ray.get(
                                         ^^^^^^^^
  File "C:\Users\prana\OneDrive\Desktop\federated\.venv\Lib\site-packages\ray\_private\auto_init_hook.py", line 22, in auto_init_wrapper
    return fn(*args, **kwargs)
           ^^^^^^^^^^^^^^^^^^^
  File "C:\Users\prana\OneDrive\Desktop\federated\.venv\Lib\site-packages\ray\_private\client_mode_hook.py", line 110, in wrapper
    return func(*args, **kwargs)
           ^^^^^^^^^^^^^^^^^^^^^
  File "C:\Users\prana\OneDrive\Desktop\federated\.venv\Lib\site-packages\ray\_private\worker.py", line 2968, in get
    values, debugger_breakpoint = worker.get_objects(
                                  ^^^^^^^^^^^^^^^^^^^
  File "C:\Users\prana\OneDrive\Desktop\federated\.venv\Lib\site-packages\ray\_private\worker.py", line 1050, in get_objects
    raise value.as_instanceof_cause()
ray.exceptions.RayTaskError(ClientAppException): [36mray::ClientAppActor.run()[39m (pid=37044, ip=127.0.0.1, actor_id=c5b4a99c5a110a248b607ff901000000, repr=<flwr.simulation.ray_transport.ray_actor.ClientAppActor object at 0x0000022406EA6A50>)
                  ^^^^^^^^^^^^^^^^^^^^^^^^^^^^^^^^^^^^^
  File "C:\Users\prana\OneDrive\Desktop\federated\.venv\Lib\site-packages\flwr\client\client_app.py", line 98, in __call__
    return self._call(message, context)
           ^^^^^^^^^^^^^^^^^^^^^^^^^^^^
  File "C:\Users\prana\OneDrive\Desktop\federated\.venv\Lib\site-packages\flwr\client\client_app.py", line 81, in ffn
    out_message = handle_legacy_message_from_msgtype(
                  ^^^^^^^^^^^^^^^^^^^^^^^^^^^^^^^^^^^
  File "C:\Users\prana\OneDrive\Desktop\federated\.venv\Lib\site-packages\flwr\client\message_handler\message_handler.py", line 96, in handle_legacy_message_from_msgtype
    client = client_fn(str(message.metadata.partition_id))
             ^^^^^^^^^^^^^^^^^^^^^^^^^^^^^^^^^^^^^^^^^^^^^
  File "C:\Users\prana\OneDrive\Desktop\federated\scripts\federated_simulation.py", line 44, in client_fn
    train_loader = data_module.train_dataloader()
                   ^^^^^^^^^^^^^^^^^^^^^^^^^^^^^^
  File "C:\Users\prana\OneDrive\Desktop\federated\app\datasets\loader.py", line 31, in train_dataloader
    return DataLoader(self.train_dataset, batch_size=self.batch_size, shuffle=True)
           ^^^^^^^^^^^^^^^^^^^^^^^^^^^^^^^^^^^^^^^^^^^^^^^^^^^^^^^^^^^^^^^^^^^^^^^^
  File "C:\Users\prana\OneDrive\Desktop\federated\.venv\Lib\site-packages\torch\utils\data\dataloader.py", line 401, in __init__
    sampler = RandomSampler(dataset, generator=generator)  # type: ignore[arg-type]
              ^^^^^^^^^^^^^^^^^^^^^^^^^^^^^^^^^^^^^^^^^^^
  File "C:\Users\prana\OneDrive\Desktop\federated\.venv\Lib\site-packages\torch\utils\data\sampler.py", line 149, in __init__
    raise ValueError(
ValueError: num_samples should be a positive integer value, but got num_samples=0

The above exception was the direct cause of the following exception:

[36mray::ClientAppActor.run()[39m (pid=37044, ip=127.0.0.1, actor_id=c5b4a99c5a110a248b607ff901000000, repr=<flwr.simulation.ray_transport.ray_actor.ClientAppActor object at 0x0000022406EA6A50>)
  File "python\\ray\\_raylet.pyx", line 1836, in ray._raylet.execute_task
  File "python\\ray\\_raylet.pyx", line 1947, in ray._raylet.execute_task
  File "python\\ray\\_raylet.pyx", line 1843, in ray._raylet.execute_task
  File "python\\ray\\_raylet.pyx", line 1786, in ray._raylet.execute_task.function_executor
  File "C:\Users\prana\OneDrive\Desktop\federated\.venv\Lib\site-packages\ray\_private\function_manager.py", line 740, in actor_method_executor
    return method(__ray_actor, *args, **kwargs)
           ^^^^^^^^^^^^^^^^^^^^^^^^^^^^^^^^^^^^
  File "C:\Users\prana\OneDrive\Desktop\federated\.venv\Lib\site-packages\ray\util\tracing\tracing_helper.py", line 487, in _resume_span
    return method(self, *_args, **_kwargs)
           ^^^^^^^^^^^^^^^^^^^^^^^^^^^^^^^
  File "C:\Users\prana\OneDrive\Desktop\federated\.venv\Lib\site-packages\flwr\simulation\ray_transport\ray_actor.py", line 64, in run
    raise ClientAppException(str(ex)) from ex
flwr.client.client_app.ClientAppException: 
Exception ClientAppException occurred. Message: num_samples should be a positive integer value, but got num_samples=0

[2026-07-20 14:20:28,426][flwr][ERROR] - [36mray::ClientAppActor.run()[39m (pid=37044, ip=127.0.0.1, actor_id=c5b4a99c5a110a248b607ff901000000, repr=<flwr.simulation.ray_transport.ray_actor.ClientAppActor object at 0x0000022406EA6A50>)
                  ^^^^^^^^^^^^^^^^^^^^^^^^^^^^^^^^^^^^^
  File "C:\Users\prana\OneDrive\Desktop\federated\.venv\Lib\site-packages\flwr\client\client_app.py", line 98, in __call__
    return self._call(message, context)
           ^^^^^^^^^^^^^^^^^^^^^^^^^^^^
  File "C:\Users\prana\OneDrive\Desktop\federated\.venv\Lib\site-packages\flwr\client\client_app.py", line 81, in ffn
    out_message = handle_legacy_message_from_msgtype(
                  ^^^^^^^^^^^^^^^^^^^^^^^^^^^^^^^^^^^
  File "C:\Users\prana\OneDrive\Desktop\federated\.venv\Lib\site-packages\flwr\client\message_handler\message_handler.py", line 96, in handle_legacy_message_from_msgtype
    client = client_fn(str(message.metadata.partition_id))
             ^^^^^^^^^^^^^^^^^^^^^^^^^^^^^^^^^^^^^^^^^^^^^
  File "C:\Users\prana\OneDrive\Desktop\federated\scripts\federated_simulation.py", line 44, in client_fn
    train_loader = data_module.train_dataloader()
                   ^^^^^^^^^^^^^^^^^^^^^^^^^^^^^^
  File "C:\Users\prana\OneDrive\Desktop\federated\app\datasets\loader.py", line 31, in train_dataloader
    return DataLoader(self.train_dataset, batch_size=self.batch_size, shuffle=True)
           ^^^^^^^^^^^^^^^^^^^^^^^^^^^^^^^^^^^^^^^^^^^^^^^^^^^^^^^^^^^^^^^^^^^^^^^^
  File "C:\Users\prana\OneDrive\Desktop\federated\.venv\Lib\site-packages\torch\utils\data\dataloader.py", line 401, in __init__
    sampler = RandomSampler(dataset, generator=generator)  # type: ignore[arg-type]
              ^^^^^^^^^^^^^^^^^^^^^^^^^^^^^^^^^^^^^^^^^^^
  File "C:\Users\prana\OneDrive\Desktop\federated\.venv\Lib\site-packages\torch\utils\data\sampler.py", line 149, in __init__
    raise ValueError(
ValueError: num_samples should be a positive integer value, but got num_samples=0

The above exception was the direct cause of the following exception:

[36mray::ClientAppActor.run()[39m (pid=37044, ip=127.0.0.1, actor_id=c5b4a99c5a110a248b607ff901000000, repr=<flwr.simulation.ray_transport.ray_actor.ClientAppActor object at 0x0000022406EA6A50>)
  File "python\\ray\\_raylet.pyx", line 1836, in ray._raylet.execute_task
  File "python\\ray\\_raylet.pyx", line 1947, in ray._raylet.execute_task
  File "python\\ray\\_raylet.pyx", line 1843, in ray._raylet.execute_task
  File "python\\ray\\_raylet.pyx", line 1786, in ray._raylet.execute_task.function_executor
  File "C:\Users\prana\OneDrive\Desktop\federated\.venv\Lib\site-packages\ray\_private\function_manager.py", line 740, in actor_method_executor
    return method(__ray_actor, *args, **kwargs)
           ^^^^^^^^^^^^^^^^^^^^^^^^^^^^^^^^^^^^
  File "C:\Users\prana\OneDrive\Desktop\federated\.venv\Lib\site-packages\ray\util\tracing\tracing_helper.py", line 487, in _resume_span
    return method(self, *_args, **_kwargs)
           ^^^^^^^^^^^^^^^^^^^^^^^^^^^^^^^
  File "C:\Users\prana\OneDrive\Desktop\federated\.venv\Lib\site-packages\flwr\simulation\ray_transport\ray_actor.py", line 64, in run
    raise ClientAppException(str(ex)) from ex
flwr.client.client_app.ClientAppException: 
Exception ClientAppException occurred. Message: num_samples should be a positive integer value, but got num_samples=0
[2026-07-20 14:20:28,486][flwr][INFO] - aggregate_evaluate: received 2 results and 1 failures
[2026-07-20 14:20:28,580][flwr][INFO] - 
[2026-07-20 14:20:28,580][flwr][INFO] - [SUMMARY]
[2026-07-20 14:20:28,580][flwr][INFO] - Run finished 3 round(s) in 15.29s
[2026-07-20 14:20:28,581][flwr][INFO] - 	History (loss, distributed):
[2026-07-20 14:20:28,581][flwr][INFO] - 		round 1: 0.5915197730064392
[2026-07-20 14:20:28,581][flwr][INFO] - 		round 2: 0.5915197730064392
[2026-07-20 14:20:28,581][flwr][INFO] - 		round 3: 0.5915197730064392
[2026-07-20 14:20:28,581][flwr][INFO] - 	History (metrics, distributed, evaluate):
[2026-07-20 14:20:28,581][flwr][INFO] - 	{'accuracy': [(1, 1.0), (2, 1.0), (3, 1.0)]}
[2026-07-20 14:20:28,582][flwr][INFO] - 
